id_aluno,etapa_ensino,evasao,sexo,idade,estudante_nis,informou_nome_mae,informou_nome_pai,possui_deficiencia,raca_cor,tipo_localizacao_endereco_estudante,situacao_consolidada_no_ano,repetente,frequencia_escolar,notas_medias,nivel_socioeconomico,renda_familiar,distancia_da_escola_km,trabalha,trabalho_domestico_excessivo,problemas_de_saude,violencia_domestica,gravidez_na_adolescencia,apoio_familiar,comportamento_em_sala,aceitacao_pelos_pares,necessita_assistencia_social,expectativa_retorno,fator_desencadeador_presente,violencia_na_comunidade,engajamento_com_a_escola,infraestrutura_escolar,disponibilidade_material_didatico,flexibilidade_pedagogica,qualidade_pedagogica_percebida,pontuacao_risco,evasao_confirmada
1,5° EF,False,Masculino,7,False,True,False,False,Preta,Rural,Aprovado,False,82.3,9.4,Baixo,6884.11,0.5,False,True,False,False,False,Baixo,Bom,Média,False,Alta,False,False,Moderado,Regular,Parcial,Alta,Boa,0.11697926949654493,False
2,3° EM,True,Feminino,14,False,False,False,False,Parda,Urbana,Evadido,False,68.1,5.3,Médio,2349.27,1.9,False,False,False,False,False,Alto,Bom,Alta,False,Alta,False,True,Baixo,Regular,Insuficiente,Alta,Boa,0.38943731490621925,False
3,9° EF,False,Masculino,7,False,True,False,False,Não declarada,Urbana,Reprovado,False,97.1,1.3,Médio,1903.12,2.4,False,False,False,False,False,Médio,Bom,Alta,False,Média,False,False,Alto,Boa,Completa,Alta,Regular,0.4437314906219152,False
4,8° EF,False,Masculino,13,True,True,False,False,Branca,Urbana,Evadido,False,81.9,5.8,Alto,8497.65,0.8,False,False,False,False,False,Médio,Ruim,Alta,False,Alta,True,False,Moderado,Ruim,Completa,Média,Ruim,0.29664363277393885,True
5,2° EF,False,Masculino,16,False,True,True,False,Parda,Urbana,Aprovado,False,82.6,7.2,Médio,5673.42,3.1,False,True,False,False,False,Baixo,Regular,Média,True,Baixa,False,False,Moderado,Regular,Completa,Alta,Regular,0.22408687068114513,False
6,2° EF,False,Feminino,17,False,True,False,False,Branca,Urbana,Aprovado,False,93.6,2.0,Médio,4040.4,1.9,False,False,False,False,False,Médio,Ruim,Baixa,True,Alta,False,False,Alto,Ruim,Completa,Alta,Boa,0.4264560710760119,False
7,1° EF,False,Feminino,15,False,True,False,False,Parda,Rural,Reprovado,True,86.9,7.6,Médio,7173.4,2.1,False,False,False,False,False,Alto,Ruim,Alta,True,Alta,False,False,Moderado,Boa,Parcial,Média,Regular,0.3476472523856532,False
8,2° EM,False,Feminino,13,False,True,True,False,Indígena,Urbana,Em andamento,False,93.9,7.8,Muito baixo,3192.1,1.7,False,False,False,False,False,Baixo,Regular,Alta,True,Média,False,False,Alto,Boa,Completa,Média,Regular,0.1386969397828233,False
9,8° EF,False,Feminino,12,True,True,True,False,Amarela,Rural,Aprovado,False,74.0,9.7,Médio,6670.7,2.8,False,False,False,False,False,Alto,Bom,Média,True,Baixa,False,True,Moderado,Ruim,Parcial,Alta,Boa,0.14313919052319848,False
10,9° EF,False,Masculino,10,True,True,True,False,Parda,Rural,Reprovado,False,87.7,5.5,Muito baixo,1456.13,2.8,False,False,False,False,False,Baixo,Bom,Alta,False,Média,False,False,Alto,Ruim,Completa,Alta,Ruim,0.2828232971372162,False
11,1° EF,False,Feminino,6,False,True,True,False,Preta,Rural,Aprovado,False,70.9,5.5,Médio,7834.35,2.3,True,False,True,False,False,Alto,Ruim,Média,False,Alta,False,False,Baixo,Boa,Completa,Baixa,Ruim,0.5302731161566306,False
12,3° EM,False,Outro,12,False,True,False,False,Parda,Urbana,Aprovado,False,73.8,9.5,Médio,4713.92,2.6,False,False,False,False,False,Médio,Regular,Alta,False,Baixa,False,False,Moderado,Boa,Completa,Média,Boa,0.15399802566633763,False
13,1° EM,True,Feminino,11,False,True,True,False,Parda,Urbana,Evadido,False,87.9,6.6,Baixo,2176.34,2.8,False,False,False,False,False,Médio,Regular,Alta,False,Média,False,True,Moderado,Regular,Parcial,Alta,Boa,0.22754195459032578,False
14,3° EF,False,Feminino,16,False,True,True,False,Parda,Rural,Aprovado,False,78.1,5.3,Alto,2903.95,2.5,False,False,False,False,False,Alto,Ruim,Baixa,False,Alta,False,False,Moderado,Regular,Completa,Baixa,Boa,0.34007897334649567,True
15,3° EF,False,Feminino,16,False,True,True,True,Parda,Urbana,Evadido,False,88.7,8.1,Médio,6539.6,1.7,False,False,False,True,False,Médio,Bom,Média,False,Alta,False,False,Moderado,Boa,Completa,Baixa,Regular,0.47861138532411995,False
16,3° EF,False,Masculino,10,False,True,True,False,Preta,Urbana,Aprovado,False,86.0,7.8,Alto,7298.63,2.0,False,False,False,False,False,Médio,Bom,Baixa,False,Média,False,False,Alto,Ruim,Completa,Alta,Boa,0.177690029615005,False
17,4° EF,False,Masculino,12,False,True,True,True,Branca,Urbana,Aprovado,False,84.5,5.0,Muito alto,4913.65,1.7,False,False,False,False,False,Médio,Bom,Alta,False,Média,False,False,Moderado,Boa,Completa,Alta,Regular,0.3232971372161896,False
18,7° EF,False,Masculino,15,False,True,True,False,Parda,Urbana,Em andamento,False,97.0,4.9,Baixo,6066.27,1.5,True,False,False,False,False,Alto,Regular,Baixa,False,Alta,True,False,Moderado,Regular,Completa,Baixa,Boa,0.43106284962158614,False
19,6° EF,False,Masculino,15,True,True,True,False,Parda,Urbana,Aprovado,True,69.1,9.4,Baixo,4778.96,1.3,False,False,False,False,False,Alto,Bom,Média,False,Alta,False,False,Moderado,Boa,Parcial,Alta,Ruim,0.34666008555445876,False
20,4° EF,False,Feminino,14,False,False,False,False,Parda,Rural,Reprovado,False,91.5,8.7,Médio,8270.49,2.5,True,True,False,False,False,Alto,Bom,Alta,False,Alta,False,True,Baixo,Boa,Parcial,Alta,Regular,0.27064823955248446,True
21,8° EF,False,Masculino,7,False,True,False,False,Branca,Urbana,Aprovado,False,98.8,7.9,Alto,5110.31,3.3,False,True,False,False,False,Médio,Bom,Baixa,False,Baixa,False,False,Moderado,Boa,Completa,Média,Ruim,0.10957551826258638,False
22,2° EF,False,Feminino,7,True,True,True,False,Branca,Urbana,Aprovado,False,89.3,6.2,Médio,7853.5,3.2,False,False,False,False,False,Médio,Bom,Média,True,Alta,False,False,Alto,Boa,Completa,Alta,Boa,0.24037512339585396,True
23,4° EF,False,Masculino,11,False,True,True,False,Parda,Urbana,Reprovado,False,98.0,5.9,Médio,7530.82,0.7,False,False,False,False,False,Alto,Regular,Baixa,True,Baixa,False,False,Moderado,Boa,Parcial,Baixa,Ruim,0.21224086870681144,False
24,5° EF,False,Feminino,8,False,True,False,False,Parda,Urbana,Reprovado,False,72.9,6.1,Médio,4413.5,3.3,True,False,False,False,False,Médio,Regular,Baixa,False,Alta,False,False,Alto,Boa,Completa,Baixa,Boa,0.4907864429088517,False
25,6° EF,False,Feminino,17,False,False,False,False,Parda,Urbana,Evadido,False,86.2,7.6,Alto,2974.51,1.7,True,False,False,False,False,Alto,Regular,Média,False,Alta,False,False,Moderado,Regular,Parcial,Média,Regular,0.3511023362948339,True
26,1° EM,False,Feminino,9,False,True,True,False,Parda,Urbana,Aprovado,False,82.2,9.1,Médio,4378.23,2.6,True,False,False,False,False,Médio,Regular,Alta,False,Alta,False,False,Moderado,Ruim,Parcial,Média,Regular,0.29680816057913795,True
27,3° EF,False,Feminino,17,False,True,False,False,Parda,Urbana,Reprovado,False,92.9,8.7,Alto,7729.14,1.1,False,False,False,False,False,Alto,Bom,Baixa,False,Alta,False,False,Alto,Regular,Completa,Baixa,Ruim,0.09921026653504443,False
28,7° EF,False,Outro,10,True,True,True,False,Não declarada,Urbana,Aprovado,False,99.4,7.0,Baixo,2954.95,2.1,True,False,False,False,False,Alto,Ruim,Média,False,Média,False,False,Alto,Boa,Insuficiente,Média,Ruim,0.31556433037183285,False
29,8° EF,False,Feminino,8,True,True,False,False,Parda,Urbana,Aprovado,False,82.1,7.1,Baixo,5322.2,2.3,False,False,True,False,False,Alto,Bom,Alta,False,Alta,False,False,Moderado,Regular,Completa,Baixa,Ruim,0.23149062191510372,True
30,1° EF,False,Masculino,14,True,True,True,True,Parda,Urbana,Aprovado,False,91.3,10.0,Médio,7568.67,0.5,True,False,False,False,False,Médio,Ruim,Média,False,Alta,False,False,Moderado,Boa,Completa,Baixa,Regular,0.20746956235603822,False
31,8° EF,False,Masculino,16,True,True,True,False,Preta,Urbana,Aprovado,False,80.3,5.4,Médio,3958.67,2.6,False,False,False,False,False,Médio,Bom,Baixa,True,Média,True,False,Moderado,Ruim,Completa,Média,Ruim,0.32428430404738406,False
32,3° EF,False,Masculino,12,False,True,False,False,Amarela,Urbana,Reprovado,False,89.4,7.8,Médio,6261.54,3.3,False,False,True,False,False,Médio,Bom,Média,False,Alta,False,False,Baixo,Boa,Completa,Baixa,Ruim,0.16090819348469892,True
33,1° EF,False,Feminino,7,False,False,True,False,Parda,Urbana,Reprovado,True,87.2,7.3,Médio,3098.51,1.8,False,False,False,False,False,Alto,Bom,Alta,False,Alta,False,False,Alto,Ruim,Completa,Alta,Boa,0.3609740046067786,False
34,3° EM,False,Feminino,6,False,True,True,False,Parda,Urbana,Reprovado,False,99.1,4.9,Alto,2010.99,3.4,False,False,False,False,False,Baixo,Ruim,Média,True,Média,False,False,Baixo,Boa,Parcial,Alta,Boa,0.2561697926949655,False
35,3° EM,False,Feminino,13,False,True,True,False,Parda,Urbana,Reprovado,False,90.3,9.5,Baixo,7475.25,1.8,False,False,True,False,False,Médio,Bom,Alta,True,Média,False,False,Alto,Regular,Completa,Alta,Regular,0.0725567620927937,False
36,1° EM,False,Masculino,14,False,True,True,False,Parda,Urbana,Aprovado,False,84.6,6.4,Médio,1928.75,2.8,True,False,False,False,False,Alto,Bom,Alta,False,Alta,False,False,Moderado,Boa,Completa,Baixa,Ruim,0.41822968081605794,False
37,4° EF,False,Feminino,9,False,True,True,False,Parda,Rural,Aprovado,False,77.0,8.8,Médio,3303.88,0.2,False,False,False,False,False,Baixo,Regular,Média,False,Alta,False,False,Alto,Boa,Parcial,Média,Boa,0.1727541954590326,False
38,2° EF,False,Masculino,10,False,True,False,False,Parda,Urbana,Em andamento,False,78.6,8.7,Médio,7959.58,4.4,False,False,False,False,False,Alto,Bom,Alta,False,Alta,False,False,Alto,Ruim,Completa,Baixa,Boa,0.16979269496544921,False
39,9° EF,False,Masculino,7,True,True,False,False,Branca,Urbana,Aprovado,False,81.2,5.6,Médio,3902.77,3.5,False,False,False,False,False,Alto,Ruim,Alta,False,Alta,False,False,Baixo,Ruim,Completa,Alta,Regular,0.30997038499506424,True
40,6° EF,False,Feminino,13,False,True,True,False,Branca,Urbana,Aprovado,False,82.0,7.7,Médio,8900.22,1.7,False,False,True,False,True,Alto,Regular,Média,True,Alta,False,False,Moderado,Boa,Parcial,Alta,Regular,0.20236920039486678,False
41,2° EF,False,Feminino,8,True,True,True,False,Preta,Rural,Aprovado,False,95.7,7.7,Médio,8953.57,0.0,False,False,False,False,False,Alto,Bom,Alta,False,Média,False,False,Baixo,Boa,Completa,Média,Ruim,0.1347482724580454,False
42,6° EF,False,Feminino,17,False,True,True,False,Parda,Rural,Aprovado,False,89.3,9.2,Médio,3279.12,2.3,False,True,False,False,False,Alto,Bom,Baixa,False,Média,False,False,Moderado,Ruim,Completa,Média,Ruim,0.09230009871668318,False
43,1° EF,False,Masculino,10,False,True,True,False,Parda,Urbana,Aprovado,False,88.5,5.1,Baixo,1466.23,0.6,False,False,False,False,False,Alto,Ruim,Média,False,Alta,False,False,Alto,Ruim,Completa,Alta,Regular,0.2986179664363278,False
44,2° EM,False,Feminino,10,False,True,True,False,Parda,Urbana,Em andamento,False,77.0,3.0,Muito baixo,6762.84,2.4,False,False,True,False,False,Baixo,Bom,Alta,False,Média,False,False,Moderado,Boa,Completa,Alta,Boa,0.45903257650542956,False
45,4° EF,False,Feminino,9,False,True,True,False,Parda,Urbana,Aprovado,False,95.9,7.1,Baixo,4736.38,2.4,False,True,False,False,False,Médio,Bom,Média,False,Baixa,False,False,Moderado,Regular,Parcial,Média,Boa,0.1633761105626851,False
46,8° EF,False,Feminino,14,False,True,True,False,Amarela,Rural,Evadido,False,92.7,8.0,Médio,1942.98,1.1,False,False,False,False,False,Alto,Bom,Alta,False,Média,False,True,Moderado,Boa,Parcial,Alta,Boa,0.1347482724580454,False
47,4° EF,False,Masculino,15,False,True,False,False,Amarela,Urbana,Aprovado,False,74.2,6.9,Baixo,6782.46,3.1,False,False,False,False,False,Alto,Bom,Alta,False,Alta,False,False,Alto,Boa,Completa,Baixa,Ruim,0.28035538005923,True
48,7° EF,False,Feminino,10,False,True,False,False,Parda,Urbana,Aprovado,False,92.4,5.9,Muito alto,1388.04,2.8,False,False,False,False,False,Alto,Regular,Alta,False,Alta,False,False,Alto,Boa,Parcial,Alta,Boa,0.23988153998025663,True
49,7° EF,False,Masculino,15,False,True,False,False,Branca,Rural,Aprovado,False,88.9,0.4,Baixo,8079.91,3.0,True,False,False,False,False,Alto,Bom,Baixa,False,Alta,False,False,Moderado,Regular,Completa,Alta,Regular,0.6931556433037185,False
50,3° EF,False,Feminino,11,False,True,True,False,Branca,Urbana,Aprovado,False,75.1,5.1,Baixo,2245.26,2.0,True,True,True,False,False,Baixo,Regular,Alta,True,Alta,False,True,Alto,Regular,Parcial,Baixa,Regular,0.5292859493254362,True
51,3° EM,False,Masculino,10,False,True,False,False,Parda,Urbana,Aprovado,False,87.1,8.3,Médio,2154.81,0.6,False,False,False,False,False,Alto,Bom,Média,False,Alta,False,True,Baixo,Boa,Completa,Alta,Boa,0.14758144126357356,False
52,1° EM,False,Feminino,12,False,True,True,False,Preta,Urbana,Aprovado,False,87.7,5.3,Muito baixo,2540.53,3.0,False,False,False,False,False,Alto,Bom,Alta,True,Alta,False,False,Alto,Regular,Completa,Média,Boa,0.29269496544916096,False
53,3° EM,False,Outro,8,True,True,False,False,Branca,Urbana,Aprovado,False,79.2,6.3,Alto,8798.29,1.7,False,False,False,False,False,Alto,Regular,Alta,True,Alta,True,True,Baixo,Regular,Insuficiente,Alta,Boa,0.2852912142152024,True
54,2° EM,False,Masculino,9,False,True,False,False,Parda,Rural,Aprovado,False,98.3,7.2,Baixo,6667.98,0.6,False,False,False,False,False,Baixo,Ruim,Alta,False,Baixa,False,True,Moderado,Regular,Parcial,Média,Boa,0.1465942744323791,False
55,8° EF,False,Outro,9,True,True,True,False,Branca,Urbana,Aprovado,False,95.7,8.7,Baixo,7530.98,3.4,False,False,False,False,False,Baixo,Regular,Alta,True,Alta,False,False,Moderado,Regular,Completa,Média,Boa,0.08538993089832184,False
56,2° EM,False,Masculino,14,False,True,True,False,Branca,Urbana,Evadido,False,91.6,8.5,Baixo,4310.86,4.1,False,False,False,False,False,Alto,Bom,Média,False,Alta,False,False,Baixo,Boa,Completa,Média,Boa,0.11549851924975325,False
57,2° EF,False,Masculino,15,True,True,True,False,Amarela,Urbana,Aprovado,False,87.2,0.4,Médio,3821.76,2.0,False,False,False,True,False,Baixo,Ruim,Alta,True,Média,False,False,Baixo,Boa,Completa,Alta,Boa,0.8660743665679501,True
58,3° EF,False,Feminino,17,True,False,True,False,Branca,Urbana,Evadido,False,86.1,8.0,Baixo,3009.6,4.2,False,False,False,False,False,Alto,Bom,Baixa,False,Alta,False,False,Alto,Boa,Completa,Média,Ruim,0.16732477788746303,False
59,1° EF,False,Masculino,13,True,False,True,False,Branca,Urbana,Aprovado,False,91.2,8.2,Muito baixo,4972.95,2.1,False,False,False,False,False,Alto,Regular,Alta,False,Alta,False,True,Baixo,Ruim,Completa,Alta,Boa,0.13228035538005928,False
60,4° EF,False,Feminino,15,True,True,True,False,Parda,Urbana,Aprovado,False,89.0,3.6,Médio,5540.68,1.6,False,False,False,False,False,Baixo,Bom,Média,False,Média,False,False,Moderado,Ruim,Completa,Alta,Regular,0.37018756169792705,False
61,5° EF,False,Feminino,11,True,True,True,False,Branca,Urbana,Aprovado,False,73.8,6.1,Muito alto,6178.31,1.4,False,False,False,False,False,Médio,Ruim,Baixa,False,Baixa,False,False,Moderado,Boa,Insuficiente,Baixa,Boa,0.32181638696939785,False
62,4° EF,False,Feminino,14,False,True,True,False,Indígena,Rural,Reprovado,False,88.3,9.7,Baixo,3190.13,3.6,False,True,False,False,False,Alto,Bom,Baixa,True,Baixa,False,False,Alto,Boa,Parcial,Média,Boa,0.07255676209279374,False
63,1° EM,False,Masculino,7,False,True,True,False,Preta,Urbana,Aprovado,False,94.6,9.0,Médio,8705.68,1.2,False,False,False,False,False,Alto,Regular,Baixa,True,Alta,True,False,Alto,Boa,Parcial,Alta,Boa,0.07601184600197437,False
64,5° EF,False,Feminino,8,True,True,True,False,Preta,Urbana,Evadido,False,87.1,9.8,Baixo,2493.36,2.7,True,False,False,False,False,Alto,Regular,Média,False,Média,False,True,Alto,Regular,Completa,Baixa,Regular,0.23807173412306684,True
65,4° EF,False,Masculino,10,False,True,True,False,Preta,Rural,Aprovado,True,72.9,5.0,Alto,8841.26,1.4,True,False,False,False,False,Alto,Ruim,Baixa,False,Baixa,False,False,Moderado,Regular,Parcial,Alta,Ruim,0.7096084238236263,True
66,7° EF,False,Masculino,9,False,True,True,False,Indígena,Rural,Aprovado,False,94.2,5.4,Médio,1257.89,1.5,False,False,False,False,False,Alto,Bom,Alta,False,Alta,False,False,Moderado,Boa,Completa,Alta,Boa,0.25567620927936824,False
67,2° EF,False,Feminino,12,True,True,True,False,Parda,Rural,Aprovado,False,80.4,8.9,Muito baixo,4976.76,3.0,False,False,False,False,True,Alto,Bom,Alta,False,Média,False,False,Moderado,Boa,Insuficiente,Média,Boa,0.15103652517275418,False
68,1° EM,True,Feminino,17,True,True,True,False,Preta,Rural,Evadido,False,68.5,5.0,Muito baixo,1139.52,2.6,True,False,False,False,False,Baixo,Regular,Média,True,Baixa,False,True,Alto,Boa,Insuficiente,Média,Regular,0.5667982889108261,False
69,1° EF,False,Masculino,14,False,True,True,False,Parda,Urbana,Aprovado,False,79.1,8.0,Médio,4721.52,1.6,False,False,True,False,True,Alto,Bom,Alta,True,Alta,False,False,Alto,Regular,Completa,Alta,Regular,0.20187561697926953,True
70,3° EM,False,Outro,7,False,True,False,False,Parda,Urbana,Evadido,False,84.1,8.7,Alto,5690.91,3.1,False,False,True,False,False,Baixo,Regular,Baixa,False,Alta,False,False,Alto,Boa,Completa,Média,Boa,0.14264560710760124,True
71,1° EM,False,Masculino,19,True,True,True,False,Preta,Urbana,Aprovado,False,93.5,5.3,Médio,4613.57,3.6,False,True,False,True,False,Médio,Bom,Baixa,False,Média,False,False,Moderado,Boa,Parcial,Média,Boa,0.5931227377426787,True
72,3° EF,False,Feminino,6,True,True,False,False,Parda,Urbana,Aprovado,False,88.4,4.2,Médio,4448.14,2.6,False,False,False,False,False,Alto,Regular,Média,True,Alta,False,False,Moderado,Regular,Parcial,Média,Boa,0.3435340572556762,False
73,1° EF,False,Feminino,6,True,True,True,False,Indígena,Urbana,Aprovado,True,80.6,8.9,Muito baixo,6983.46,1.3,False,False,False,False,False,Alto,Bom,Média,False,Baixa,False,False,Baixo,Boa,Completa,Alta,Ruim,0.3145771635406384,False
74,1° EM,False,Masculino,7,True,False,False,False,Parda,Rural,Reprovado,False,96.4,2.0,Alto,6609.81,1.5,False,False,False,False,False,Alto,Regular,Média,True,Baixa,False,False,Baixo,Regular,Completa,Média,Boa,0.4126357354392893,False
75,9° EF,False,Masculino,18,False,True,False,False,Parda,Urbana,Reprovado,False,96.4,9.3,Baixo,7785.41,2.1,False,False,False,False,False,Alto,Regular,Alta,False,Média,False,True,Moderado,Boa,Completa,Baixa,Boa,0.052319842053306954,False
76,9° EF,False,Feminino,10,False,True,False,False,Branca,Urbana,Aprovado,False,96.2,0.0,Muito alto,3133.02,2.3,False,False,False,False,False,Alto,Ruim,Média,False,Média,False,False,Moderado,Regular,Completa,Alta,Boa,0.512339585389931,True
77,1° EM,False,Masculino,6,False,True,True,False,Parda,Urbana,Aprovado,False,81.6,8.1,Alto,6000.88,1.0,False,False,False,False,False,Médio,Regular,Baixa,False,Média,True,False,Moderado,Regular,Completa,Alta,Boa,0.1846001974333663,False
78,1° EF,False,Masculino,8,False,True,True,False,Branca,Urbana,Aprovado,False,86.9,5.0,Médio,5806.8,2.7,False,False,True,False,False,Alto,Bom,Alta,True,Média,False,False,Moderado,Ruim,Insuficiente,Média,Boa,0.31145113524185586,True
79,5° EF,False,Masculino,6,True,True,True,False,Não declarada,Rural,Evadido,False,99.5,6.7,Baixo,4088.35,2.1,False,False,False,False,False,Médio,Regular,Média,True,Média,False,True,Moderado,Boa,Insuficiente,Baixa,Boa,0.16535044422507406,False
80,2° EF,False,Feminino,6,False,True,True,False,Branca,Rural,Reprovado,False,93.8,8.7,Médio,5016.1,0.3,False,False,False,False,False,Alto,Ruim,Média,False,Baixa,False,False,Moderado,Boa,Completa,Baixa,Regular,0.09476801579466936,False
81,2° EM,False,Feminino,10,True,True,True,False,Parda,Urbana,Aprovado,False,70.0,5.2,Baixo,3642.06,1.1,True,False,False,False,False,Médio,Regular,Média,False,Média,False,False,Moderado,Boa,Parcial,Média,Ruim,0.5495228693649227,False
82,8° EF,False,Masculino,19,False,True,True,False,Branca,Urbana,Aprovado,False,74.0,5.8,Muito alto,2270.72,1.5,False,True,False,False,False,Médio,Regular,Alta,False,Média,False,False,Alto,Regular,Completa,Média,Boa,0.33563672260612054,False
83,4° EF,False,Masculino,13,True,True,True,False,Branca,Urbana,Aprovado,False,87.2,8.2,Médio,2844.64,1.9,False,False,False,True,False,Alto,Ruim,Baixa,False,Baixa,False,False,Moderado,Ruim,Parcial,Média,Regular,0.481079302402106,False
84,1° EF,False,Masculino,12,False,True,False,False,Branca,Rural,Evadido,False,97.2,5.2,Baixo,1980.96,3.9,False,False,False,False,False,Médio,Regular,Alta,False,Alta,False,False,Alto,Boa,Parcial,Média,Regular,0.25074037512339586,True
85,4° EF,False,Masculino,14,False,True,False,False,Não declarada,Rural,Reprovado,False,88.8,5.2,Alto,6587.43,2.2,False,False,False,False,False,Alto,Regular,Alta,False,Alta,False,False,Moderado,Boa,Insuficiente,Média,Regular,0.2922013820335637,True
86,4° EF,False,Feminino,13,False,True,True,False,Parda,Urbana,Reprovado,False,88.0,4.9,Muito alto,6409.23,1.2,False,False,False,False,False,Médio,Bom,Baixa,True,Alta,False,False,Alto,Regular,Completa,Alta,Ruim,0.31095755182625867,False
87,9° EF,False,Feminino,18,False,True,True,False,Branca,Rural,Reprovado,False,76.5,6.1,Alto,8721.25,2.2,False,True,True,False,False,Médio,Bom,Baixa,False,Alta,False,False,Moderado,Boa,Completa,Média,Ruim,0.3084896347482725,False
88,8° EF,False,Feminino,16,True,True,True,False,Parda,Rural,Evadido,False,91.3,10.0,Médio,6959.17,1.6,False,False,False,False,False,Alto,Bom,Média,False,Alta,False,False,Baixo,Boa,Insuficiente,Alta,Boa,0.04294175715695954,False
89,2° EM,False,Feminino,13,False,True,True,False,Branca,Rural,Aprovado,False,95.0,9.4,Alto,1554.51,2.3,True,False,False,False,False,Médio,Bom,Alta,False,Alta,False,True,Moderado,Boa,Completa,Alta,Regular,0.21882198091477464,False
90,6° EF,False,Masculino,10,False,True,False,False,Parda,Rural,Aprovado,False,85.3,5.6,Muito alto,8191.96,2.6,False,False,False,False,False,Alto,Regular,Média,True,Alta,False,True,Moderado,Regular,Completa,Média,Boa,0.28973346495557756,False
91,2° EF,False,Feminino,8,True,True,True,False,Branca,Rural,Aprovado,False,93.9,6.3,Alto,8019.92,3.2,True,False,False,False,False,Alto,Regular,Alta,False,Alta,False,False,Alto,Boa,Parcial,Média,Boa,0.3772622573214874,False
92,9° EF,False,Outro,13,False,True,False,False,Parda,Urbana,Aprovado,False,98.8,7.9,Muito baixo,4675.23,2.0,False,False,False,False,False,Alto,Bom,Alta,False,Alta,True,True,Alto,Regular,Completa,Média,Ruim,0.10957551826258638,False
93,1° EM,False,Feminino,16,True,True,True,True,Amarela,Urbana,Reprovado,False,80.5,3.2,Baixo,5812.13,3.6,False,False,True,False,False,Alto,Bom,Alta,True,Baixa,False,False,Moderado,Boa,Insuficiente,Baixa,Regular,0.4318854886475814,True
94,7° EF,False,Feminino,9,False,True,True,False,Branca,Urbana,Aprovado,False,88.5,2.9,Baixo,8924.41,2.9,False,True,True,False,False,Alto,Ruim,Baixa,False,Alta,False,False,Alto,Boa,Completa,Alta,Boa,0.4072063178677197,False
95,1° EM,False,Masculino,6,True,True,False,False,Branca,Urbana,Evadido,False,83.0,9.1,Baixo,5384.95,1.3,False,False,False,False,False,Alto,Bom,Alta,False,Média,False,True,Moderado,Boa,Completa,Baixa,Regular,0.1283316880552814,False
96,6° EF,False,Feminino,13,True,True,True,False,Parda,Rural,Aprovado,False,94.3,9.6,Baixo,8360.07,4.2,False,True,False,False,False,Baixo,Regular,Baixa,False,Baixa,False,False,Alto,Ruim,Parcial,Média,Regular,0.04787759131293192,False
97,7° EF,False,Masculino,11,True,True,False,False,Branca,Urbana,Reprovado,False,89.6,6.5,Médio,1801.7,2.3,False,True,False,False,False,Médio,Regular,Média,False,Alta,False,False,Alto,Regular,Completa,Média,Regular,0.2240868706811452,False
98,6° EF,False,Feminino,8,True,True,True,False,Parda,Urbana,Reprovado,False,90.9,7.6,Médio,2663.19,1.2,False,False,True,False,False,Médio,Ruim,Alta,True,Alta,False,False,Alto,Regular,Parcial,Média,Ruim,0.1633761105626851,False
99,1° EF,False,Feminino,7,False,True,True,False,Parda,Rural,Evadido,False,94.4,1.4,Alto,4654.77,3.7,True,True,False,False,False,Médio,Bom,Média,False,Baixa,False,False,Alto,Regular,Completa,Média,Ruim,0.6166502138861469,True
100,2° EF,False,Feminino,6,False,True,True,False,Preta,Urbana,Aprovado,False,85.7,6.2,Baixo,5803.3,4.1,True,False,False,False,False,Alto,Regular,Média,False,Alta,False,False,Alto,Boa,Completa,Alta,Boa,0.4226719315564331,True
101,1° EF,False,Feminino,8,False,True,True,False,Amarela,Urbana,Evadido,False,97.4,7.6,Alto,7649.47,2.0,False,False,False,True,False,Alto,Ruim,Média,True,Alta,False,True,Alto,Ruim,Completa,Média,Boa,0.46034879894702213,False
102,8° EF,False,Feminino,6,True,True,True,False,Branca,Urbana,Aprovado,False,88.7,4.8,Baixo,9021.58,1.5,False,True,False,False,False,Alto,Bom,Baixa,False,Alta,False,False,Baixo,Boa,Completa,Média,Regular,0.3124383020730504,False
103,4° EF,False,Masculino,7,True,True,True,False,Branca,Urbana,Reprovado,False,78.9,2.4,Médio,4240.8,1.8,False,False,False,False,False,Alto,Bom,Alta,False,Alta,False,False,Moderado,Boa,Completa,Baixa,Regular,0.4792694965449161,True
104,7° EF,False,Masculino,19,False,True,True,True,Branca,Urbana,Aprovado,False,92.2,8.6,Baixo,1517.58,2.7,False,False,False,False,False,Médio,Bom,Alta,False,Média,True,False,Moderado,Regular,Parcial,Média,Regular,0.10760118460019745,False
105,2° EM,False,Feminino,15,False,True,True,False,Amarela,Urbana,Evadido,False,94.3,0.3,Alto,7529.38,3.3,False,False,False,False,False,Médio,Bom,Alta,False,Média,True,True,Alto,Ruim,Completa,Alta,Ruim,0.5069101678183614,True
106,3° EF,False,Feminino,9,False,True,False,True,Branca,Rural,Aprovado,False,83.8,2.9,Médio,5959.82,2.6,False,False,False,False,False,Médio,Regular,Alta,False,Baixa,False,False,Alto,Ruim,Completa,Baixa,Boa,0.4304047384007898,False
107,5° EF,False,Feminino,10,False,True,True,False,Parda,Urbana,Aprovado,False,95.9,5.5,Médio,2722.94,2.1,False,False,False,False,False,Alto,Bom,Baixa,False,Média,False,True,Moderado,Ruim,Insuficiente,Média,Ruim,0.24234945705824287,False
108,9° EF,False,Feminino,12,False,True,True,False,Parda,Urbana,Aprovado,False,97.1,9.5,Baixo,5086.05,3.5,False,True,False,False,False,Médio,Ruim,Baixa,False,Alta,True,False,Moderado,Boa,Completa,Baixa,Regular,0.03899308983218167,False
109,3° EF,False,Masculino,12,False,True,True,False,Branca,Urbana,Aprovado,False,82.7,2.5,Médio,7059.92,1.7,True,False,False,False,False,Alto,Regular,Alta,False,Alta,False,True,Alto,Boa,Parcial,Alta,Ruim,0.6201052977953275,False
110,1° EF,False,Feminino,15,True,True,True,False,Não declarada,Urbana,Aprovado,False,99.4,7.8,Muito alto,7284.05,3.0,False,False,True,False,False,Médio,Regular,Média,True,Média,False,True,Moderado,Regular,Parcial,Média,Boa,0.11154985192497531,True
111,4° EF,False,Masculino,6,False,True,False,False,Parda,Urbana,Reprovado,False,78.2,6.2,Médio,5124.26,1.7,True,False,False,False,False,Médio,Regular,Média,True,Alta,False,False,Moderado,Boa,Completa,Baixa,Boa,0.4596906877262258,False
112,2° EF,False,Feminino,6,False,True,True,False,Parda,Rural,Aprovado,False,80.5,9.4,Baixo,3573.73,2.4,False,False,False,False,False,Médio,Ruim,Média,False,Alta,False,False,Alto,Boa,Completa,Média,Boa,0.12586377097729515,False
113,3° EM,False,Masculino,9,True,True,True,False,Branca,Rural,Evadido,False,79.8,9.2,Muito baixo,8905.78,1.9,True,False,False,False,False,Médio,Bom,Baixa,False,Baixa,False,False,Alto,Boa,Insuficiente,Média,Boa,0.3037183283974993,True
114,1° EM,False,Feminino,16,True,True,True,False,Branca,Urbana,Evadido,False,96.8,6.3,Médio,6430.25,1.9,False,False,False,True,False,Médio,Ruim,Média,False,Alta,False,False,Moderado,Regular,Parcial,Média,Regular,0.5274761434682462,False
115,8° EF,False,Masculino,18,True,True,True,False,Parda,Urbana,Aprovado,True,91.3,5.4,Muito baixo,4395.42,1.6,False,False,False,False,False,Médio,Regular,Alta,False,Baixa,False,True,Alto,Regular,Insuficiente,Média,Ruim,0.4345179335307668,False
116,2° EM,False,Feminino,9,False,True,True,False,Parda,Urbana,Aprovado,False,78.6,8.7,Médio,3376.32,3.3,False,False,False,False,False,Alto,Bom,Média,False,Alta,False,False,Alto,Regular,Parcial,Média,Regular,0.16979269496544921,False
117,1° EM,False,Feminino,19,True,True,True,False,Amarela,Urbana,Aprovado,False,86.7,6.8,Alto,6970.53,1.3,True,False,False,False,False,Alto,Regular,Baixa,False,Alta,False,False,Alto,Boa,Parcial,Alta,Boa,0.38812109246462656,False
118,3° EF,False,Feminino,9,True,True,True,False,Indígena,Urbana,Aprovado,False,90.4,1.6,Médio,3071.01,1.3,False,False,False,False,False,Alto,Regular,Alta,False,Baixa,False,False,Moderado,Regular,Completa,Média,Ruim,0.4619940769990129,True
119,2° EM,False,Feminino,13,True,True,True,False,Branca,Urbana,Evadido,False,75.3,3.8,Médio,2508.92,4.1,True,False,False,False,False,Médio,Regular,Média,True,Média,False,False,Alto,Boa,Completa,Média,Boa,0.5924646265218823,False
120,7° EF,False,Feminino,8,False,True,True,False,Parda,Urbana,Aprovado,False,96.5,8.0,Muito alto,5365.25,3.0,False,False,False,False,False,Baixo,Ruim,Alta,False,Alta,False,False,Moderado,Ruim,Completa,Média,Boa,0.11599210266535045,False
121,1° EM,False,Masculino,18,False,True,True,False,Branca,Rural,Aprovado,False,94.6,8.2,Baixo,3452.28,0.4,True,False,False,False,False,Alto,Regular,Alta,False,Baixa,False,True,Alto,Ruim,Completa,Baixa,Boa,0.28002632444883196,False
122,2° EM,False,Feminino,12,False,True,True,False,Parda,Urbana,Aprovado,False,88.1,8.4,Baixo,6155.42,1.4,False,False,False,False,False,Baixo,Bom,Alta,True,Alta,False,False,Moderado,Boa,Insuficiente,Alta,Boa,0.13770977295162887,True
123,4° EF,False,Masculino,8,True,True,False,False,Parda,Urbana,Aprovado,False,98.9,6.9,Muito baixo,2080.06,0.2,False,False,False,False,False,Médio,Bom,Alta,False,Alta,False,False,Moderado,Regular,Completa,Média,Regular,0.1584402764067127,True
124,2° EF,False,Feminino,10,False,True,False,False,Parda,Urbana,Evadido,False,86.2,5.2,Alto,6363.08,1.0,False,False,False,False,False,Médio,Bom,Alta,False,Alta,False,False,Alto,Regular,Completa,Alta,Regular,0.3050345508390918,True
125,3° EF,True,Masculino,8,True,True,False,False,Branca,Urbana,Evadido,False,95.1,6.9,Médio,968.36,0.1,True,False,False,False,True,Alto,Bom,Alta,False,Alta,False,False,Moderado,Ruim,Insuficiente,Alta,Ruim,0.3417242513984864,False
126,6° EF,False,Outro,6,True,True,False,False,Parda,Urbana,Aprovado,False,91.6,5.1,Muito baixo,1141.34,1.9,False,True,False,False,False,Alto,Bom,Alta,False,Alta,False,False,Moderado,Boa,Insuficiente,Baixa,Boa,0.28331688055281357,True
127,1° EM,True,Masculino,12,False,True,True,False,Preta,Rural,Evadido,False,78.3,2.5,Baixo,433.89,1.9,False,True,False,False,False,Baixo,Regular,Alta,False,Baixa,True,True,Moderado,Ruim,Completa,Baixa,Ruim,0.47729516288252716,True
128,2° EM,False,Feminino,18,False,True,False,False,Branca,Urbana,Aprovado,False,79.2,3.3,Médio,8585.73,2.1,True,False,False,False,False,Alto,Bom,Baixa,True,Alta,False,False,Alto,Boa,Parcial,Média,Boa,0.5978940440934518,False
129,1° EF,False,Feminino,16,False,True,True,False,Parda,Urbana,Aprovado,False,96.5,8.4,Médio,8057.25,0.4,False,False,False,False,False,Médio,Bom,Alta,False,Baixa,False,True,Alto,Boa,Completa,Média,Ruim,0.09624876604146101,False
130,7° EF,False,Feminino,19,False,True,False,False,Preta,Urbana,Reprovado,False,86.4,5.8,Médio,3002.62,2.1,False,False,False,False,False,Alto,Bom,Alta,False,Baixa,False,False,Baixo,Boa,Parcial,Média,Boa,0.2744323790720632,False
131,5° EF,False,Feminino,17,False,True,True,False,Preta,Rural,Aprovado,False,79.0,4.4,Médio,7347.54,1.6,False,False,False,False,False,Alto,Bom,Baixa,False,Média,False,False,Moderado,Boa,Completa,Média,Boa,0.3800592300098717,False
132,3° EF,False,Masculino,16,True,True,True,False,Branca,Urbana,Aprovado,False,67.0,5.8,Muito baixo,5993.25,3.5,True,False,False,False,False,Médio,Regular,Baixa,True,Baixa,False,False,Baixo,Regular,Parcial,Alta,Regular,0.5347153668970057,True
133,2° EF,False,Masculino,12,False,True,False,False,Amarela,Rural,Aprovado,False,89.3,8.3,Médio,8883.14,3.4,False,False,True,False,False,Baixo,Bom,Alta,False,Baixa,False,False,Moderado,Boa,Completa,Média,Ruim,0.13672260612043435,False
134,5° EF,False,Masculino,14,True,True,False,False,Parda,Urbana,Reprovado,False,88.6,7.2,Baixo,4119.2,2.8,False,False,False,False,False,Alto,Ruim,Alta,False,Baixa,False,False,Moderado,Regular,Completa,Baixa,Regular,0.194471865745311,False
135,3° EM,False,Masculino,19,True,True,True,False,Amarela,Urbana,Aprovado,False,92.7,9.8,Baixo,6574.59,1.7,False,False,False,False,False,Alto,Bom,Alta,False,Alta,False,False,Alto,Boa,Parcial,Baixa,Boa,0.04590325765054289,False
136,4° EF,False,Feminino,12,False,True,True,False,Parda,Urbana,Aprovado,False,96.7,9.9,Baixo,1646.15,4.0,True,False,False,False,False,Alto,Bom,Alta,True,Baixa,False,False,Moderado,Boa,Completa,Alta,Regular,0.1857518920697598,False
137,7° EF,False,Feminino,15,False,True,True,False,Indígena,Urbana,Aprovado,False,75.0,2.4,Médio,4299.79,0.4,False,False,False,False,False,Alto,Bom,Média,False,Média,False,False,Moderado,Boa,Completa,Alta,Boa,0.4985192497532084,False
138,9° EF,False,Masculino,15,False,True,False,False,Parda,Urbana,Reprovado,False,92.9,8.7,Baixo,8826.62,0.6,False,False,False,False,False,Médio,Bom,Média,True,Alta,False,False,Alto,Boa,Completa,Alta,Regular,0.09921026653504443,False
139,5° EF,False,Masculino,19,True,False,True,False,Não declarada,Urbana,Evadido,False,80.0,5.7,Baixo,5438.2,1.9,False,False,False,False,False,Alto,Bom,Alta,False,Média,False,False,Moderado,Boa,Completa,Alta,Regular,0.31095755182625867,False
140,3° EM,False,Masculino,11,False,True,False,False,Branca,Urbana,Aprovado,False,95.9,2.0,Baixo,3435.47,4.3,False,False,False,False,False,Alto,Regular,Alta,True,Alta,False,True,Moderado,Boa,Completa,Média,Regular,0.41510365251727543,True
141,3° EM,False,Masculino,11,False,True,False,False,Branca,Urbana,Aprovado,False,94.9,3.7,Médio,2098.66,1.8,False,False,False,False,False,Baixo,Bom,Alta,False,Média,False,False,Moderado,Boa,Completa,Alta,Regular,0.3361303060217177,False
142,3° EF,False,Feminino,12,True,True,True,False,Parda,Urbana,Aprovado,False,88.9,5.1,Médio,6750.6,1.8,False,False,False,False,False,Baixo,Regular,Média,False,Média,False,True,Moderado,Ruim,Completa,Alta,Boa,0.29664363277393885,False
143,6° EF,False,Outro,6,False,True,True,False,Parda,Urbana,Reprovado,False,92.5,8.8,Médio,6282.64,0.6,False,True,False,False,False,Alto,Regular,Média,False,Alta,False,False,Moderado,Regular,Completa,Baixa,Boa,0.09624876604146099,False
144,4° EF,False,Masculino,7,False,True,True,False,Branca,Urbana,Aprovado,False,83.7,8.7,Médio,4121.86,2.9,False,False,False,False,False,Médio,Regular,Média,False,Média,False,False,Moderado,Boa,Parcial,Baixa,Boa,0.14461994076999016,False
145,4° EF,False,Feminino,6,True,False,True,False,Não declarada,Rural,Aprovado,False,87.4,6.6,Alto,8723.92,3.0,False,False,False,False,False,Médio,Ruim,Alta,True,Alta,False,True,Alto,Regular,Parcial,Média,Ruim,0.23000987166831194,False
146,1° EF,False,Feminino,13,True,True,True,False,Parda,Urbana,Aprovado,False,95.0,5.2,Médio,1316.49,2.8,False,False,False,False,False,Baixo,Bom,Média,False,Alta,False,True,Moderado,Regular,Completa,Alta,Boa,0.26159921026653504,False
147,8° EF,False,Feminino,19,False,True,True,False,Preta,Urbana,Aprovado,False,87.1,9.7,Médio,3561.84,1.4,False,False,False,False,False,Alto,Bom,Alta,False,Alta,False,False,Alto,Boa,Insuficiente,Baixa,Regular,0.07847976307996059,False
148,6° EF,False,Feminino,14,False,True,False,False,Branca,Urbana,Aprovado,False,84.8,5.6,Alto,8485.67,1.3,False,False,False,False,False,Alto,Bom,Média,True,Baixa,False,False,Moderado,Boa,Completa,Baixa,Boa,0.2922013820335637,False
149,1° EF,False,Feminino,8,True,True,False,False,Preta,Rural,Aprovado,False,87.9,0.8,Médio,3699.12,0.7,False,False,False,False,False,Alto,Ruim,Alta,True,Alta,False,False,Baixo,Regular,Completa,Média,Regular,0.5138203356367227,True
150,4° EF,False,Masculino,9,False,True,True,False,Parda,Urbana,Em andamento,False,95.2,6.2,Médio,3151.32,2.1,False,False,False,False,False,Alto,Regular,Baixa,False,Alta,False,False,Moderado,Regular,Completa,Média,Boa,0.21125370187561698,False
151,2° EM,False,Masculino,19,False,True,True,False,Branca,Urbana,Aprovado,False,84.2,4.7,Médio,5400.24,0.9,False,False,False,False,False,Baixo,Ruim,Alta,False,Alta,False,False,Baixo,Regular,Insuficiente,Alta,Boa,0.3395853899308984,False
152,3° EF,False,Feminino,12,True,True,False,False,Parda,Urbana,Aprovado,False,79.5,8.8,Baixo,7709.88,0.8,False,False,False,False,False,Alto,Regular,Baixa,False,Alta,True,False,Alto,Boa,Insuficiente,Média,Boa,0.16041461006910165,True
153,2° EF,False,Masculino,6,False,True,False,False,Parda,Urbana,Em andamento,False,92.5,7.2,Alto,1962.08,1.6,False,False,True,False,False,Alto,Bom,Média,False,Alta,False,False,Alto,Regular,Parcial,Média,Ruim,0.17522211253701875,False
154,6° EF,False,Masculino,16,False,True,True,False,Branca,Urbana,Aprovado,False,95.1,6.3,Alto,8660.74,1.5,False,False,False,False,False,Médio,Ruim,Média,False,Alta,False,False,Alto,Ruim,Completa,Alta,Boa,0.2068114511352419,False
155,3° EM,False,Masculino,8,False,True,True,False,Branca,Rural,Reprovado,False,76.3,9.4,Muito baixo,7480.74,1.5,False,False,False,False,False,Médio,Regular,Alta,False,Alta,False,True,Moderado,Boa,Completa,Alta,Ruim,0.14659427443237907,False
156,3° EF,False,Feminino,6,False,True,True,False,Parda,Urbana,Reprovado,False,81.6,6.9,Médio,2585.02,2.5,True,False,False,False,False,Médio,Regular,Média,False,Média,False,False,Moderado,Ruim,Completa,Média,Boa,0.4083580125041133,False
157,9° EF,False,Masculino,14,True,True,True,False,Parda,Rural,Aprovado,False,78.2,4.4,Médio,6818.23,2.1,False,False,False,False,False,Médio,Ruim,Média,False,Baixa,False,True,Alto,Ruim,Parcial,Alta,Regular,0.3840078973346496,True
158,1° EM,False,Feminino,16,False,True,True,False,Parda,Urbana,Evadido,True,84.5,7.5,Médio,4209.75,1.7,False,False,True,False,False,Alto,Bom,Alta,False,Baixa,False,False,Moderado,Regular,Completa,Baixa,Regular,0.3644290885159593,False
159,3° EF,False,Feminino,6,False,True,True,False,Branca,Urbana,Em andamento,False,86.9,7.1,Médio,4348.02,2.2,False,False,False,False,False,Alto,Ruim,Alta,False,Baixa,False,True,Moderado,Boa,Completa,Média,Regular,0.20779861796643637,True
160,9° EF,False,Feminino,18,True,True,True,False,Não declarada,Urbana,Aprovado,False,93.3,6.0,Alto,7386.77,1.0,False,False,False,False,False,Baixo,Bom,Alta,False,Baixa,False,True,Alto,Boa,Completa,Baixa,Boa,0.23050345508390924,False
161,5° EF,False,Masculino,11,False,True,True,False,Branca,Urbana,Evadido,False,91.2,9.8,Alto,8818.38,2.1,False,False,False,False,False,Médio,Bom,Alta,False,Baixa,False,False,Baixo,Regular,Insuficiente,Alta,Ruim,0.05330700888450144,False
162,8° EF,False,Feminino,9,False,True,False,False,Parda,Rural,Evadido,False,90.6,8.4,Muito baixo,2149.58,2.2,True,False,True,False,False,Médio,Bom,Alta,True,Baixa,False,False,Baixo,Boa,Completa,Alta,Ruim,0.28989799276077666,False
163,8° EF,False,Masculino,17,True,True,False,False,Amarela,Rural,Aprovado,True,84.7,9.9,Médio,4494.26,0.5,False,False,False,False,False,Médio,Ruim,Baixa,False,Baixa,False,False,Alto,Boa,Completa,Baixa,Boa,0.2449819019414281,True
164,7° EF,False,Masculino,8,False,True,True,False,Parda,Urbana,Aprovado,False,95.5,4.9,Baixo,4975.29,3.0,False,False,False,False,False,Baixo,Regular,Alta,True,Baixa,False,True,Baixo,Boa,Parcial,Baixa,Regular,0.273938795656466,True
165,2° EF,False,Feminino,18,False,True,True,False,Parda,Urbana,Reprovado,False,87.4,4.1,Baixo,4140.79,1.1,True,False,False,False,False,Médio,Bom,Alta,True,Alta,False,False,Baixo,Boa,Insuficiente,Alta,Regular,0.5179335307666996,False
166,1° EM,False,Feminino,14,False,True,True,False,Preta,Urbana,Evadido,False,99.3,5.3,Médio,4036.12,2.1,False,False,False,False,False,Baixo,Ruim,Alta,False,Alta,False,False,Moderado,Ruim,Parcial,Alta,Boa,0.23543928923988164,False
167,4° EF,False,Masculino,18,False,True,True,False,Parda,Urbana,Aprovado,False,90.8,6.3,Médio,1556.28,3.2,False,False,False,False,False,Alto,Bom,Baixa,False,Baixa,False,False,Alto,Ruim,Parcial,Média,Regular,0.22803553800592305,True
168,3° EF,False,Masculino,11,False,False,True,False,Branca,Urbana,Aprovado,True,77.5,5.1,Muito baixo,6607.12,2.9,False,False,False,False,False,Baixo,Regular,Baixa,True,Alta,False,False,Moderado,Boa,Completa,Baixa,Boa,0.5174399473511024,True
169,1° EF,False,Masculino,8,False,True,True,False,Branca,Urbana,Aprovado,True,91.7,9.7,Médio,4618.56,2.0,False,False,False,False,False,Alto,Ruim,Alta,False,Baixa,False,False,Moderado,Regular,Insuficiente,Baixa,Ruim,0.22030273116156637,True
170,8° EF,False,Feminino,15,False,False,True,False,Parda,Urbana,Aprovado,True,84.0,5.4,Alto,2693.04,1.6,False,False,False,False,False,Baixo,Regular,Alta,True,Alta,False,False,Moderado,Boa,Completa,Média,Boa,0.4705495228693651,False
171,9° EF,False,Feminino,17,True,True,True,False,Branca,Urbana,Aprovado,False,92.0,5.1,Baixo,7647.92,2.9,False,False,False,False,False,Médio,Bom,Média,True,Alta,False,False,Moderado,Boa,Completa,Alta,Regular,0.28134254689042454,False
172,1° EF,False,Feminino,8,False,True,True,False,Preta,Urbana,Aprovado,False,74.3,9.5,Médio,7540.46,2.7,True,False,False,False,False,Médio,Bom,Alta,False,Alta,False,False,Moderado,Boa,Parcial,Média,Ruim,0.31605791378743014,True
173,7° EF,False,Masculino,8,True,True,False,False,Não declarada,Urbana,Aprovado,False,79.5,8.1,Médio,5018.76,1.4,False,False,False,False,False,Alto,Ruim,Alta,False,Alta,False,False,Moderado,Boa,Parcial,Média,Regular,0.19496544916090822,False
174,3° EF,False,Feminino,8,True,True,True,False,Amarela,Urbana,Reprovado,False,95.8,8.7,Muito baixo,3519.78,1.2,False,True,False,False,True,Alto,Regular,Baixa,True,Alta,False,False,Alto,Ruim,Completa,Média,Boa,0.08489634748272464,True
175,8° EF,False,Masculino,13,False,True,False,False,Parda,Urbana,Evadido,False,81.3,8.9,Muito alto,6228.7,0.1,True,False,False,False,False,Médio,Bom,Alta,True,Alta,False,False,Alto,Ruim,Completa,Baixa,Ruim,0.31112207963145777,False
176,3° EF,False,Outro,7,False,True,True,False,Preta,Urbana,Aprovado,False,95.4,8.8,Médio,3437.64,2.2,False,False,False,False,False,Baixo,Bom,Baixa,False,Média,False,True,Moderado,Boa,Parcial,Média,Boa,0.08193484698914111,False
177,9° EF,False,Feminino,7,True,False,True,False,Parda,Urbana,Aprovado,False,82.8,6.9,Médio,3021.75,1.9,False,False,False,False,False,Alto,Ruim,Média,False,Alta,False,False,Baixo,Boa,Completa,Alta,Regular,0.23790720631786777,False
178,5° EF,False,Feminino,18,True,True,False,False,Indígena,Urbana,Aprovado,False,91.0,6.2,Baixo,6965.84,3.1,False,False,False,False,False,Alto,Regular,Alta,False,Baixa,True,False,Alto,Regular,Completa,Média,Boa,0.2319842053307009,False
179,3° EM,False,Feminino,14,True,True,True,False,Parda,Rural,Evadido,False,92.1,6.3,Médio,1461.03,2.4,False,False,False,False,False,Médio,Ruim,Baixa,False,Baixa,False,False,Moderado,Regular,Parcial,Alta,Regular,0.221618953603159,False
180,2° EF,False,Masculino,14,True,True,True,False,Branca,Urbana,Evadido,False,88.3,7.6,Médio,1895.25,3.3,False,False,False,True,False,Alto,Bom,Alta,True,Alta,False,False,Moderado,Boa,Completa,Média,Ruim,0.5052648897663706,False
181,5° EF,False,Masculino,13,False,True,True,False,Parda,Urbana,Reprovado,False,83.5,3.0,Muito alto,1193.54,1.3,False,False,False,True,False,Baixo,Ruim,Média,True,Alta,False,False,Alto,Boa,Completa,Alta,Regular,0.7560052648897665,True
182,2° EF,False,Masculino,15,False,True,True,False,Parda,Rural,Aprovado,False,80.8,8.6,Muito alto,2359.24,3.1,False,False,False,False,False,Alto,Regular,Baixa,False,Alta,False,False,Alto,Boa,Insuficiente,Alta,Regular,0.16386969397828238,False
183,2° EM,False,Masculino,12,False,True,True,False,Parda,Urbana,Aprovado,True,70.9,6.3,Médio,1689.65,1.5,False,False,False,False,False,Alto,Regular,Média,True,Baixa,False,False,Baixo,Regular,Parcial,Média,Ruim,0.4907864429088517,True
184,2° EM,False,Feminino,6,False,True,False,True,Branca,Urbana,Aprovado,False,83.4,2.2,Muito baixo,9081.72,2.8,False,False,False,False,False,Baixo,Bom,Média,False,Baixa,False,False,Alto,Ruim,Completa,Média,Boa,0.46692991115498517,True
185,4° EF,False,Masculino,11,True,True,True,False,Branca,Urbana,Aprovado,False,91.2,0.9,Baixo,3442.89,0.5,False,False,False,False,True,Alto,Bom,Baixa,False,Alta,True,False,Moderado,Ruim,Insuficiente,Baixa,Ruim,0.49259624876604147,False
186,8° EF,False,Feminino,13,False,True,False,False,Parda,Urbana,Evadido,True,98.0,5.8,Muito alto,2329.93,2.2,True,True,True,False,False,Alto,Bom,Baixa,False,Média,False,False,Alto,Boa,Completa,Alta,Boa,0.5462323132609412,True
187,1° EM,False,Masculino,11,True,True,True,False,Não declarada,Urbana,Aprovado,False,96.2,2.0,Médio,3061.54,0.0,True,False,False,False,False,Baixo,Bom,Média,True,Alta,False,False,Moderado,Regular,Completa,Média,Ruim,0.5781507074695623,True
188,7° EF,False,Feminino,19,True,True,True,False,Parda,Urbana,Aprovado,False,93.7,6.0,Muito alto,8605.75,1.7,False,False,False,False,False,Médio,Bom,Alta,False,Alta,False,False,Moderado,Boa,Parcial,Alta,Ruim,0.22852912142152026,False
189,7° EF,False,Masculino,17,False,False,True,False,Branca,Urbana,Aprovado,False,94.2,6.7,Médio,5288.09,2.4,False,False,False,False,True,Alto,Ruim,Alta,False,Baixa,False,False,Baixo,Ruim,Completa,Média,Boa,0.19151036525172754,False
190,3° EF,False,Outro,17,False,True,True,False,Parda,Urbana,Aprovado,False,91.5,2.5,Médio,4049.12,1.5,False,False,False,False,False,Baixo,Regular,Média,True,Alta,False,False,Moderado,Boa,Parcial,Baixa,Boa,0.4121421520236921,False
191,2° EF,False,Feminino,11,False,True,True,False,Branca,Urbana,Aprovado,False,82.2,0.4,Médio,8105.4,0.9,False,False,True,False,False,Alto,Regular,Alta,True,Alta,False,True,Moderado,Regular,Completa,Média,Boa,0.5616979269496546,False
192,2° EM,False,Feminino,19,True,False,True,False,Parda,Urbana,Aprovado,True,97.2,8.7,Baixo,4289.76,2.8,True,False,False,False,False,Baixo,Bom,Média,False,Alta,False,False,Baixo,Boa,Parcial,Alta,Boa,0.40704179006252067,False
193,2° EM,False,Outro,18,False,True,True,False,Branca,Urbana,Evadido,False,91.6,8.7,Alto,3811.36,1.9,False,False,False,False,False,Médio,Regular,Baixa,False,Alta,False,True,Baixo,Boa,Completa,Alta,Boa,0.10562685093780856,False
194,8° EF,False,Masculino,9,False,True,True,False,Branca,Rural,Aprovado,False,89.3,7.1,Baixo,2792.64,1.5,False,False,False,True,False,Médio,Bom,Alta,False,Média,False,False,Moderado,Boa,Completa,Alta,Boa,0.5250082263902601,False
195,5° EF,False,Masculino,8,True,True,False,False,Parda,Urbana,Em andamento,True,76.8,0.2,Alto,4152.63,2.0,False,False,True,False,False,Baixo,Bom,Alta,False,Média,False,False,Baixo,Boa,Parcial,Alta,Boa,0.7627509049029287,True
196,5° EF,False,Feminino,12,False,False,True,False,Branca,Urbana,Evadido,False,86.8,2.7,Médio,3665.21,4.6,False,False,False,False,False,Baixo,Bom,Alta,False,Média,False,False,Moderado,Boa,Completa,Baixa,Regular,0.4254689042448174,True
197,9° EF,False,Masculino,6,False,True,True,False,Parda,Urbana,Reprovado,False,87.1,7.1,Médio,6541.44,3.2,True,False,False,False,False,Baixo,Bom,Média,True,Média,False,True,Moderado,Boa,Completa,Alta,Boa,0.37133925633432063,False
198,2° EM,False,Feminino,16,False,True,False,False,Branca,Rural,Aprovado,False,96.0,9.5,Baixo,3449.05,3.2,False,False,False,False,False,Médio,Bom,Baixa,False,Baixa,False,False,Baixo,Regular,Completa,Média,Regular,0.04442250740375124,False
199,2° EM,False,Feminino,11,False,True,True,False,Branca,Urbana,Aprovado,False,89.0,5.2,Médio,5743.03,2.4,False,False,False,False,False,Alto,Bom,Alta,False,Alta,False,False,Moderado,Regular,Completa,Média,Regular,0.29121421520236923,True
200,1° EM,False,Masculino,12,True,True,False,False,Indígena,Urbana,Aprovado,False,85.3,0.6,Muito alto,1664.94,2.2,True,False,False,False,True,Alto,Regular,Baixa,True,Baixa,False,False,Baixo,Boa,Completa,Alta,Boa,0.7010529779532743,False
201,8° EF,False,Feminino,11,False,True,True,False,Branca,Urbana,Em andamento,False,99.2,2.6,Médio,2665.08,0.4,False,False,False,False,False,Médio,Ruim,Alta,False,Alta,False,False,Alto,Regular,Completa,Alta,Boa,0.3692003948667325,True
202,2° EF,False,Masculino,10,False,True,True,False,Branca,Urbana,Aprovado,False,76.8,5.7,Muito alto,4388.78,1.3,False,False,False,False,False,Baixo,Ruim,Média,True,Alta,False,False,Alto,Ruim,Completa,Baixa,Regular,0.3267522211253702,False
203,2° EF,False,Masculino,14,False,True,True,False,Preta,Urbana,Aprovado,False,86.3,9.1,Muito baixo,8612.32,1.5,False,False,False,False,False,Alto,Bom,Alta,False,Baixa,True,True,Baixo,Boa,Insuficiente,Alta,Boa,0.11204343534057261,True
204,2° EM,False,Outro,7,False,True,False,False,Branca,Urbana,Evadido,False,71.9,7.4,Muito alto,4148.29,0.1,False,False,False,False,False,Médio,Bom,Alta,False,Alta,False,False,Alto,Ruim,Completa,Média,Ruim,0.2670286278381046,True
205,8° EF,False,Feminino,19,False,True,True,False,Branca,Urbana,Aprovado,False,93.1,6.1,Médio,6435.92,0.8,False,False,True,False,False,Médio,Bom,Baixa,True,Média,False,False,Moderado,Boa,Completa,Baixa,Regular,0.22655478775913135,True
206,1° EF,False,Masculino,14,False,True,False,False,Preta,Urbana,Aprovado,False,97.5,0.0,Alto,3173.92,0.0,False,False,False,False,False,Alto,Bom,Média,False,Baixa,False,True,Alto,Ruim,Completa,Alta,Ruim,0.5059230009871669,True
207,2° EF,False,Feminino,11,True,True,True,False,Branca,Rural,Aprovado,False,82.8,8.9,Baixo,2152.59,2.0,True,False,True,False,False,Alto,Bom,Baixa,False,Média,False,True,Baixo,Boa,Completa,Média,Boa,0.30371832839749924,False
208,8° EF,False,Masculino,14,False,True,True,False,Parda,Urbana,Aprovado,False,95.9,6.0,Alto,1606.28,2.8,False,False,False,False,False,Médio,Ruim,Baixa,False,Média,False,False,Moderado,Regular,Completa,Alta,Boa,0.21767028627838103,False
209,1° EF,False,Feminino,6,False,True,True,False,Branca,Urbana,Aprovado,False,83.1,5.0,Alto,3575.32,3.1,False,False,False,False,False,Alto,Bom,Alta,False,Média,False,True,Baixo,Boa,Completa,Média,Ruim,0.3302073050345509,False
210,2° EF,False,Feminino,8,False,True,True,False,Branca,Urbana,Aprovado,False,97.3,5.4,Baixo,2396.87,2.4,True,False,False,False,False,Alto,Ruim,Baixa,False,Alta,False,False,Alto,Regular,Completa,Média,Boa,0.4049029285949326,False
211,7° EF,False,Masculino,12,False,True,True,False,Branca,Urbana,Aprovado,False,93.4,4.8,Alto,2527.27,1.0,True,False,False,False,False,Médio,Regular,Média,False,Alta,False,False,Baixo,Boa,Completa,Baixa,Boa,0.453767686739059,True
212,9° EF,False,Feminino,9,False,True,True,False,Branca,Urbana,Aprovado,False,94.6,9.2,Baixo,7207.06,0.1,False,False,False,False,False,Médio,Bom,Alta,False,Média,False,True,Alto,Regular,Completa,Baixa,Boa,0.0661401776900297,False
213,8° EF,False,Feminino,13,True,True,True,False,Não declarada,Urbana,Aprovado,False,68.3,5.8,Médio,1265.72,0.2,False,False,False,False,False,Baixo,Bom,Alta,False,Baixa,False,False,Alto,Boa,Completa,Média,Boa,0.363770977295163,True
214,3° EF,False,Feminino,8,False,True,True,False,Branca,Rural,Evadido,False,98.8,5.2,Muito alto,5588.38,0.7,False,False,False,False,False,Médio,Bom,Alta,False,Alta,False,False,Alto,Regular,Completa,Alta,Boa,0.24284304047384014,False
215,9° EF,False,Masculino,12,False,True,False,False,Parda,Rural,Aprovado,False,92.8,4.0,Baixo,4165.91,1.1,False,False,False,False,False,Alto,Regular,Alta,False,Média,False,False,Alto,Boa,Completa,Baixa,Regular,0.3316880552813426,False
216,3° EF,False,Masculino,8,True,True,True,False,Parda,Rural,Aprovado,False,83.5,8.6,Médio,5179.54,1.8,False,False,False,False,True,Alto,Bom,Alta,True,Alta,False,False,Moderado,Ruim,Completa,Alta,Boa,0.15054294175715702,False
217,4° EF,False,Feminino,11,False,True,True,False,Amarela,Urbana,Aprovado,False,95.2,6.8,Muito baixo,5628.42,1.0,False,False,True,True,False,Alto,Bom,Baixa,False,Alta,False,False,Moderado,Regular,Completa,Alta,Boa,0.5106943073379402,False
218,9° EF,False,Feminino,13,False,True,False,False,Parda,Urbana,Aprovado,False,82.8,1.4,Alto,3638.76,2.3,False,False,True,False,False,Alto,Regular,Alta,False,Média,False,False,Moderado,Boa,Parcial,Média,Regular,0.5093780848963476,False
219,8° EF,False,Feminino,10,False,True,True,False,Parda,Urbana,Aprovado,False,96.3,6.6,Baixo,3493.13,1.8,True,False,False,False,False,Alto,Regular,Alta,False,Alta,False,False,Alto,Regular,Insuficiente,Alta,Boa,0.35060875287923665,False
220,2° EM,False,Masculino,11,False,True,True,False,Preta,Urbana,Evadido,False,76.9,7.7,Médio,6988.87,2.0,False,False,True,False,False,Baixo,Bom,Média,True,Média,False,False,Alto,Regular,Completa,Média,Boa,0.22754195459032578,False
221,8° EF,False,Masculino,8,False,True,False,False,Branca,Rural,Aprovado,False,92.3,9.5,Médio,8088.53,3.1,False,False,False,False,False,Alto,Ruim,Baixa,False,Média,False,False,Moderado,Boa,Insuficiente,Média,Boa,0.062685093780849,False
222,7° EF,False,Masculino,14,False,True,True,False,Branca,Urbana,Aprovado,False,88.9,5.8,Baixo,2675.39,0.8,False,False,False,False,False,Alto,Regular,Alta,False,Média,False,False,Baixo,Regular,Parcial,Média,Boa,0.26209279368213234,False
223,2° EF,False,Masculino,10,False,True,True,False,Branca,Rural,Aprovado,True,76.0,7.0,Médio,1917.99,2.4,False,False,True,False,False,Médio,Bom,Alta,True,Baixa,False,True,Baixo,Regular,Completa,Alta,Regular,0.43106284962158614,False
224,5° EF,False,Masculino,17,False,False,True,True,Parda,Urbana,Aprovado,False,81.7,4.0,Baixo,8300.04,2.0,True,False,False,False,False,Alto,Regular,Média,False,Média,False,False,Alto,Boa,Parcial,Alta,Regular,0.5510036196117144,False
225,4° EF,False,Masculino,9,False,True,True,False,Branca,Urbana,Evadido,False,66.9,6.5,Médio,3930.1,1.7,True,False,True,False,False,Médio,Ruim,Alta,True,Média,True,True,Moderado,Regular,Completa,Média,Boa,0.5006581112207964,True
226,3° EF,False,Masculino,7,False,False,False,False,Branca,Urbana,Aprovado,False,87.3,6.2,Muito baixo,5536.6,2.9,True,False,False,False,False,Alto,Ruim,Média,True,Alta,False,True,Moderado,Boa,Completa,Alta,Boa,0.4147745969068773,True
227,3° EM,False,Masculino,7,False,True,True,False,Parda,Urbana,Aprovado,False,83.4,9.4,Alto,4007.04,2.9,False,False,False,False,False,Baixo,Regular,Baixa,False,Alta,False,False,Baixo,Regular,Completa,Alta,Ruim,0.1115498519249753,False
228,5° EF,False,Masculino,12,False,True,True,False,Branca,Urbana,Aprovado,False,90.1,7.2,Médio,2142.77,1.1,False,False,False,False,False,Baixo,Bom,Baixa,False,Média,False,True,Baixo,Boa,Completa,Alta,Ruim,0.18706811451135247,False
229,2° EM,False,Feminino,8,False,True,True,False,Branca,Rural,Evadido,False,83.3,7.4,Baixo,5839.79,1.8,True,False,False,False,False,Alto,Regular,Média,False,Alta,False,False,Alto,Boa,Parcial,Baixa,Regular,0.37528792365909847,True
230,8° EF,False,Masculino,7,False,True,False,False,Parda,Urbana,Aprovado,False,83.3,6.1,Médio,5327.82,2.3,False,False,True,False,False,Baixo,Regular,Média,True,Alta,False,False,Alto,Regular,Insuficiente,Alta,Regular,0.27492596248766044,False
231,1° EM,False,Masculino,8,True,False,False,False,Parda,Urbana,Aprovado,False,93.2,6.0,Baixo,2758.44,1.7,False,False,True,False,False,Médio,Ruim,Alta,False,Alta,False,False,Moderado,Ruim,Parcial,Alta,Regular,0.23099703849950645,False
232,6° EF,False,Masculino,8,True,True,True,True,Parda,Rural,Aprovado,False,72.6,7.4,Médio,4743.42,2.6,False,False,False,False,False,Alto,Bom,Baixa,False,Média,False,False,Alto,Boa,Insuficiente,Alta,Boa,0.26357354392892407,False
233,7° EF,False,Masculino,10,False,True,True,False,Parda,Urbana,Aprovado,False,97.1,8.2,Baixo,7495.69,2.3,False,False,False,False,False,Médio,Bom,Alta,False,Alta,False,False,Alto,Boa,Parcial,Baixa,Ruim,0.10315893385982239,False
234,6° EF,False,Feminino,10,False,False,False,True,Parda,Urbana,Evadido,False,95.7,0.8,Muito baixo,5848.52,3.8,False,False,False,False,False,Baixo,Bom,Baixa,True,Alta,False,False,Alto,Ruim,Completa,Média,Boa,0.4753208292201382,False
235,3° EF,False,Masculino,7,False,True,True,False,Parda,Urbana,Aprovado,False,91.6,9.6,Baixo,1912.39,0.5,False,True,False,False,False,Médio,Bom,Alta,False,Média,False,True,Moderado,Boa,Completa,Baixa,Regular,0.06120434353405731,False
236,9° EF,False,Masculino,19,True,True,False,False,Parda,Urbana,Reprovado,False,90.0,10.0,Baixo,5510.31,1.9,False,False,False,False,False,Médio,Bom,Média,True,Média,False,False,Moderado,Boa,Parcial,Média,Ruim,0.0493583415597236,False
237,4° EF,False,Masculino,7,False,False,True,False,Parda,Urbana,Aprovado,False,96.8,5.7,Alto,6744.3,1.1,False,False,False,False,False,Médio,Bom,Alta,False,Baixa,False,False,Moderado,Boa,Completa,Média,Boa,0.22803553800592305,False
238,1° EF,False,Masculino,16,False,True,True,False,Branca,Urbana,Aprovado,False,79.9,8.5,Muito baixo,7461.84,2.6,False,False,False,False,False,Médio,Bom,Baixa,False,Alta,False,False,Alto,Boa,Completa,Média,Regular,0.1732477788746298,False
239,8° EF,False,Masculino,7,True,True,True,False,Parda,Urbana,Aprovado,False,75.0,5.7,Baixo,6157.12,0.4,True,False,False,False,False,Alto,Ruim,Baixa,False,Média,False,True,Alto,Boa,Parcial,Baixa,Regular,0.5001645278051993,True
240,3° EF,False,Feminino,11,False,True,True,False,Branca,Urbana,Aprovado,False,81.6,8.7,Baixo,2356.97,2.3,False,False,True,False,False,Médio,Bom,Baixa,False,Baixa,False,False,Moderado,Boa,Completa,Média,Regular,0.15498519249753218,False
241,3° EM,False,Feminino,19,False,True,False,False,Parda,Urbana,Evadido,False,94.4,2.4,Baixo,6803.6,1.4,True,False,False,False,False,Médio,Bom,Média,False,Alta,False,False,Moderado,Regular,Parcial,Baixa,Regular,0.5672918723264233,True
242,3° EM,False,Outro,17,False,True,True,False,Parda,Urbana,Aprovado,False,71.1,8.7,Alto,6541.74,1.3,False,False,False,False,False,Baixo,Bom,Alta,False,Média,False,False,Moderado,Boa,Completa,Média,Boa,0.20681145113524194,False
243,2° EM,False,Feminino,12,False,True,False,False,Branca,Urbana,Aprovado,False,89.8,6.5,Baixo,1334.22,0.6,False,False,False,False,False,Baixo,Regular,Alta,True,Média,False,False,Moderado,Regular,Insuficiente,Média,Ruim,0.22309970384995068,False
244,5° EF,False,Masculino,14,True,False,True,False,Amarela,Urbana,Reprovado,False,99.8,1.8,Alto,4423.42,1.5,False,False,False,False,False,Médio,Bom,Média,False,Alta,False,True,Baixo,Boa,Parcial,Alta,Boa,0.405725567620928,True
245,1° EF,False,Masculino,15,False,True,False,False,Preta,Urbana,Aprovado,False,95.8,8.7,Alto,3794.94,3.1,False,False,False,False,False,Médio,Bom,Média,True,Alta,False,False,Moderado,Boa,Parcial,Alta,Boa,0.08489634748272464,False
246,2° EM,False,Masculino,9,False,True,True,False,Parda,Urbana,Aprovado,False,88.5,6.4,Baixo,6478.5,2.0,False,False,False,False,False,Alto,Bom,Média,True,Média,False,True,Moderado,Ruim,Completa,Média,Boa,0.23445212240868712,False
247,6° EF,False,Masculino,12,False,True,True,False,Branca,Urbana,Aprovado,False,73.9,9.4,Baixo,2863.26,2.6,False,False,False,False,False,Alto,Ruim,Baixa,True,Média,False,False,Alto,Regular,Completa,Alta,Boa,0.1584402764067127,False
248,3° EM,False,Feminino,12,True,True,False,False,Branca,Rural,Evadido,False,95.2,8.8,Médio,5852.08,3.7,False,False,False,False,False,Alto,Bom,Alta,True,Média,True,False,Alto,Boa,Insuficiente,Baixa,Boa,0.0829220138203356,False
249,3° EM,False,Masculino,10,False,True,True,False,Branca,Urbana,Aprovado,False,90.1,5.3,Baixo,8422.95,2.3,False,False,False,False,False,Médio,Bom,Baixa,False,Baixa,False,False,Moderado,Regular,Completa,Média,Boa,0.28084896347482735,False
250,2° EM,False,Masculino,14,False,True,True,False,Amarela,Urbana,Aprovado,False,77.0,5.8,Baixo,7502.51,1.4,False,False,False,False,False,Médio,Bom,Alta,False,Baixa,False,True,Alto,Regular,Parcial,Alta,Regular,0.3208292201382034,False
251,4° EF,False,Masculino,6,True,True,True,False,Parda,Urbana,Aprovado,False,75.9,8.5,Médio,8488.76,2.5,False,False,False,False,False,Médio,Regular,Baixa,True,Alta,False,False,Moderado,Boa,Completa,Alta,Boa,0.19299111549851924,False
252,5° EF,False,Feminino,16,False,True,True,False,Branca,Urbana,Evadido,False,97.2,5.0,Médio,8943.77,1.5,True,False,False,False,False,Médio,Regular,Média,False,Alta,False,False,Moderado,Boa,Insuficiente,Alta,Ruim,0.4251398486344192,False
253,2° EM,False,Masculino,11,False,True,True,False,Parda,Urbana,Em andamento,False,91.6,5.6,Baixo,1224.5,1.5,False,False,False,False,False,Médio,Regular,Média,False,Média,False,False,Alto,Boa,Completa,Média,Regular,0.25863770977295175,False
254,4° EF,False,Masculino,13,False,True,False,True,Parda,Urbana,Reprovado,False,95.2,7.1,Alto,6106.26,0.5,False,True,False,False,False,Baixo,Regular,Média,False,Média,False,True,Alto,Ruim,Parcial,Média,Ruim,0.16683119447186578,True
255,3° EF,False,Masculino,11,False,True,False,True,Preta,Urbana,Aprovado,False,96.4,9.8,Baixo,4432.12,2.9,False,False,False,False,False,Alto,Bom,Média,False,Alta,False,False,Moderado,Regular,Parcial,Baixa,Boa,0.027640671273445154,False
256,7° EF,False,Feminino,9,False,True,True,False,Parda,Urbana,Aprovado,False,89.5,2.4,Médio,7997.43,1.6,False,False,False,False,False,Médio,Bom,Baixa,False,Média,False,True,Moderado,Boa,Parcial,Média,Boa,0.4269496544916091,True
257,3° EM,False,Feminino,10,True,True,True,False,Branca,Rural,Aprovado,False,88.4,3.1,Baixo,3147.82,2.2,False,False,False,False,False,Médio,Ruim,Média,False,Alta,False,True,Moderado,Boa,Completa,Baixa,Boa,0.3978282329713722,False
258,9° EF,False,Masculino,12,False,True,True,False,Parda,Urbana,Reprovado,False,86.5,8.2,Médio,8963.89,1.0,False,False,False,False,False,Médio,Ruim,Baixa,False,Alta,False,True,Alto,Boa,Parcial,Média,Regular,0.1554787759131294,False
259,7° EF,False,Masculino,18,False,True,True,False,Parda,Rural,Reprovado,False,83.8,6.8,Baixo,6034.21,2.4,False,False,False,False,False,Alto,Ruim,Baixa,False,Baixa,True,False,Alto,Boa,Completa,Média,Regular,0.23790720631786777,True
260,2° EF,False,Masculino,8,False,True,True,False,Parda,Urbana,Aprovado,False,86.6,0.1,Baixo,7468.5,1.2,False,False,False,False,False,Alto,Regular,Alta,True,Baixa,False,False,Baixo,Ruim,Completa,Alta,Boa,0.5547877591312933,True
261,8° EF,False,Feminino,6,False,True,True,False,Branca,Urbana,Aprovado,False,93.9,8.7,Médio,1822.12,1.9,False,False,False,False,False,Alto,Bom,Alta,False,Alta,False,False,Baixo,Boa,Completa,Média,Ruim,0.09427443237907207,False
262,3° EM,False,Masculino,7,False,True,False,False,Branca,Urbana,Aprovado,False,90.2,8.8,Baixo,2602.62,2.9,False,False,False,False,False,Alto,Ruim,Alta,False,Baixa,False,False,Alto,Boa,Completa,Média,Boa,0.10760118460019741,False
263,2° EF,False,Feminino,17,False,True,True,False,Parda,Urbana,Reprovado,False,96.8,8.3,Alto,7188.28,2.8,False,False,False,False,False,Médio,Regular,Média,False,Média,False,False,Baixo,Ruim,Completa,Alta,Boa,0.09970384995064166,False
264,7° EF,False,Feminino,19,False,True,True,False,Parda,Urbana,Aprovado,False,86.8,9.7,Alto,1314.76,2.0,False,False,False,False,False,Alto,Ruim,Baixa,False,Alta,False,True,Moderado,Regular,Parcial,Baixa,Boa,0.07996051332675229,False
265,2° EM,False,Masculino,8,True,True,True,False,Parda,Urbana,Aprovado,False,90.3,7.5,Baixo,7654.66,0.2,False,False,False,False,False,Alto,Ruim,Média,False,Alta,False,False,Alto,Regular,Completa,Média,Boa,0.1712734452122409,False
266,9° EF,False,Masculino,12,False,True,False,False,Parda,Rural,Reprovado,False,90.8,5.4,Muito baixo,1250.65,5.0,False,False,False,False,False,Alto,Ruim,Média,False,Média,True,False,Alto,Regular,Parcial,Baixa,Regular,0.2724580454096743,True
267,9° EF,False,Feminino,13,False,True,True,False,Branca,Urbana,Reprovado,False,89.9,5.6,Baixo,6380.45,3.7,True,False,False,False,False,Baixo,Bom,Média,True,Alta,False,False,Baixo,Regular,Parcial,Média,Boa,0.43155643303718333,True
268,9° EF,False,Feminino,7,False,True,True,False,Branca,Rural,Aprovado,False,92.3,8.8,Alto,4051.32,2.7,False,False,False,False,False,Médio,Ruim,Baixa,False,Alta,False,True,Alto,Boa,Completa,Média,Regular,0.09723593287265547,False
269,5° EF,False,Outro,15,False,True,False,False,Parda,Urbana,Em andamento,False,81.6,6.2,Médio,6016.56,1.2,True,False,False,False,False,Baixo,Bom,Alta,False,Baixa,False,False,Moderado,Boa,Completa,Alta,Ruim,0.44290885159591975,False
270,4° EF,False,Masculino,9,False,True,True,False,Branca,Rural,Aprovado,False,88.3,0.4,Alto,6690.81,1.9,False,False,False,False,False,Alto,Regular,Alta,True,Alta,False,False,Moderado,Regular,Insuficiente,Alta,Boa,0.5315893385982232,False
271,1° EM,False,Masculino,14,False,True,True,False,Indígena,Urbana,Aprovado,False,76.4,2.6,Baixo,3870.91,1.5,False,True,False,False,False,Baixo,Bom,Alta,True,Alta,False,False,Alto,Boa,Parcial,Média,Regular,0.4817374136229023,True
272,1° EM,False,Feminino,11,False,True,False,False,Parda,Rural,Aprovado,False,85.4,5.6,Muito alto,2000.49,3.3,True,False,False,False,False,Médio,Bom,Baixa,False,Alta,False,False,Moderado,Ruim,Completa,Média,Ruim,0.453767686739059,False
273,2° EM,False,Masculino,15,False,True,False,False,Parda,Urbana,Aprovado,False,87.7,6.6,Médio,1694.88,2.3,True,False,False,False,False,Baixo,Bom,Alta,False,Alta,True,False,Alto,Boa,Completa,Média,Regular,0.39305692662059893,True
274,2° EM,False,Masculino,17,False,True,True,False,Não declarada,Urbana,Aprovado,False,91.2,3.2,Baixo,5836.64,1.2,False,False,False,False,False,Médio,Ruim,Baixa,True,Baixa,False,True,Alto,Boa,Completa,Média,Boa,0.3790720631786772,False
275,7° EF,False,Outro,10,False,True,True,False,Branca,Urbana,Aprovado,False,98.4,9.4,Muito baixo,5292.04,1.5,False,False,False,False,False,Médio,Bom,Média,True,Média,False,False,Alto,Regular,Insuficiente,Alta,Boa,0.037512339585389895,False
276,6° EF,False,Outro,9,False,True,True,False,Parda,Rural,Aprovado,False,90.1,7.1,Médio,7059.05,3.1,True,False,False,False,False,Médio,Regular,Baixa,False,Alta,False,False,Moderado,Boa,Completa,Média,Boa,0.3565317538664035,False
277,1° EM,False,Masculino,13,False,True,False,False,Branca,Urbana,Aprovado,False,93.2,4.4,Baixo,5204.95,3.6,False,False,True,False,False,Médio,Regular,Baixa,True,Média,True,False,Alto,Boa,Completa,Baixa,Regular,0.3099703849950642,False
278,8° EF,False,Feminino,7,False,True,True,False,Parda,Rural,Aprovado,False,88.1,6.1,Alto,4508.74,3.5,True,False,False,False,False,Baixo,Regular,Baixa,True,Média,False,False,Moderado,Ruim,Insuficiente,Baixa,Boa,0.4157617637380719,True
279,9° EF,False,Feminino,7,True,True,True,False,Parda,Urbana,Aprovado,False,90.8,9.0,Muito alto,4314.46,2.8,False,False,False,False,False,Médio,Bom,Baixa,False,Baixa,False,False,Alto,Regular,Completa,Média,Regular,0.09476801579466933,False
280,1° EM,False,Feminino,16,True,True,True,False,Branca,Urbana,Aprovado,False,74.4,10.0,Médio,1350.34,1.7,True,False,False,False,False,Alto,Bom,Média,False,Alta,False,False,Alto,Boa,Parcial,Alta,Boa,0.2908851595919711,True
281,2° EM,False,Masculino,9,False,True,True,False,Parda,Urbana,Reprovado,False,82.1,7.9,Alto,3815.74,1.2,False,False,False,False,False,Médio,Bom,Alta,False,Alta,False,False,Moderado,Boa,Insuficiente,Alta,Ruim,0.19200394866732481,False
282,5° EF,False,Masculino,13,False,True,True,False,Branca,Rural,Aprovado,False,84.9,7.1,Baixo,8923.94,2.3,False,False,False,False,False,Alto,Bom,Média,True,Baixa,True,False,Baixo,Boa,Completa,Alta,Ruim,0.21767028627838103,True
283,5° EF,False,Feminino,12,True,True,False,False,Branca,Urbana,Aprovado,True,87.4,6.8,Médio,8106.7,2.0,True,False,False,False,False,Alto,Bom,Alta,False,Alta,False,False,Baixo,Regular,Completa,Média,Boa,0.5491938137545246,True
284,2° EF,False,Masculino,17,False,True,True,False,Parda,Urbana,Aprovado,False,72.3,5.4,Médio,3766.45,2.1,False,False,False,False,False,Médio,Ruim,Média,False,Média,False,True,Moderado,Boa,Completa,Baixa,Boa,0.36377097729516294,True
285,7° EF,False,Masculino,6,True,True,True,False,Branca,Rural,Evadido,False,78.1,4.3,Baixo,5827.54,2.1,True,False,False,True,False,Baixo,Regular,Alta,False,Alta,False,False,Moderado,Regular,Completa,Média,Regular,0.8830207305034552,True
286,1° EF,False,Feminino,7,False,True,False,False,Parda,Urbana,Reprovado,False,82.7,6.3,Alto,7897.27,0.7,True,False,False,False,False,Alto,Regular,Alta,False,Alta,False,False,Baixo,Regular,Insuficiente,Alta,Regular,0.43254359986837787,True
287,6° EF,False,Feminino,8,True,True,True,False,Branca,Urbana,Aprovado,False,99.1,6.5,Baixo,4658.92,2.6,False,False,False,False,False,Médio,Regular,Alta,True,Baixa,False,True,Alto,Boa,Parcial,Alta,Ruim,0.17719644619940775,False
288,7° EF,False,Feminino,9,False,True,True,False,Preta,Urbana,Reprovado,False,84.1,7.9,Muito baixo,1282.63,2.6,False,False,False,False,False,Baixo,Bom,Alta,False,Alta,False,False,Moderado,Boa,Parcial,Alta,Boa,0.18213228035538007,False
289,4° EF,False,Feminino,9,True,False,True,False,Parda,Urbana,Aprovado,False,87.6,5.4,Médio,1733.68,2.7,False,False,False,False,False,Médio,Bom,Alta,False,Alta,False,False,Baixo,Ruim,Completa,Média,Ruim,0.28825271470878583,False
290,8° EF,False,Feminino,8,False,True,True,False,Amarela,Urbana,Evadido,False,80.3,8.9,Baixo,5210.19,2.9,False,False,False,False,False,Alto,Ruim,Média,False,Alta,False,False,Alto,Boa,Insuficiente,Média,Boa,0.15153010858835145,False
291,1° EF,False,Feminino,13,False,True,True,False,Branca,Urbana,Aprovado,False,90.3,7.9,Baixo,8871.45,2.6,True,False,False,False,False,Alto,Regular,Média,True,Alta,False,False,Moderado,Regular,Parcial,Baixa,Ruim,0.31605791378743014,True
292,1° EF,False,Masculino,8,True,True,True,False,Branca,Urbana,Reprovado,False,82.8,9.3,Baixo,6668.3,1.6,False,False,False,False,False,Alto,Bom,Alta,False,Alta,True,False,Alto,Ruim,Parcial,Baixa,Boa,0.11944718657453111,False
293,1° EM,False,Feminino,11,False,True,True,False,Parda,Urbana,Reprovado,False,80.6,9.9,Baixo,1705.01,1.9,False,False,False,False,False,Alto,Regular,Baixa,True,Alta,False,False,Alto,Regular,Completa,Baixa,Regular,0.10069101678183616,False
294,5° EF,False,Masculino,17,False,True,True,False,Branca,Urbana,Aprovado,False,88.4,5.3,Baixo,2649.7,2.1,False,False,False,False,False,Médio,Ruim,Alta,False,Média,True,True,Alto,Regular,Completa,Baixa,Boa,0.28923988153998026,False
295,2° EF,False,Masculino,10,False,True,False,False,Preta,Urbana,Aprovado,False,64.0,9.2,Médio,7291.32,2.1,False,True,True,False,False,Alto,Regular,Baixa,True,Alta,False,False,Alto,Boa,Parcial,Média,Regular,0.21717670286278387,False
296,7° EF,False,Feminino,12,False,True,True,False,Parda,Urbana,Aprovado,False,65.1,7.6,Muito baixo,7850.56,3.0,False,False,False,False,False,Baixo,Ruim,Baixa,False,Média,False,False,Alto,Boa,Parcial,Baixa,Ruim,0.29072063178677204,True
297,1° EM,False,Feminino,19,False,True,True,False,Parda,Urbana,Evadido,False,81.0,5.6,Médio,6066.01,2.6,False,False,False,False,False,Alto,Ruim,Alta,True,Média,False,False,Alto,Boa,Completa,Média,Ruim,0.31095755182625867,False
298,3° EF,False,Feminino,10,False,True,False,False,Não declarada,Urbana,Reprovado,False,71.3,6.3,Baixo,6279.19,4.1,False,False,False,False,False,Alto,Regular,Baixa,True,Média,False,False,Baixo,Boa,Insuficiente,Média,Ruim,0.32428430404738406,True
299,8° EF,False,Masculino,7,True,True,False,False,Preta,Urbana,Aprovado,False,76.6,7.7,Alto,1365.41,4.2,False,True,False,False,False,Alto,Ruim,Alta,False,Alta,False,True,Moderado,Ruim,Completa,Média,Regular,0.2290227048371175,False
300,2° EF,False,Feminino,6,False,True,False,False,Branca,Urbana,Evadido,False,84.3,5.5,Baixo,7747.59,2.1,False,False,False,False,False,Médio,Bom,Média,False,Média,False,True,Alto,Regular,Insuficiente,Média,Regular,0.2996051332675223,False
301,1° EF,False,Feminino,15,False,True,True,False,Branca,Urbana,Aprovado,False,94.5,3.9,Muito baixo,7426.53,1.8,False,False,False,False,False,Baixo,Bom,Alta,False,Média,False,True,Alto,Regular,Parcial,Média,Regular,0.32823297137216195,True
302,7° EF,False,Masculino,14,False,True,True,False,Branca,Urbana,Aprovado,False,89.5,8.1,Baixo,3205.41,3.2,False,False,True,False,False,Alto,Regular,Média,True,Média,False,True,Alto,Boa,Completa,Média,Boa,0.14560710760118464,False
303,7° EF,False,Feminino,18,False,False,True,False,Branca,Urbana,Em andamento,False,88.3,9.7,Médio,6791.66,1.5,False,False,False,False,False,Alto,Bom,Alta,True,Alta,False,True,Moderado,Boa,Parcial,Média,Boa,0.07255676209279374,False
304,8° EF,False,Feminino,14,True,True,True,False,Parda,Urbana,Aprovado,False,83.2,7.5,Médio,2853.04,1.2,False,False,False,False,False,Médio,Regular,Alta,False,Alta,True,False,Alto,Boa,Completa,Alta,Boa,0.20631786771964464,False
305,9° EF,False,Feminino,6,True,True,False,False,Branca,Urbana,Aprovado,False,97.9,8.1,Médio,1461.07,1.6,True,False,False,False,False,Baixo,Bom,Alta,False,Alta,False,False,Moderado,Regular,Completa,Baixa,Boa,0.2686739058900955,False
306,3° EM,False,Masculino,7,False,True,False,False,Parda,Urbana,Reprovado,False,85.7,5.1,Médio,2743.62,1.6,False,False,False,False,False,Médio,Bom,Média,True,Média,False,False,Moderado,Ruim,Insuficiente,Alta,Boa,0.3124383020730504,False
307,7° EF,False,Outro,7,False,True,True,True,Branca,Rural,Aprovado,False,75.5,5.2,Baixo,2564.11,2.6,False,False,True,False,False,Alto,Ruim,Baixa,False,Alta,True,False,Moderado,Boa,Completa,Alta,Boa,0.3578479763079961,True
308,4° EF,False,Masculino,6,False,True,True,False,Branca,Urbana,Aprovado,False,90.5,5.6,Muito baixo,3833.21,0.4,False,False,False,True,False,Médio,Bom,Alta,False,Alta,False,False,Moderado,Boa,Completa,Média,Regular,0.5931227377426787,True
309,1° EM,False,Masculino,17,True,True,True,False,Não declarada,Urbana,Aprovado,False,76.9,9.6,Alto,4476.87,0.9,False,False,False,True,False,Alto,Ruim,Média,False,Alta,False,False,Moderado,Boa,Insuficiente,Alta,Regular,0.4628167160250083,False
310,4° EF,False,Feminino,12,False,True,True,False,Parda,Rural,Aprovado,False,84.5,6.7,Muito baixo,5195.4,2.3,True,False,False,False,False,Alto,Bom,Alta,False,Média,False,False,Alto,Boa,Parcial,Alta,Ruim,0.4039157617637381,False
311,6° EF,False,Feminino,6,False,True,False,False,Parda,Urbana,Aprovado,False,88.2,9.3,Muito baixo,4941.89,2.6,False,False,False,False,False,Alto,Regular,Alta,False,Alta,True,True,Baixo,Boa,Completa,Alta,Boa,0.09279368213228031,False
312,1° EF,False,Feminino,10,False,True,True,False,Parda,Urbana,Aprovado,False,96.3,3.5,Baixo,3298.25,2.6,False,False,False,False,False,Alto,Regular,Alta,True,Alta,False,False,Alto,Boa,Completa,Média,Boa,0.33909180651530113,True
313,1° EF,False,Feminino,15,False,True,False,False,Branca,Urbana,Aprovado,False,87.9,9.0,Baixo,1372.06,1.2,False,False,False,False,False,Médio,Bom,Alta,False,Baixa,False,True,Baixo,Ruim,Completa,Alta,Regular,0.10908193484698911,False
314,3° EM,False,Feminino,6,False,True,False,False,Branca,Urbana,Reprovado,False,92.3,6.0,Médio,5965.57,1.0,False,True,False,False,False,Médio,Bom,Alta,False,Alta,False,False,Alto,Boa,Parcial,Alta,Boa,0.23543928923988158,False
315,1° EM,False,Masculino,8,False,True,False,False,Indígena,Urbana,Aprovado,False,99.8,8.5,Médio,4295.78,1.5,False,False,False,True,False,Baixo,Regular,Média,True,Baixa,False,False,Alto,Boa,Completa,Média,Regular,0.40408028956893727,False
316,9° EF,False,Feminino,7,False,True,True,False,Parda,Urbana,Reprovado,False,77.8,1.6,Muito baixo,3521.55,2.2,True,False,True,False,False,Alto,Bom,Alta,False,Alta,False,False,Baixo,Boa,Parcial,Alta,Regular,0.6887133925633433,True
317,5° EF,False,Feminino,13,False,True,True,True,Parda,Urbana,Aprovado,False,82.6,9.6,Baixo,8053.95,3.5,True,False,False,False,False,Baixo,Regular,Alta,False,Média,True,False,Moderado,Ruim,Completa,Alta,Boa,0.2701546561368872,False
318,3° EF,False,Feminino,17,False,True,True,False,Parda,Urbana,Evadido,False,85.7,4.8,Médio,7095.28,0.0,True,False,False,False,False,Médio,Regular,Média,True,Alta,False,True,Baixo,Regular,Parcial,Média,Regular,0.49177360974004614,False
319,2° EF,False,Masculino,9,False,False,False,False,Parda,Urbana,Evadido,False,86.3,6.3,Alto,7980.77,1.8,False,False,False,False,False,Médio,Bom,Alta,False,Média,False,False,Moderado,Boa,Completa,Alta,Boa,0.2502467917077987,False
320,3° EF,False,Feminino,8,False,True,True,False,Branca,Urbana,Aprovado,False,86.0,9.4,Médio,5087.28,0.7,False,False,False,False,False,Médio,Regular,Média,False,Baixa,False,False,Baixo,Boa,Parcial,Baixa,Ruim,0.09871668311944719,False
321,7° EF,False,Feminino,9,False,True,False,False,Branca,Urbana,Aprovado,False,97.2,7.9,Muito baixo,2183.68,0.3,False,False,False,False,False,Alto,Regular,Alta,False,Baixa,False,False,Moderado,Boa,Completa,Média,Boa,0.11747285291214213,False
322,9° EF,False,Masculino,13,True,True,False,False,Branca,Urbana,Aprovado,False,92.6,7.4,Médio,6692.32,3.0,False,False,False,False,False,Médio,Regular,Baixa,True,Alta,False,False,Moderado,Boa,Completa,Média,Boa,0.1648568608094768,False
323,8° EF,False,Feminino,7,True,True,True,False,Branca,Urbana,Reprovado,False,90.3,9.2,Médio,2783.0,2.5,False,False,False,False,False,Médio,Regular,Baixa,False,Alta,False,False,Alto,Regular,Completa,Alta,Regular,0.08736426456071082,False
324,4° EF,False,Masculino,16,False,True,True,False,Parda,Urbana,Aprovado,False,83.6,7.8,Muito alto,4658.56,2.4,False,False,False,False,False,Alto,Bom,Alta,True,Alta,False,False,Moderado,Boa,Completa,Média,Regular,0.18953603158933868,False
325,3° EM,True,Outro,6,True,True,False,False,Parda,Urbana,Evadido,False,84.1,7.5,Muito baixo,222.19,3.9,False,False,False,False,True,Baixo,Ruim,Alta,True,Alta,False,False,Baixo,Ruim,Parcial,Baixa,Boa,0.20187561697926953,False
326,9° EF,False,Feminino,14,False,True,True,True,Parda,Urbana,Reprovado,False,98.5,3.6,Baixo,7721.89,1.5,False,False,False,False,False,Alto,Ruim,Alta,True,Alta,False,False,Alto,Boa,Parcial,Baixa,Ruim,0.3232971372161896,True
327,7° EF,False,Masculino,17,False,True,False,False,Branca,Urbana,Em andamento,False,95.0,6.7,Muito baixo,2143.88,1.6,False,False,False,False,False,Baixo,Bom,Baixa,True,Alta,False,False,Baixo,Regular,Completa,Baixa,Ruim,0.18756169792694968,False
328,8° EF,False,Feminino,9,False,True,True,False,Preta,Urbana,Aprovado,False,59.9,5.3,Muito baixo,8342.33,4.2,False,False,False,False,False,Médio,Bom,Média,False,Baixa,False,False,Alto,Ruim,Parcial,Alta,Ruim,0.4299111549851926,False
329,6° EF,False,Outro,11,True,False,True,False,Parda,Urbana,Aprovado,False,90.9,8.6,Muito baixo,8032.33,1.8,False,False,True,False,False,Alto,Regular,Média,False,Alta,False,True,Moderado,Ruim,Parcial,Alta,Boa,0.1140177690029615,False
330,3° EF,False,Masculino,19,True,True,True,False,Parda,Urbana,Evadido,False,72.8,3.6,Baixo,4844.82,2.7,False,False,False,False,True,Baixo,Ruim,Baixa,False,Baixa,False,False,Moderado,Boa,Parcial,Alta,Boa,0.45014807502467924,False
331,5° EF,False,Masculino,12,False,True,True,False,Preta,Urbana,Reprovado,False,82.2,6.2,Médio,7076.33,2.0,False,False,False,False,False,Alto,Bom,Alta,False,Alta,False,False,Alto,Ruim,Completa,Média,Boa,0.2754195459032577,False
332,1° EM,False,Masculino,8,False,True,False,False,Branca,Rural,Reprovado,False,73.6,6.7,Médio,6079.97,0.2,False,False,True,False,False,Alto,Bom,Alta,False,Alta,False,False,Alto,Regular,Parcial,Alta,Boa,0.29318854886475826,True
333,1° EF,False,Feminino,11,False,True,True,False,Parda,Urbana,Aprovado,False,90.2,9.1,Médio,7544.57,0.0,False,False,False,False,False,Alto,Bom,Alta,False,Alta,False,False,Alto,Regular,Completa,Alta,Boa,0.09279368213228038,False
334,2° EF,False,Feminino,19,True,True,True,False,Branca,Urbana,Aprovado,False,92.0,4.2,Alto,4583.39,1.4,False,False,False,False,False,Alto,Regular,Alta,False,Média,False,False,Alto,Boa,Completa,Média,Ruim,0.32576505429417574,False
335,1° EF,False,Feminino,14,False,True,True,False,Preta,Urbana,Aprovado,False,77.0,9.1,Muito baixo,7406.85,3.1,False,True,False,False,False,Baixo,Bom,Baixa,True,Alta,False,False,Moderado,Boa,Completa,Baixa,Regular,0.15794669299111555,False
336,1° EF,False,Feminino,7,False,True,True,False,Parda,Urbana,Aprovado,False,85.4,6.8,Médio,4827.86,2.8,True,False,True,False,False,Médio,Regular,Média,True,Baixa,False,False,Moderado,Boa,Completa,Média,Boa,0.3945376768673906,False
337,2° EM,False,Masculino,13,True,True,False,False,Parda,Urbana,Aprovado,False,87.0,7.3,Muito baixo,8644.35,2.9,True,False,False,False,False,Alto,Bom,Média,True,Alta,False,False,Baixo,Boa,Insuficiente,Baixa,Ruim,0.3619611714379731,True
338,9° EF,False,Masculino,13,True,True,False,False,Parda,Urbana,Aprovado,False,85.1,6.8,Médio,5018.61,1.0,False,False,False,False,False,Médio,Bom,Média,True,Média,False,False,Alto,Ruim,Completa,Baixa,Ruim,0.23149062191510372,True
339,6° EF,False,Feminino,13,True,True,False,False,Parda,Urbana,Reprovado,False,77.3,4.8,Muito baixo,4829.16,3.6,False,False,False,False,False,Médio,Bom,Média,True,Baixa,False,False,Alto,Boa,Parcial,Alta,Ruim,0.3687068114511353,True
340,2° EF,False,Feminino,12,False,True,True,False,Amarela,Urbana,Aprovado,False,86.2,8.9,Médio,7400.98,1.0,False,True,False,False,False,Médio,Bom,Alta,False,Alta,False,False,Moderado,Regular,Completa,Média,Regular,0.1224086870681145,False
341,6° EF,False,Feminino,12,False,True,False,False,Preta,Urbana,Aprovado,False,93.4,5.5,Médio,7692.14,2.2,False,False,False,True,False,Alto,Bom,Média,True,Média,False,False,Alto,Regular,Parcial,Média,Boa,0.5837446528463311,False
342,6° EF,False,Masculino,13,False,True,True,False,Branca,Urbana,Aprovado,False,74.4,7.9,Baixo,5561.89,2.0,False,False,False,False,False,Médio,Bom,Alta,False,Alta,False,True,Moderado,Regular,Completa,Média,Regular,0.23000987166831194,False
343,3° EF,False,Masculino,9,False,True,True,False,Preta,Urbana,Aprovado,False,75.1,8.2,Baixo,2573.43,1.8,False,True,False,False,False,Alto,Ruim,Baixa,False,Alta,False,False,Baixo,Boa,Completa,Alta,Ruim,0.2117472852912143,False
344,6° EF,False,Masculino,9,False,True,True,False,Branca,Urbana,Aprovado,False,84.7,0.1,Baixo,4870.15,3.3,False,False,False,False,False,Alto,Regular,Média,False,Alta,False,True,Alto,Boa,Parcial,Média,Regular,0.5641658440276407,True
345,5° EF,False,Masculino,12,True,True,True,False,Parda,Urbana,Aprovado,False,98.1,7.0,Médio,8860.55,1.3,False,False,False,False,False,Alto,Bom,Alta,True,Alta,False,False,Baixo,Regular,Completa,Baixa,Boa,0.1574531095755183,False
346,8° EF,False,Outro,16,True,True,True,False,Parda,Urbana,Aprovado,False,91.6,5.7,Muito baixo,7145.07,0.7,True,False,False,False,False,Médio,Bom,Alta,False,Média,True,False,Alto,Regular,Completa,Alta,Boa,0.41822968081605805,False
347,8° EF,False,Masculino,11,True,False,True,True,Parda,Urbana,Aprovado,False,91.8,6.0,Médio,7609.07,2.0,False,False,False,False,False,Médio,Ruim,Média,False,Alta,False,False,Baixo,Regular,Completa,Alta,Boa,0.23790720631786777,False
348,1° EF,False,Feminino,10,True,True,True,False,Parda,Rural,Aprovado,False,84.9,6.8,Médio,1401.21,1.6,False,False,False,False,False,Baixo,Bom,Alta,True,Média,False,True,Moderado,Regular,Completa,Alta,Regular,0.23247778874629813,True
349,5° EF,False,Masculino,8,False,True,False,False,Branca,Urbana,Reprovado,False,90.0,6.0,Muito baixo,4870.95,5.4,False,False,False,False,False,Médio,Bom,Média,False,Alta,False,True,Moderado,Regular,Completa,Média,Regular,0.246791707798618,False
350,8° EF,False,Masculino,9,False,True,True,False,Branca,Urbana,Aprovado,False,66.1,4.9,Alto,6296.72,2.7,False,False,False,False,False,Médio,Ruim,Alta,True,Média,False,False,Alto,Boa,Parcial,Média,Boa,0.41905231984205343,False
351,7° EF,False,Masculino,6,True,True,True,False,Branca,Urbana,Reprovado,False,90.9,5.1,Alto,7759.57,1.6,False,False,False,False,False,Médio,Bom,Alta,False,Alta,False,False,Alto,Boa,Insuficiente,Baixa,Regular,0.28677196446199416,False
352,2° EM,False,Masculino,16,False,True,True,True,Branca,Urbana,Evadido,False,97.3,8.8,Médio,1532.4,0.9,False,False,False,True,False,Baixo,Bom,Alta,False,Média,False,False,Moderado,Ruim,Completa,Média,Boa,0.401612372490951,True
353,8° EF,False,Feminino,17,False,True,True,False,Branca,Urbana,Evadido,False,90.4,5.8,Baixo,7938.28,0.1,False,False,False,False,False,Alto,Regular,Alta,False,Alta,False,False,Moderado,Regular,Completa,Média,Ruim,0.25468904244817375,False
354,3° EF,False,Masculino,9,False,True,False,False,Parda,Urbana,Aprovado,False,96.3,7.6,Alto,5513.34,1.0,False,False,False,False,False,Alto,Regular,Alta,True,Média,True,False,Baixo,Ruim,Parcial,Média,Boa,0.1367226061204344,False
355,1° EF,False,Masculino,11,True,True,True,False,Parda,Rural,Evadido,False,92.8,8.9,Muito baixo,2713.14,2.1,False,False,False,False,False,Médio,Bom,Alta,False,Alta,False,False,Moderado,Boa,Completa,Média,Regular,0.08983218163869695,True
356,8° EF,False,Feminino,6,False,False,False,False,Parda,Urbana,Evadido,False,77.3,5.9,Alto,3669.76,3.4,True,False,False,False,False,Alto,Regular,Baixa,False,Baixa,False,False,Alto,Ruim,Completa,Alta,Boa,0.47894044093451804,False
357,1° EF,False,Masculino,18,True,True,True,False,Branca,Urbana,Aprovado,False,97.0,6.5,Baixo,3388.01,3.1,False,False,True,False,False,Alto,Bom,Baixa,False,Alta,False,False,Baixo,Boa,Completa,Alta,Boa,0.18756169792694968,False
358,7° EF,False,Masculino,18,False,True,True,False,Parda,Rural,Evadido,False,74.1,5.6,Médio,5373.43,2.2,False,False,False,False,False,Baixo,Ruim,Alta,False,Alta,False,False,Alto,Regular,Insuficiente,Alta,Boa,0.345014807502468,False
359,3° EM,False,Feminino,11,False,True,True,False,Branca,Urbana,Aprovado,False,88.7,10.0,Muito baixo,1551.63,1.7,False,False,False,False,False,Baixo,Ruim,Alta,False,Média,False,False,Baixo,Regular,Completa,Alta,Regular,0.055774925962487655,False
360,7° EF,False,Masculino,6,False,True,True,False,Branca,Urbana,Reprovado,False,78.2,6.8,Muito baixo,2403.85,2.3,True,True,False,False,False,Médio,Bom,Alta,False,Alta,False,False,Moderado,Boa,Parcial,Baixa,Regular,0.4300756827903916,False
361,5° EF,False,Feminino,10,False,True,True,True,Branca,Rural,Aprovado,False,66.7,5.1,Baixo,7621.28,1.5,False,False,False,False,False,Alto,Regular,Alta,True,Alta,False,False,Baixo,Regular,Parcial,Média,Boa,0.4062191510365253,False
362,8° EF,False,Feminino,9,False,True,False,False,Parda,Urbana,Aprovado,True,86.3,5.8,Muito baixo,2197.02,3.7,False,False,False,False,False,Alto,Regular,Alta,False,Alta,False,False,Baixo,Regular,Completa,Média,Boa,0.43945376768673916,False
363,6° EF,False,Feminino,8,False,True,False,False,Parda,Rural,Em andamento,False,83.2,5.0,Muito alto,3000.92,1.8,False,False,False,False,False,Alto,Regular,Baixa,False,Alta,False,True,Moderado,Boa,Completa,Baixa,Boa,0.3297137216189536,False
364,7° EF,False,Masculino,6,True,True,False,False,Indígena,Urbana,Aprovado,False,87.7,9.5,Médio,4755.39,1.9,True,False,False,False,False,Médio,Bom,Alta,False,Alta,False,False,Moderado,Regular,Insuficiente,Alta,Boa,0.24991773609740048,False
365,3° EM,False,Outro,10,False,True,True,False,Branca,Urbana,Aprovado,False,89.6,7.5,Baixo,5263.85,0.2,False,False,False,False,False,Alto,Bom,Média,False,Alta,False,False,Moderado,Boa,Completa,Alta,Ruim,0.1747285291214216,False
366,5° EF,False,Masculino,10,False,True,True,False,Parda,Urbana,Aprovado,False,72.1,0.3,Médio,7229.8,1.8,False,False,False,False,False,Médio,Regular,Média,False,Média,False,False,Moderado,Boa,Parcial,Alta,Regular,0.6164856860809479,True
367,3° EM,False,Masculino,12,True,True,True,False,Preta,Urbana,Aprovado,False,77.4,9.8,Alto,4707.23,2.8,False,False,True,False,False,Alto,Regular,Alta,False,Alta,False,False,Baixo,Regular,Completa,Alta,Boa,0.12142152023692,False
368,2° EM,False,Masculino,10,True,True,True,False,Branca,Urbana,Aprovado,False,89.2,5.2,Alto,7439.2,0.9,False,False,False,False,False,Alto,Regular,Alta,True,Alta,True,False,Alto,Boa,Completa,Baixa,Boa,0.29022704837117475,False
369,3° EF,True,Feminino,9,False,True,True,False,Parda,Urbana,Evadido,False,70.9,5.7,Muito baixo,2113.63,2.2,True,False,False,False,False,Alto,Regular,Baixa,True,Alta,False,False,Baixo,Boa,Completa,Baixa,Ruim,0.5204014478446859,True
370,1° EF,False,Feminino,15,False,True,True,False,Parda,Urbana,Aprovado,False,92.9,6.2,Baixo,2041.46,2.8,True,False,False,False,False,Médio,Bom,Baixa,True,Média,False,False,Moderado,Boa,Parcial,Média,Boa,0.3871339256334321,False
371,2° EF,False,Masculino,10,False,True,True,False,Preta,Urbana,Aprovado,False,91.2,7.3,Alto,2386.27,0.5,False,False,False,False,True,Alto,Regular,Média,False,Alta,False,False,Baixo,Ruim,Completa,Média,Ruim,0.17670286278381048,True
372,1° EF,False,Masculino,10,False,True,True,False,Não declarada,Urbana,Aprovado,False,95.6,5.0,Baixo,4625.09,3.1,False,False,False,False,False,Alto,Regular,Média,True,Alta,False,False,Moderado,Boa,Completa,Baixa,Regular,0.2685093780848964,False
373,2° EF,False,Masculino,8,False,False,True,False,Parda,Urbana,Evadido,False,92.1,5.1,Médio,4304.91,1.5,True,False,False,True,False,Alto,Bom,Baixa,False,Alta,True,False,Baixo,Ruim,Completa,Alta,Boa,0.7744323790720634,False
374,9° EF,False,Feminino,10,False,True,False,False,Parda,Urbana,Aprovado,False,86.5,0.2,Muito baixo,7069.76,1.6,False,False,False,False,False,Médio,Bom,Média,False,Alta,False,False,Alto,Regular,Insuficiente,Média,Ruim,0.5503455083909182,True
375,1° EF,False,Masculino,8,True,True,True,False,Branca,Urbana,Aprovado,False,91.7,6.6,Médio,5771.24,0.9,False,False,False,False,False,Alto,Ruim,Alta,False,Baixa,False,False,Alto,Regular,Completa,Média,Ruim,0.20878578479763085,False
376,4° EF,False,Masculino,15,False,True,False,False,Branca,Urbana,Aprovado,False,82.7,5.9,Muito baixo,4235.07,2.4,False,False,False,False,False,Baixo,Regular,Alta,False,Média,False,False,Moderado,Regular,Parcial,Alta,Regular,0.28775913129318853,False
377,1° EM,False,Feminino,18,True,True,False,False,Preta,Urbana,Aprovado,False,83.5,8.5,Médio,2501.35,4.5,False,True,False,False,False,Alto,Ruim,Média,False,Baixa,False,False,Baixo,Ruim,Completa,Média,Ruim,0.15547877591312934,False
378,1° EF,False,Masculino,16,True,True,False,False,Branca,Urbana,Aprovado,False,94.2,9.6,Muito baixo,2948.61,2.8,False,True,False,False,False,Médio,Ruim,Alta,False,Alta,False,False,Baixo,Boa,Completa,Baixa,Boa,0.04837117472852913,False
379,1° EM,False,Feminino,14,False,True,False,False,Branca,Rural,Aprovado,False,86.8,3.9,Baixo,5729.48,1.1,False,True,True,True,False,Alto,Regular,Alta,False,Alta,False,False,Alto,Ruim,Completa,Alta,Regular,0.6952945047713065,True
380,4° EF,False,Masculino,9,False,True,True,False,Parda,Urbana,Evadido,False,94.4,7.0,Baixo,4516.66,3.1,True,False,False,False,False,Médio,Bom,Alta,False,Baixa,False,False,Alto,Boa,Completa,Alta,Boa,0.34024350115169466,False
381,2° EF,False,Feminino,15,False,True,True,False,Parda,Urbana,Reprovado,False,95.0,7.0,Médio,5246.36,1.7,False,False,False,False,False,Alto,Bom,Baixa,True,Média,False,True,Baixo,Regular,Completa,Alta,Boa,0.1727541954590326,False
382,9° EF,False,Masculino,16,False,True,True,False,Branca,Rural,Aprovado,False,95.9,7.7,Médio,2500.69,3.4,False,False,False,False,False,Baixo,Bom,Alta,True,Média,False,False,Alto,Boa,Insuficiente,Alta,Boa,0.13376110562685092,False
383,8° EF,False,Feminino,10,False,True,False,False,Preta,Urbana,Aprovado,False,97.4,7.0,Muito baixo,6426.61,2.8,False,False,False,False,False,Baixo,Regular,Média,True,Alta,True,False,Moderado,Regular,Completa,Baixa,Ruim,0.16090819348469892,False
384,2° EM,False,Feminino,17,True,True,False,False,Branca,Urbana,Aprovado,False,86.5,7.3,Muito alto,7939.08,0.9,False,True,False,False,False,Alto,Bom,Baixa,True,Alta,False,False,Moderado,Ruim,Insuficiente,Média,Regular,0.1999012833168806,False
385,9° EF,False,Masculino,7,False,True,True,False,Indígena,Urbana,Evadido,False,83.8,8.0,Médio,3196.67,1.0,False,False,False,False,False,Alto,Ruim,Alta,False,Alta,True,False,Moderado,Boa,Parcial,Média,Ruim,0.17867719644619945,False
386,1° EM,False,Masculino,9,True,True,False,False,Branca,Urbana,Aprovado,False,89.7,2.0,Alto,5059.62,2.9,True,False,False,False,True,Alto,Bom,Média,False,Alta,False,False,Baixo,Regular,Completa,Alta,Boa,0.6102336294833828,True
387,4° EF,False,Feminino,13,True,True,False,False,Parda,Urbana,Aprovado,False,85.1,6.6,Baixo,8920.01,2.2,False,False,True,False,False,Alto,Bom,Alta,False,Alta,False,False,Baixo,Boa,Parcial,Alta,Boa,0.24136229022704844,False
388,3° EF,False,Masculino,13,False,True,True,False,Branca,Urbana,Aprovado,False,90.1,6.7,Médio,3797.27,1.0,False,True,False,False,False,Alto,Ruim,Média,True,Alta,False,False,Alto,Boa,Insuficiente,Baixa,Boa,0.21174728529121425,False
389,9° EF,False,Masculino,8,False,True,False,False,Branca,Urbana,Aprovado,False,92.4,1.5,Baixo,5885.37,1.4,False,False,False,False,False,Alto,Regular,Média,False,Alta,False,False,Alto,Ruim,Completa,Média,Boa,0.45705824284304053,False
390,1° EM,False,Masculino,13,True,True,True,False,Indígena,Urbana,Aprovado,False,92.0,5.5,Baixo,1858.78,0.1,False,False,False,False,False,Médio,Regular,Média,True,Baixa,False,False,Alto,Boa,Completa,Média,Regular,0.2615992102665351,True
391,3° EM,False,Masculino,8,False,True,False,False,Amarela,Urbana,Aprovado,False,85.2,0.9,Baixo,5972.85,1.9,False,False,False,False,False,Alto,Bom,Média,False,Alta,True,False,Moderado,Regular,Completa,Alta,Regular,0.5222112537018756,True
392,5° EF,False,Feminino,6,False,True,True,False,Parda,Urbana,Aprovado,False,79.2,7.9,Muito baixo,1854.29,4.2,False,False,False,False,False,Alto,Ruim,Alta,True,Alta,False,False,Moderado,Ruim,Completa,Média,Regular,0.20631786771964458,False
393,5° EF,False,Feminino,6,False,False,True,False,Parda,Urbana,Reprovado,False,86.5,5.8,Muito alto,8790.07,2.8,False,True,False,False,False,Médio,Bom,Alta,False,Alta,False,False,Moderado,Ruim,Completa,Média,Regular,0.273938795656466,False
394,1° EM,False,Feminino,12,False,True,False,False,Amarela,Rural,Evadido,False,78.2,9.7,Baixo,6847.38,4.2,False,False,False,False,False,Alto,Ruim,Baixa,False,Alta,False,False,Baixo,Ruim,Completa,Média,Ruim,0.12240868706811454,False
395,5° EF,True,Feminino,10,True,True,True,False,Não declarada,Urbana,Evadido,False,87.0,5.7,Alto,2694.09,3.9,True,False,False,False,False,Médio,Regular,Média,True,Baixa,False,False,Baixo,Boa,Completa,Alta,Regular,0.4409345179335309,True
396,3° EM,False,Feminino,7,False,True,False,False,Parda,Rural,Aprovado,False,84.5,4.8,Baixo,6755.2,3.0,False,False,False,False,False,Alto,Regular,Alta,False,Média,False,False,Alto,Regular,Completa,Alta,Ruim,0.3331688055281343,False
397,2° EM,False,Feminino,8,False,True,True,False,Não declarada,Urbana,Aprovado,False,78.7,1.5,Médio,5842.96,4.0,False,False,True,False,False,Alto,Regular,Baixa,False,Alta,False,False,Alto,Boa,Completa,Alta,Boa,0.5246791707798618,True
398,6° EF,False,Masculino,14,False,True,False,False,Branca,Urbana,Aprovado,False,69.7,5.6,Muito baixo,4727.81,2.4,False,True,False,False,False,Médio,Regular,Alta,False,Alta,False,False,Moderado,Boa,Parcial,Alta,Boa,0.36673247778874635,True
399,9° EF,False,Feminino,15,False,True,True,False,Indígena,Urbana,Reprovado,False,91.1,3.9,Baixo,7985.61,1.8,False,False,False,False,False,Alto,Regular,Alta,False,Média,False,True,Alto,Ruim,Completa,Média,Boa,0.345014807502468,False
400,9° EF,False,Feminino,8,False,True,True,False,Branca,Urbana,Aprovado,False,90.9,3.2,Médio,8770.93,3.0,False,False,False,False,False,Médio,Regular,Média,True,Alta,False,False,Alto,Boa,Completa,Média,Regular,0.3805528134254689,True
401,2° EF,False,Feminino,7,False,True,False,False,Parda,Urbana,Reprovado,False,84.4,0.4,Muito baixo,5119.61,3.5,False,False,False,False,False,Médio,Bom,Alta,False,Alta,False,True,Baixo,Regular,Completa,Média,Boa,0.5508390918065154,False
402,2° EM,False,Feminino,11,False,True,False,False,Parda,Rural,Reprovado,False,74.5,7.6,Médio,8569.14,1.5,False,False,False,False,False,Alto,Regular,Alta,True,Média,False,False,Moderado,Boa,Parcial,Baixa,Ruim,0.24432379072063187,True
403,7° EF,False,Masculino,9,False,True,True,False,Parda,Urbana,Aprovado,False,86.0,8.6,Médio,5791.95,1.3,False,False,False,False,False,Alto,Regular,Alta,False,Média,False,False,Alto,Boa,Completa,Baixa,Ruim,0.1382033563672261,False
404,1° EM,False,Feminino,9,True,True,True,False,Branca,Urbana,Aprovado,False,83.6,4.8,Muito baixo,5433.44,2.1,False,False,False,False,True,Alto,Bom,Baixa,False,Alta,False,False,Moderado,Ruim,Parcial,Média,Regular,0.33761105626850946,False
405,4° EF,False,Masculino,16,False,True,True,False,Branca,Urbana,Aprovado,False,91.8,6.7,Muito baixo,4764.26,2.8,False,False,False,False,False,Alto,Bom,Média,False,Alta,False,False,Moderado,Ruim,Parcial,Alta,Boa,0.20335636722606124,False
406,2° EM,False,Masculino,19,False,True,False,False,Branca,Urbana,Aprovado,False,90.2,4.3,Médio,2808.64,2.8,False,False,False,False,False,Alto,Regular,Alta,True,Média,False,False,Alto,Regular,Completa,Baixa,Ruim,0.3297137216189536,True
407,5° EF,False,Masculino,11,False,False,False,False,Branca,Urbana,Reprovado,False,84.9,2.6,Baixo,1169.07,0.6,False,False,False,False,False,Médio,Regular,Alta,True,Baixa,False,False,Moderado,Boa,Completa,Alta,Boa,0.43978282329713725,True
408,1° EF,False,Masculino,16,False,True,False,False,Parda,Rural,Reprovado,False,81.0,9.8,Baixo,3065.61,3.9,False,False,False,False,False,Baixo,Bom,Média,False,Alta,True,False,Alto,Boa,Completa,Média,Boa,0.10365251727541952,False
409,2° EM,False,Masculino,9,False,True,True,False,Branca,Urbana,Evadido,False,99.6,9.5,Baixo,5204.85,1.4,False,False,False,False,False,Médio,Regular,Baixa,False,Baixa,False,True,Moderado,Boa,Completa,Alta,Ruim,0.026653504442250772,False
410,2° EF,False,Feminino,16,False,True,True,False,Parda,Rural,Evadido,False,87.0,7.6,Baixo,4169.88,1.7,True,False,False,False,False,Médio,Ruim,Alta,False,Média,False,False,Moderado,Boa,Parcial,Alta,Boa,0.347153668970056,False
411,4° EF,False,Feminino,18,False,True,True,False,Parda,Urbana,Aprovado,False,92.0,5.6,Baixo,4716.43,1.1,False,False,False,False,False,Alto,Regular,Média,False,Alta,False,True,Moderado,Regular,Completa,Alta,Regular,0.2566633761105627,False
412,3° EM,False,Masculino,6,True,True,False,False,Parda,Urbana,Aprovado,False,78.2,5.8,Baixo,8960.85,4.7,False,False,False,False,False,Alto,Regular,Média,False,Baixa,False,False,Baixo,Boa,Completa,Baixa,Regular,0.31490621915103656,False
413,3° EM,False,Masculino,15,False,False,False,False,Parda,Rural,Evadido,False,87.7,5.3,Baixo,3933.1,2.2,False,False,False,False,False,Baixo,Bom,Alta,False,Média,False,False,Moderado,Boa,Completa,Alta,Regular,0.29269496544916096,True
414,7° EF,False,Masculino,6,False,True,True,False,Indígena,Urbana,Evadido,False,70.1,7.5,Baixo,4745.92,1.1,False,True,False,False,False,Alto,Regular,Média,False,Média,True,False,Alto,Regular,Parcial,Média,Boa,0.2709772951628826,True
415,8° EF,False,Masculino,11,False,True,True,False,Parda,Urbana,Aprovado,False,88.1,6.0,Muito alto,2204.29,2.9,False,False,False,False,True,Alto,Bom,Média,True,Alta,False,True,Baixo,Regular,Completa,Alta,Boa,0.2561697926949655,False
416,6° EF,False,Feminino,8,False,True,True,False,Preta,Urbana,Evadido,False,98.8,9.2,Médio,1521.9,2.8,False,False,False,False,False,Baixo,Bom,Alta,True,Alta,False,False,Moderado,Boa,Completa,Alta,Boa,0.04540967423494576,False
417,4° EF,False,Feminino,16,False,True,True,False,Preta,Rural,Aprovado,False,85.4,7.5,Baixo,7323.91,1.8,False,False,False,False,False,Alto,Bom,Baixa,True,Alta,False,False,Alto,Boa,Completa,Alta,Regular,0.19545903257650543,True
418,4° EF,False,Feminino,16,True,True,True,False,Parda,Urbana,Evadido,False,71.6,5.2,Médio,5691.05,2.8,False,False,False,False,False,Baixo,Regular,Baixa,False,Alta,False,False,Alto,Regular,Completa,Alta,Ruim,0.37709772951628834,True
419,9° EF,False,Outro,16,False,True,False,False,Parda,Rural,Aprovado,True,70.6,5.8,Baixo,7206.63,1.2,False,False,False,False,False,Alto,Ruim,Baixa,True,Alta,False,False,Baixo,Regular,Completa,Alta,Boa,0.5169463639355052,True
420,9° EF,False,Feminino,7,False,True,False,False,Branca,Urbana,Reprovado,False,85.5,1.4,Alto,2334.68,1.5,False,False,False,False,False,Baixo,Bom,Média,False,Alta,False,False,Alto,Boa,Completa,Baixa,Boa,0.49605133267522217,False
421,1° EM,False,Feminino,15,False,True,True,False,Parda,Urbana,Aprovado,False,79.0,9.9,Médio,5700.19,0.0,False,True,False,False,False,Baixo,Regular,Alta,False,Alta,False,True,Moderado,Boa,Insuficiente,Média,Ruim,0.10858835143139191,False
422,1° EM,False,Masculino,8,False,True,False,False,Preta,Urbana,Reprovado,False,69.4,5.1,Baixo,3162.4,0.7,True,False,True,False,False,Alto,Bom,Baixa,False,Média,False,False,Moderado,Boa,Parcial,Média,Boa,0.5574202040144786,True
423,2° EF,False,Masculino,15,False,True,True,True,Parda,Rural,Aprovado,False,93.5,2.0,Baixo,2958.38,3.8,False,False,False,False,False,Médio,Bom,Média,False,Baixa,False,False,Alto,Regular,Completa,Alta,Boa,0.42694965449160915,False
424,6° EF,False,Masculino,11,False,True,False,False,Parda,Urbana,Aprovado,False,87.1,7.4,Baixo,1231.33,3.6,False,False,False,False,False,Alto,Regular,Alta,False,Alta,False,False,Alto,Regular,Completa,Baixa,Regular,0.19200394866732481,False
425,1° EF,False,Masculino,15,True,True,False,False,Parda,Urbana,Evadido,False,83.0,7.3,Médio,2178.97,2.1,False,False,False,False,False,Alto,Bom,Alta,False,Baixa,False,False,Alto,Boa,Completa,Média,Ruim,0.21717670286278387,False
426,7° EF,False,Masculino,6,True,True,True,False,Preta,Rural,Em andamento,False,97.0,8.1,Baixo,3606.06,3.7,False,False,False,False,False,Médio,Regular,Média,True,Alta,True,False,Alto,Boa,Parcial,Alta,Regular,0.10858835143139194,False
427,6° EF,False,Masculino,11,False,True,False,False,Parda,Urbana,Evadido,False,77.1,8.0,Alto,2071.6,1.8,False,False,False,False,False,Alto,Regular,Média,False,Média,False,False,Baixo,Regular,Parcial,Baixa,Regular,0.21174728529121425,False
428,2° EM,True,Masculino,17,True,True,False,False,Parda,Urbana,Evadido,True,91.4,5.4,Baixo,3369.86,2.8,True,False,False,False,False,Médio,Ruim,Baixa,False,Média,False,False,Moderado,Boa,Completa,Alta,Ruim,0.5985521553142482,False
429,5° EF,False,Feminino,12,True,True,False,False,Branca,Urbana,Reprovado,False,83.7,4.7,Médio,3600.99,2.1,False,False,False,False,False,Baixo,Bom,Alta,False,Alta,False,False,Alto,Regular,Completa,Média,Regular,0.3420533070088846,True
430,2° EF,False,Outro,19,False,True,True,False,Parda,Urbana,Reprovado,False,96.7,9.7,Muito baixo,2178.84,1.9,False,False,False,False,False,Médio,Ruim,Baixa,False,Alta,True,False,Alto,Boa,Completa,Média,Boa,0.031095755182625893,False
431,2° EF,False,Feminino,11,False,True,True,False,Branca,Urbana,Aprovado,False,90.2,9.4,Baixo,2727.24,1.8,False,False,False,False,False,Médio,Bom,Média,False,Baixa,True,False,Alto,Boa,Completa,Média,Boa,0.07798617966436326,False
432,1° EM,False,Feminino,14,False,True,True,False,Parda,Urbana,Aprovado,False,95.1,1.7,Médio,5826.8,3.1,False,False,False,True,False,Médio,Ruim,Média,True,Alta,False,False,Alto,Ruim,Completa,Baixa,Regular,0.7629154327081278,True
433,8° EF,False,Feminino,9,False,True,True,False,Branca,Urbana,Aprovado,False,99.5,6.3,Médio,1650.2,2.2,False,False,False,False,False,Médio,Ruim,Alta,False,Baixa,False,False,Baixo,Ruim,Parcial,Alta,Boa,0.18509378084896352,True
434,2° EF,False,Masculino,9,False,True,True,False,Preta,Urbana,Aprovado,True,83.0,5.3,Baixo,8018.0,2.7,False,False,False,False,False,Baixo,Ruim,Média,False,Alta,True,True,Baixo,Regular,Completa,Média,Ruim,0.48042119118130977,False
435,2° EF,False,Feminino,13,False,True,False,False,Não declarada,Urbana,Em andamento,True,98.7,9.4,Médio,8808.13,3.0,False,False,False,False,False,Alto,Regular,Baixa,False,Alta,False,True,Alto,Boa,Completa,Baixa,Ruim,0.20055939453767688,True
436,9° EF,False,Feminino,6,True,False,True,False,Branca,Urbana,Aprovado,False,85.5,5.3,Médio,3107.41,2.4,False,False,False,False,False,Médio,Regular,Alta,True,Média,False,False,Moderado,Boa,Parcial,Alta,Regular,0.30355380059230014,False
437,1° EF,False,Masculino,18,False,True,True,False,Parda,Urbana,Em andamento,False,85.4,1.2,Médio,4729.27,1.0,True,False,False,True,False,Médio,Regular,Alta,False,Baixa,False,False,Alto,Boa,Parcial,Média,Boa,1.0,True
438,1° EM,False,Masculino,12,False,True,True,False,Não declarada,Urbana,Aprovado,False,84.4,6.3,Baixo,1315.94,0.6,False,False,False,False,False,Alto,Regular,Baixa,False,Média,False,False,Moderado,Regular,Completa,Alta,Boa,0.2596248766041461,False
439,9° EF,False,Feminino,8,False,True,False,False,Preta,Rural,Aprovado,False,88.9,9.1,Médio,6249.58,2.1,False,False,False,False,False,Alto,Regular,Média,True,Média,False,False,Alto,Regular,Completa,Baixa,Regular,0.09921026653504443,False
440,2° EF,False,Masculino,13,False,True,False,False,Branca,Urbana,Reprovado,True,78.7,6.6,Médio,4440.79,1.8,True,False,False,False,False,Baixo,Ruim,Alta,True,Alta,False,False,Moderado,Regular,Completa,Alta,Regular,0.6020072392234289,True
441,2° EF,False,Masculino,8,False,True,True,False,Parda,Urbana,Aprovado,False,89.1,5.9,Médio,3293.33,2.1,False,False,False,False,False,Alto,Regular,Média,False,Média,False,False,Alto,Regular,Completa,Média,Boa,0.2561697926949655,False
442,3° EM,False,Feminino,17,False,False,True,False,Branca,Urbana,Aprovado,False,88.9,7.5,Médio,2789.09,2.0,False,False,False,False,False,Alto,Bom,Média,True,Alta,True,False,Moderado,Boa,Completa,Média,Regular,0.17818361303060218,True
443,5° EF,False,Masculino,17,False,True,False,False,Branca,Urbana,Aprovado,False,93.6,4.4,Alto,6355.76,4.6,True,False,False,False,False,Médio,Regular,Alta,True,Alta,False,False,Baixo,Boa,Parcial,Média,Boa,0.47252385653175394,False
444,5° EF,False,Masculino,8,False,True,False,False,Branca,Urbana,Aprovado,False,95.3,6.4,Baixo,4459.06,0.7,False,True,True,False,False,Médio,Regular,Baixa,False,Baixa,False,False,Moderado,Regular,Completa,Alta,Regular,0.20088845014807508,False
445,1° EM,False,Feminino,7,False,True,False,False,Amarela,Urbana,Aprovado,False,86.7,3.5,Médio,2572.33,0.0,True,True,False,False,False,Médio,Bom,Baixa,False,Média,False,False,Alto,Boa,Completa,Alta,Boa,0.5510036196117144,True
446,3° EM,False,Feminino,13,False,True,False,False,Preta,Urbana,Aprovado,False,83.4,5.1,Médio,6635.6,2.3,False,False,False,False,False,Médio,Bom,Alta,False,Média,False,True,Baixo,Regular,Completa,Alta,Ruim,0.3237907206317868,True
447,3° EM,False,Feminino,9,False,True,True,False,Não declarada,Urbana,Em andamento,False,82.2,7.7,Médio,5646.3,1.6,False,False,False,False,False,Baixo,Regular,Alta,False,Alta,False,True,Moderado,Boa,Parcial,Alta,Ruim,0.20138203356367226,False
448,9° EF,False,Masculino,7,False,True,True,False,Parda,Urbana,Aprovado,False,80.2,5.2,Baixo,7988.0,2.3,False,False,False,False,False,Médio,Bom,Média,True,Média,False,False,Moderado,Regular,Completa,Média,Ruim,0.33464955577492594,False
449,5° EF,False,Masculino,9,False,True,True,False,Parda,Rural,Aprovado,False,73.4,1.5,Médio,2076.36,2.6,True,False,False,False,False,Médio,Ruim,Alta,True,Alta,True,False,Alto,Regular,Completa,Média,Regular,0.715366897005594,True
450,2° EF,False,Feminino,7,False,True,True,False,Parda,Urbana,Reprovado,False,84.4,4.6,Baixo,7405.72,3.3,False,False,False,False,False,Baixo,Regular,Alta,True,Média,False,False,Baixo,Regular,Parcial,Baixa,Boa,0.34353405725567626,False
451,1° EM,False,Feminino,16,False,True,True,False,Branca,Urbana,Reprovado,False,82.5,2.4,Médio,6511.24,0.5,True,False,False,False,False,Alto,Regular,Alta,False,Alta,False,False,Baixo,Boa,Parcial,Média,Boa,0.6260282987824942,True
452,7° EF,False,Masculino,6,False,True,True,False,Amarela,Rural,Aprovado,False,98.9,1.5,Médio,2056.7,1.4,False,False,False,False,False,Baixo,Bom,Alta,False,Alta,False,True,Alto,Regular,Completa,Baixa,Boa,0.4249753208292202,True
453,6° EF,False,Feminino,6,False,True,True,False,Parda,Urbana,Aprovado,True,89.2,7.5,Baixo,6681.15,2.4,False,False,False,False,False,Alto,Bom,Alta,True,Alta,False,True,Alto,Boa,Completa,Alta,Regular,0.34123066798288915,False
454,2° EM,False,Masculino,15,True,False,True,False,Branca,Urbana,Reprovado,False,84.5,7.6,Baixo,4661.09,2.8,False,False,False,False,False,Alto,Bom,Média,False,Baixa,True,False,Alto,Regular,Parcial,Média,Ruim,0.19496544916090824,True
455,2° EF,False,Feminino,11,True,True,True,False,Branca,Urbana,Reprovado,False,89.7,8.6,Baixo,8676.41,4.2,True,True,False,False,False,Alto,Bom,Alta,False,Média,False,False,Alto,Ruim,Completa,Média,Regular,0.28446857518920704,False
456,6° EF,False,Feminino,13,False,True,True,False,Parda,Urbana,Evadido,False,78.1,8.7,Muito alto,2268.86,3.0,False,False,False,False,False,Médio,Bom,Alta,False,Média,False,False,Moderado,Boa,Completa,Baixa,Boa,0.1722606120434354,False
457,1° EF,False,Outro,10,False,True,True,False,Parda,Urbana,Aprovado,False,86.8,5.4,Baixo,6266.51,1.9,False,False,False,False,False,Alto,Bom,Média,True,Baixa,False,False,Moderado,Boa,Parcial,Alta,Regular,0.2922013820335637,True
458,6° EF,False,Masculino,6,False,True,True,False,Amarela,Urbana,Em andamento,False,90.7,4.6,Baixo,4186.0,1.1,False,False,False,False,False,Alto,Regular,Alta,False,Média,False,False,Baixo,Boa,Completa,Baixa,Boa,0.3124383020730504,False
459,1° EF,False,Feminino,7,True,True,True,False,Branca,Urbana,Aprovado,False,87.8,5.7,Alto,8770.76,1.4,False,False,False,False,False,Baixo,Regular,Alta,False,Baixa,False,False,Alto,Boa,Completa,Alta,Boa,0.27245804540967433,False
460,2° EF,False,Feminino,6,False,False,True,False,Parda,Urbana,Aprovado,False,85.8,8.0,Baixo,3771.21,1.4,False,False,False,False,False,Alto,Bom,Baixa,True,Alta,False,True,Moderado,Boa,Parcial,Alta,Ruim,0.1688055281342547,False
461,2° EF,False,Masculino,13,False,True,True,False,Branca,Urbana,Aprovado,False,99.8,9.2,Médio,8813.6,2.7,True,False,False,False,False,Alto,Regular,Alta,False,Baixa,False,True,Moderado,Boa,Completa,Média,Boa,0.20500164527805206,True
462,8° EF,False,Outro,18,False,True,True,False,Branca,Rural,Aprovado,False,96.5,9.6,Baixo,8329.47,2.3,False,False,False,True,False,Baixo,Bom,Média,False,Alta,False,True,Alto,Boa,Parcial,Média,Ruim,0.3660743665679501,True
463,9° EF,False,Masculino,19,True,True,True,False,Parda,Urbana,Aprovado,False,90.6,1.3,Baixo,3295.92,0.7,False,False,True,False,False,Alto,Regular,Alta,True,Alta,False,False,Moderado,Boa,Completa,Alta,Boa,0.47581441263573543,False
464,7° EF,False,Masculino,13,True,True,False,False,Parda,Rural,Aprovado,False,89.5,5.5,Médio,7548.29,1.6,False,True,False,False,False,Alto,Regular,Alta,False,Alta,False,False,Moderado,Ruim,Parcial,Baixa,Regular,0.273938795656466,False
465,3° EM,False,Feminino,6,False,True,True,False,Amarela,Urbana,Aprovado,False,90.6,9.8,Alto,9080.14,2.9,False,False,False,False,False,Médio,Ruim,Média,False,Baixa,False,True,Baixo,Regular,Completa,Alta,Boa,0.0562685093780849,False
466,5° EF,False,Masculino,13,False,True,True,False,Parda,Urbana,Aprovado,False,80.4,5.7,Médio,3154.59,2.4,False,False,False,False,False,Alto,Bom,Média,True,Média,False,True,Baixo,Boa,Completa,Alta,Boa,0.30898321816386976,True
467,4° EF,False,Outro,14,False,True,True,False,Não declarada,Urbana,Evadido,True,85.7,8.3,Médio,4623.05,2.6,False,False,False,False,False,Baixo,Regular,Média,True,Alta,False,False,Moderado,Boa,Parcial,Média,Boa,0.3190194142810135,False
468,2° EM,False,Feminino,16,False,False,True,False,Parda,Urbana,Aprovado,False,71.6,5.7,Médio,5288.26,2.4,False,False,False,False,False,Alto,Bom,Baixa,False,Média,False,False,Moderado,Boa,Parcial,Alta,Boa,0.3524185587364265,False
469,3° EF,False,Masculino,7,False,True,True,False,Parda,Urbana,Aprovado,False,87.5,8.7,Baixo,3491.71,3.6,False,False,True,False,False,Médio,Bom,Alta,False,Média,True,False,Alto,Regular,Parcial,Média,Boa,0.1258637709772952,False
470,3° EM,False,Feminino,8,False,True,False,False,Branca,Urbana,Aprovado,False,88.9,9.4,Baixo,1261.15,2.2,False,False,False,False,False,Médio,Ruim,Baixa,False,Alta,False,True,Alto,Boa,Parcial,Alta,Boa,0.08440276406712731,False
471,1° EF,False,Feminino,19,False,True,False,False,Parda,Rural,Aprovado,False,81.3,5.9,Médio,2895.11,1.6,False,False,False,False,False,Alto,Regular,Alta,False,Média,False,False,Moderado,Boa,Completa,Baixa,Boa,0.2946692991115499,False
472,3° EM,False,Masculino,16,False,True,True,False,Branca,Urbana,Reprovado,False,98.8,8.1,Baixo,3388.07,1.1,False,False,False,False,False,Alto,Bom,Média,True,Média,True,False,Moderado,Boa,Completa,Média,Boa,0.0997038499506417,False
473,1° EF,False,Feminino,15,False,True,False,False,Parda,Urbana,Aprovado,False,97.2,9.8,Baixo,4677.46,2.2,False,False,False,False,True,Alto,Bom,Média,False,Alta,True,True,Baixo,Boa,Completa,Média,Boa,0.023692003948667276,False
474,2° EM,False,Feminino,16,False,True,True,False,Branca,Rural,Aprovado,False,92.7,9.2,Alto,2504.08,0.4,True,False,False,False,False,Médio,Bom,Alta,False,Média,False,False,Alto,Regular,Parcial,Média,Regular,0.24004606778545584,False
475,7° EF,False,Masculino,10,True,True,True,False,Parda,Urbana,Aprovado,False,88.7,9.5,Médio,8104.3,1.8,False,False,False,False,False,Médio,Bom,Alta,False,Alta,False,False,Moderado,Boa,Insuficiente,Média,Boa,0.08045409674234946,False
476,3° EM,False,Masculino,8,False,True,True,False,Amarela,Urbana,Aprovado,False,96.2,5.1,Baixo,6761.63,1.8,False,False,False,False,False,Alto,Ruim,Baixa,True,Alta,False,False,Moderado,Regular,Completa,Alta,Regular,0.2606120434353406,False
477,1° EF,False,Masculino,14,False,True,True,False,Parda,Urbana,Aprovado,False,77.7,6.3,Alto,1818.94,0.6,True,False,False,False,False,Alto,Ruim,Alta,True,Alta,False,False,Moderado,Regular,Parcial,Média,Regular,0.4572227706482397,False
478,7° EF,False,Masculino,9,False,True,True,False,Parda,Urbana,Aprovado,False,94.3,6.5,Médio,6324.41,1.1,True,False,False,False,False,Médio,Bom,Baixa,False,Média,False,False,Alto,Boa,Completa,Média,Boa,0.3654162553471538,True
479,3° EM,False,Masculino,7,True,True,True,False,Branca,Urbana,Aprovado,False,77.5,6.3,Alto,6352.83,2.8,False,False,False,False,False,Baixo,Ruim,Alta,True,Média,False,False,Alto,Ruim,Parcial,Média,Ruim,0.2936821322803554,True
480,7° EF,False,Masculino,17,False,True,True,False,Parda,Urbana,Em andamento,False,94.3,3.7,Alto,8766.03,2.2,False,False,False,False,False,Alto,Regular,Média,True,Alta,False,True,Moderado,Boa,Completa,Alta,Ruim,0.33909180651530113,True
481,8° EF,False,Masculino,11,True,True,False,False,Não declarada,Urbana,Aprovado,False,82.7,5.4,Baixo,1163.49,2.1,False,False,False,True,False,Médio,Ruim,Alta,False,Média,False,False,Alto,Regular,Completa,Média,Boa,0.6414939124712077,True
482,9° EF,True,Feminino,14,False,True,False,False,Parda,Rural,Evadido,False,86.3,3.7,Médio,847.48,3.3,False,False,False,False,False,Baixo,Regular,Baixa,True,Média,False,False,Moderado,Boa,Insuficiente,Média,Regular,0.37857847976308007,True
483,6° EF,False,Masculino,9,False,True,True,False,Parda,Urbana,Evadido,False,98.2,5.4,Médio,8539.28,2.1,False,False,False,False,False,Alto,Regular,Alta,False,Alta,False,False,Moderado,Boa,Parcial,Baixa,Boa,0.23593287265547877,False
484,8° EF,False,Feminino,14,False,True,False,False,Branca,Urbana,Aprovado,False,78.5,9.1,Baixo,8573.91,3.2,False,True,False,False,False,Médio,Bom,Alta,False,Média,True,False,Alto,Boa,Completa,Média,Boa,0.15054294175715702,False
485,7° EF,False,Masculino,8,True,True,True,False,Parda,Rural,Aprovado,False,87.2,8.3,Médio,6886.65,2.1,False,False,True,False,False,Alto,Bom,Média,False,Baixa,False,False,Moderado,Boa,Completa,Alta,Ruim,0.1470878578479763,False
486,2° EM,False,Masculino,7,False,True,True,False,Branca,Urbana,Aprovado,False,99.4,6.8,Médio,7246.98,0.5,False,False,False,False,False,Médio,Regular,Baixa,False,Alta,False,False,Alto,Ruim,Parcial,Alta,Regular,0.16090819348469892,True
487,1° EF,False,Feminino,9,False,True,True,False,Branca,Urbana,Aprovado,False,87.6,6.4,Médio,1869.05,3.6,True,False,False,False,False,Alto,Ruim,Alta,True,Baixa,False,False,Baixo,Boa,Completa,Alta,Boa,0.4034221783481409,True
488,4° EF,False,Outro,15,False,True,True,False,Branca,Urbana,Aprovado,True,96.0,5.9,Médio,5237.97,2.4,False,False,False,False,False,Alto,Ruim,Média,False,Baixa,False,False,Moderado,Boa,Completa,Média,Boa,0.38664034221783483,False
489,3° EM,False,Feminino,9,False,True,True,False,Parda,Urbana,Aprovado,False,89.9,1.0,Médio,2986.46,1.4,False,False,False,False,False,Alto,Bom,Média,False,Alta,False,False,Alto,Boa,Completa,Média,Ruim,0.49407699901283325,False
490,2° EM,False,Masculino,16,False,True,False,False,Branca,Urbana,Em andamento,False,85.2,0.2,Alto,2584.76,0.7,False,False,False,False,True,Alto,Bom,Média,True,Alta,False,False,Baixo,Regular,Insuficiente,Média,Boa,0.5567620927936823,True
491,6° EF,False,Outro,18,False,True,False,False,Branca,Urbana,Reprovado,False,83.0,7.7,Médio,7602.22,2.4,False,False,False,False,True,Alto,Regular,Média,True,Baixa,True,False,Baixo,Boa,Completa,Alta,Boa,0.1974333662388944,False
492,8° EF,False,Feminino,12,True,True,True,False,Branca,Urbana,Aprovado,False,80.5,9.5,Alto,2216.44,1.9,False,False,False,False,False,Médio,Bom,Baixa,True,Média,True,False,Alto,Boa,Parcial,Baixa,Ruim,0.12092793682132282,False
493,4° EF,False,Feminino,6,False,True,False,False,Preta,Urbana,Aprovado,False,93.6,7.5,Médio,4877.27,3.6,False,False,False,False,False,Alto,Bom,Alta,False,Baixa,True,False,Moderado,Boa,Completa,Baixa,Ruim,0.15498519249753212,False
494,3° EF,False,Outro,7,True,True,True,False,Parda,Rural,Aprovado,True,85.5,8.8,Baixo,8625.31,1.7,False,False,False,False,False,Médio,Bom,Alta,False,Alta,False,True,Alto,Regular,Insuficiente,Baixa,Boa,0.2953274103323462,False
495,6° EF,False,Feminino,9,False,True,True,False,Branca,Urbana,Em andamento,False,88.2,9.3,Baixo,2621.56,1.2,False,False,False,False,False,Médio,Bom,Alta,False,Média,False,False,Baixo,Regular,Completa,Alta,Regular,0.09279368213228031,False
496,5° EF,False,Masculino,8,False,True,True,True,Parda,Urbana,Aprovado,False,87.8,8.7,Alto,8939.68,2.9,False,False,False,False,False,Alto,Ruim,Alta,False,Baixa,False,False,Alto,Regular,Completa,Média,Boa,0.12438302073050353,False
497,7° EF,False,Feminino,10,True,True,True,False,Parda,Urbana,Aprovado,False,89.6,6.3,Médio,9069.64,2.9,False,False,False,False,False,Baixo,Bom,Alta,False,Alta,True,False,Alto,Ruim,Insuficiente,Alta,Regular,0.2339585389930899,False
498,1° EF,False,Masculino,6,True,True,True,False,Preta,Urbana,Aprovado,False,96.1,4.5,Baixo,5570.89,2.2,False,False,False,False,False,Médio,Ruim,Baixa,False,Média,False,False,Moderado,Boa,Completa,Baixa,Boa,0.29072063178677204,False
499,3° EM,False,Feminino,13,False,True,False,False,Parda,Urbana,Evadido,False,99.4,1.6,Alto,2496.42,2.7,False,False,False,False,False,Alto,Bom,Baixa,False,Alta,True,False,Moderado,Boa,Completa,Alta,Boa,0.41757156959526165,True
500,3° EM,False,Feminino,10,False,True,True,False,Parda,Urbana,Aprovado,False,86.0,8.8,Baixo,3660.59,2.0,True,False,False,False,False,Baixo,Ruim,Baixa,False,Baixa,False,True,Alto,Boa,Completa,Alta,Boa,0.29285949325436,False
501,9° EF,False,Feminino,7,True,True,False,False,Parda,Urbana,Aprovado,False,95.1,5.9,Baixo,4525.07,2.2,False,False,False,False,False,Médio,Bom,Alta,False,Alta,False,False,Moderado,Boa,Completa,Média,Boa,0.22655478775913132,False
502,7° EF,False,Feminino,6,False,True,True,False,Preta,Urbana,Aprovado,False,93.7,8.0,Médio,3606.51,3.2,False,False,False,False,False,Alto,Regular,Alta,False,Alta,False,False,Baixo,Regular,Completa,Alta,Boa,0.12981243830207304,False
503,4° EF,False,Feminino,17,False,True,False,False,Parda,Urbana,Aprovado,False,89.6,7.3,Baixo,3377.69,2.6,False,False,True,False,False,Baixo,Regular,Alta,True,Alta,False,False,Moderado,Regular,Insuficiente,Alta,Ruim,0.1846001974333663,False
504,1° EM,False,Feminino,15,False,True,True,False,Parda,Urbana,Aprovado,False,98.6,9.5,Médio,8893.71,1.8,False,False,False,True,False,Baixo,Bom,Baixa,True,Alta,False,False,Alto,Regular,Parcial,Baixa,Ruim,0.3606449489963805,False
505,9° EF,False,Masculino,8,False,True,True,False,Branca,Urbana,Aprovado,False,80.4,2.2,Médio,2362.61,3.4,False,False,True,False,False,Médio,Bom,Baixa,False,Baixa,False,False,Moderado,Regular,Completa,Média,Regular,0.4817374136229023,False
506,3° EF,False,Masculino,14,False,True,True,False,Preta,Urbana,Evadido,False,76.7,3.5,Alto,6988.28,0.4,False,False,False,False,False,Alto,Ruim,Alta,True,Alta,False,False,Alto,Boa,Parcial,Média,Boa,0.4358341559723594,False
507,2° EM,False,Masculino,13,True,True,True,False,Branca,Urbana,Aprovado,False,95.8,6.3,Muito alto,1142.67,4.1,False,False,False,False,False,Baixo,Regular,Baixa,True,Média,False,False,Moderado,Boa,Completa,Média,Boa,0.20335636722606126,True
508,1° EM,False,Feminino,12,False,True,True,False,Branca,Urbana,Aprovado,False,86.7,1.1,Médio,5894.43,0.3,True,False,False,False,False,Médio,Bom,Baixa,False,Média,False,False,Alto,Boa,Parcial,Alta,Boa,0.6694636393550512,True
509,3° EM,False,Feminino,10,True,True,True,False,Branca,Urbana,Aprovado,False,95.6,1.6,Médio,8444.78,1.4,False,False,False,False,False,Alto,Regular,Média,True,Alta,False,False,Alto,Boa,Parcial,Alta,Boa,0.4363277393879566,True
510,9° EF,False,Masculino,12,False,True,False,False,Parda,Rural,Aprovado,False,96.8,9.6,Baixo,3435.9,2.0,False,False,False,False,False,Alto,Regular,Média,False,Baixa,False,False,Alto,Ruim,Parcial,Média,Regular,0.03553800592300102,True
511,8° EF,False,Feminino,11,False,True,True,False,Preta,Rural,Aprovado,False,73.8,8.3,Baixo,2619.12,1.9,False,False,False,False,False,Médio,Regular,Alta,False,Média,True,False,Moderado,Boa,Completa,Média,Regular,0.21322803553800596,False
512,6° EF,False,Masculino,12,True,True,True,False,Branca,Urbana,Aprovado,False,96.5,9.2,Alto,6337.07,3.0,False,False,False,False,False,Baixo,Bom,Baixa,True,Alta,False,True,Alto,Boa,Completa,Média,Regular,0.05676209279368218,False
513,3° EM,False,Feminino,13,False,True,True,False,Branca,Rural,Aprovado,False,86.9,8.6,Baixo,6822.97,0.9,False,False,False,False,False,Médio,Bom,Alta,False,Média,False,False,Baixo,Ruim,Completa,Média,Ruim,0.13376110562685092,False
514,2° EM,False,Masculino,9,True,True,True,False,Branca,Rural,Aprovado,False,88.2,5.1,Médio,6626.99,2.3,True,False,False,False,False,Alto,Regular,Alta,False,Média,False,False,Moderado,Boa,Completa,Média,Ruim,0.46462652188219816,True
515,1° EF,False,Feminino,13,False,True,False,False,Preta,Urbana,Aprovado,False,90.7,7.4,Médio,3686.21,1.4,False,False,True,True,False,Alto,Bom,Média,True,Alta,False,False,Baixo,Boa,Completa,Média,Ruim,0.5032905561039817,True
516,1° EF,False,Masculino,7,False,True,False,False,Preta,Urbana,Evadido,False,97.7,6.1,Médio,3150.92,2.3,False,False,False,False,False,Alto,Regular,Média,False,Baixa,False,False,Alto,Boa,Parcial,Média,Ruim,0.20384995064165845,False
517,5° EF,False,Masculino,12,False,True,True,False,Parda,Urbana,Aprovado,False,68.6,8.8,Médio,8763.62,1.9,False,False,False,False,False,Médio,Regular,Média,False,Média,False,False,Alto,Ruim,Parcial,Média,Boa,0.2142152023692004,False
518,1° EM,False,Feminino,6,True,True,False,False,Branca,Urbana,Aprovado,False,87.5,1.9,Muito baixo,8503.45,2.1,False,False,False,False,False,Alto,Regular,Baixa,False,Baixa,False,True,Baixo,Boa,Completa,Baixa,Boa,0.4615004935834156,False
519,3° EM,True,Feminino,18,False,True,False,False,Parda,Urbana,Evadido,False,79.8,6.9,Médio,1563.2,2.5,False,False,False,False,False,Médio,Bom,Alta,True,Baixa,False,True,Moderado,Ruim,Insuficiente,Média,Ruim,0.25271470878578484,False
520,2° EF,False,Feminino,7,False,True,False,False,Parda,Urbana,Aprovado,False,92.7,9.8,Baixo,7888.47,1.5,False,False,False,False,False,Alto,Bom,Baixa,False,Média,False,False,Alto,Ruim,Completa,Média,Regular,0.04590325765054289,False
521,8° EF,False,Masculino,17,False,True,True,False,Parda,Urbana,Reprovado,False,92.1,8.8,Médio,4747.04,2.3,True,False,False,False,False,Alto,Bom,Alta,True,Alta,True,True,Moderado,Boa,Parcial,Alta,Boa,0.26275090490292863,False
522,5° EF,False,Feminino,8,True,True,True,False,Parda,Rural,Aprovado,False,77.9,3.3,Baixo,4524.24,2.9,False,False,False,False,False,Alto,Regular,Alta,False,Alta,False,False,Moderado,Boa,Completa,Baixa,Boa,0.43978282329713725,False
523,3° EM,False,Masculino,11,True,True,True,False,Amarela,Rural,Aprovado,False,83.3,8.8,Médio,2389.71,1.4,False,False,False,False,False,Alto,Regular,Média,False,Média,False,False,Alto,Ruim,Completa,Alta,Regular,0.1416584402764067,False
524,1° EM,False,Masculino,7,True,True,True,False,Parda,Urbana,Em andamento,False,84.8,6.1,Médio,4540.33,1.1,False,False,False,False,False,Médio,Bom,Alta,False,Alta,False,False,Alto,Boa,Parcial,Baixa,Regular,0.2675222112537019,False
525,1° EM,False,Feminino,12,False,True,True,False,Indígena,Urbana,Aprovado,False,94.6,6.0,Médio,5425.73,2.6,True,False,False,False,False,Baixo,Regular,Baixa,False,Média,False,False,Baixo,Regular,Completa,Alta,Boa,0.38861467588022386,True
526,6° EF,False,Masculino,16,False,True,True,False,Parda,Urbana,Aprovado,False,82.8,4.0,Médio,1318.89,2.0,False,False,False,False,False,Médio,Ruim,Alta,True,Média,False,False,Moderado,Regular,Parcial,Média,Boa,0.3810463968410662,False
527,5° EF,False,Masculino,13,False,True,True,False,Branca,Rural,Aprovado,False,80.7,0.4,Médio,4681.56,2.8,False,False,True,False,False,Alto,Bom,Média,False,Alta,False,True,Alto,Boa,Completa,Média,Ruim,0.5691016781836131,False
528,4° EF,False,Masculino,12,False,True,False,False,Parda,Rural,Aprovado,False,98.6,6.3,Médio,7371.34,1.1,False,False,False,False,False,Médio,Ruim,Alta,False,Média,False,True,Alto,Ruim,Insuficiente,Média,Boa,0.18953603158933868,False
529,1° EF,False,Masculino,14,False,True,True,False,Parda,Urbana,Aprovado,False,65.7,5.6,Muito baixo,6563.31,0.2,False,False,False,False,False,Alto,Ruim,Alta,False,Média,False,False,Alto,Ruim,Completa,Média,Ruim,0.3864758144126358,False
530,2° EM,False,Feminino,8,True,True,False,False,Parda,Urbana,Aprovado,False,99.9,8.0,Muito baixo,6205.29,1.5,False,False,False,False,False,Alto,Regular,Alta,False,Média,True,False,Baixo,Regular,Parcial,Alta,Boa,0.0992102665350444,False
531,1° EM,False,Masculino,10,True,True,False,False,Parda,Rural,Aprovado,False,91.7,9.8,Alto,8393.83,1.2,False,False,False,False,False,Alto,Bom,Média,False,Média,False,False,Moderado,Ruim,Completa,Baixa,Boa,0.05083909180651526,False
532,3° EM,False,Feminino,13,False,True,True,False,Branca,Urbana,Aprovado,False,95.2,5.7,Médio,1283.22,1.9,False,False,False,False,False,Alto,Bom,Alta,False,Média,False,False,Moderado,Regular,Completa,Média,Boa,0.23593287265547883,False
533,3° EM,False,Feminino,6,False,True,True,False,Preta,Urbana,Aprovado,True,83.2,7.1,Médio,5582.3,1.4,False,False,False,False,False,Baixo,Bom,Baixa,False,Alta,False,True,Alto,Boa,Completa,Baixa,Boa,0.3905890095426128,True
534,7° EF,False,Feminino,18,False,True,False,False,Branca,Urbana,Aprovado,False,67.4,5.7,Baixo,7419.14,2.7,False,False,False,False,False,Médio,Ruim,Baixa,True,Alta,False,False,Moderado,Regular,Parcial,Alta,Boa,0.37314906219151045,True
535,1° EM,False,Masculino,8,False,True,False,False,Parda,Urbana,Aprovado,False,93.1,7.0,Alto,5456.98,1.7,False,False,False,False,False,Baixo,Ruim,Média,False,Média,False,False,Alto,Regular,Parcial,Média,Boa,0.18213228035538012,False
536,3° EM,False,Feminino,11,False,True,True,False,Preta,Urbana,Aprovado,False,95.3,9.2,Médio,3722.73,2.2,False,False,False,False,False,Médio,Regular,Alta,False,Alta,False,False,Alto,Boa,Completa,Média,Boa,0.06268509378084902,False
537,2° EM,False,Masculino,17,False,True,True,False,Branca,Urbana,Aprovado,False,93.1,5.2,Baixo,2226.11,2.2,False,False,False,False,False,Baixo,Bom,Baixa,True,Alta,False,False,Moderado,Boa,Parcial,Baixa,Boa,0.2709772951628826,True
538,3° EF,False,Masculino,6,True,True,False,False,Parda,Urbana,Aprovado,False,78.3,8.6,Médio,8218.43,2.2,True,False,False,False,False,Médio,Regular,Média,False,Média,False,True,Alto,Regular,Completa,Alta,Regular,0.34073708456729196,True
539,6° EF,False,Feminino,16,True,True,True,False,Amarela,Urbana,Aprovado,False,93.4,7.7,Muito baixo,4894.11,2.0,False,False,False,False,False,Baixo,Bom,Baixa,True,Alta,False,True,Moderado,Boa,Parcial,Média,Ruim,0.14610069101678183,False
540,2° EF,False,Masculino,6,True,True,True,False,Parda,Urbana,Aprovado,False,93.8,5.9,Muito baixo,8143.07,2.5,True,False,False,False,False,Alto,Regular,Alta,False,Alta,False,False,Baixo,Boa,Completa,Alta,Boa,0.39749917736097407,False
541,3° EM,False,Masculino,12,False,True,True,False,Parda,Urbana,Reprovado,True,91.4,0.5,Alto,5812.04,1.2,False,False,False,False,False,Médio,Ruim,Baixa,False,Alta,False,False,Baixo,Regular,Parcial,Alta,Regular,0.6758802237578151,False
542,8° EF,False,Feminino,18,True,True,True,False,Branca,Urbana,Reprovado,False,93.7,7.7,Médio,6516.62,3.4,False,False,False,False,False,Baixo,Regular,Alta,True,Média,False,False,Baixo,Regular,Completa,Alta,Ruim,0.14461994076999013,False
543,3° EF,False,Masculino,10,False,True,True,False,Branca,Rural,Reprovado,False,95.6,2.5,Baixo,7554.03,1.8,False,False,True,False,False,Alto,Bom,Baixa,True,Alta,False,False,Alto,Regular,Insuficiente,Alta,Boa,0.3919052319842054,True
544,9° EF,False,Masculino,10,False,True,True,False,Parda,Urbana,Aprovado,False,90.4,7.2,Médio,6396.69,0.7,True,False,True,False,False,Médio,Regular,Baixa,False,Baixa,False,False,Moderado,Boa,Completa,Média,Regular,0.3501151694636394,False
545,8° EF,False,Feminino,14,False,True,False,False,Parda,Urbana,Aprovado,False,75.6,7.4,Baixo,4314.21,2.2,False,False,False,False,False,Médio,Bom,Baixa,False,Alta,True,False,Moderado,Ruim,Completa,Alta,Regular,0.24876604146100695,True
546,5° EF,False,Masculino,16,False,True,True,False,Branca,Urbana,Aprovado,False,87.7,0.3,Alto,5236.04,1.1,False,False,False,False,False,Alto,Regular,Média,False,Média,False,True,Alto,Boa,Completa,Baixa,Ruim,0.5394866732477789,True
547,2° EF,False,Feminino,8,False,True,True,False,Parda,Urbana,Aprovado,False,74.9,7.4,Muito baixo,7544.33,2.7,False,False,False,False,False,Médio,Bom,Média,False,Alta,False,False,Moderado,Boa,Parcial,Baixa,Boa,0.25222112537018754,False
548,9° EF,False,Masculino,6,False,True,True,False,Parda,Urbana,Evadido,False,86.0,2.2,Muito baixo,4119.56,4.2,True,False,False,False,False,Médio,Bom,Alta,False,Alta,False,False,Baixo,Regular,Completa,Alta,Ruim,0.6186245475485358,False
549,7° EF,False,Feminino,6,True,True,False,False,Branca,Urbana,Aprovado,False,85.9,7.8,Médio,4234.98,1.2,False,True,False,False,False,Alto,Regular,Baixa,False,Alta,False,False,Moderado,Boa,Insuficiente,Alta,Ruim,0.17818361303060218,True
550,1° EM,False,Masculino,9,True,True,True,False,Branca,Urbana,Aprovado,False,74.1,5.1,Médio,1902.61,2.3,False,True,False,False,False,Baixo,Bom,Alta,False,Média,False,False,Moderado,Boa,Parcial,Média,Ruim,0.36969397828232986,True
551,7° EF,False,Feminino,18,False,True,True,False,Parda,Rural,Aprovado,False,84.6,6.2,Médio,8433.94,0.2,False,False,False,False,False,Médio,Ruim,Média,True,Média,True,True,Moderado,Ruim,Parcial,Média,Regular,0.26357354392892407,False
552,2° EM,False,Masculino,19,False,True,False,False,Parda,Urbana,Reprovado,False,76.8,8.0,Médio,1865.49,2.5,False,False,False,False,False,Alto,Bom,Média,True,Baixa,False,False,Alto,Boa,Parcial,Alta,Ruim,0.21322803553800596,False
553,7° EF,False,Feminino,7,False,True,True,False,Parda,Rural,Aprovado,True,94.7,5.2,Médio,6309.39,1.1,False,False,False,False,False,Alto,Bom,Média,True,Alta,False,False,Moderado,Regular,Insuficiente,Alta,Boa,0.4276077657124055,True
554,7° EF,False,Masculino,14,False,False,True,False,Parda,Urbana,Aprovado,False,98.3,5.2,Médio,4434.96,1.4,False,False,False,False,False,Alto,Regular,Alta,False,Média,False,True,Baixo,Boa,Parcial,Média,Boa,0.24531095755182633,False
555,2° EM,False,Masculino,12,False,True,True,False,Preta,Urbana,Reprovado,False,74.5,9.9,Baixo,4374.54,0.9,False,False,False,False,False,Alto,Bom,Média,True,Alta,False,True,Alto,Ruim,Completa,Média,Boa,0.13079960513326752,False
556,5° EF,False,Feminino,8,False,True,False,False,Parda,Urbana,Aprovado,False,98.5,9.6,Médio,6559.37,2.7,False,False,False,False,False,Alto,Ruim,Média,False,Baixa,False,False,Moderado,Boa,Completa,Alta,Ruim,0.027147087857847998,False
557,2° EF,False,Masculino,12,False,True,False,False,Parda,Urbana,Aprovado,False,88.5,9.1,Médio,1674.53,3.0,False,False,False,False,False,Médio,Ruim,Baixa,False,Média,True,True,Alto,Boa,Completa,Alta,Regular,0.1011846001974334,False
558,1° EF,False,Masculino,8,True,True,True,False,Parda,Urbana,Aprovado,False,83.3,6.3,Baixo,5874.68,2.0,False,False,False,False,False,Alto,Bom,Alta,False,Alta,False,False,Moderado,Regular,Completa,Média,Boa,0.2650542941757158,False
559,9° EF,False,Masculino,13,False,True,True,False,Branca,Rural,Reprovado,False,74.8,6.0,Muito alto,7296.97,1.1,False,False,False,False,False,Alto,Bom,Baixa,False,Alta,False,False,Baixo,Boa,Completa,Alta,Boa,0.32181638696939785,False
560,8° EF,False,Feminino,7,False,True,False,False,Branca,Urbana,Aprovado,False,88.0,7.8,Muito alto,7745.06,3.6,False,False,False,False,False,Alto,Bom,Média,False,Média,True,False,Moderado,Boa,Completa,Baixa,Boa,0.16781836130306027,False
561,9° EF,False,Masculino,15,False,True,True,False,Parda,Urbana,Aprovado,False,94.4,6.8,Baixo,2499.52,1.2,False,False,False,False,False,Alto,Regular,Baixa,False,Média,True,False,Baixo,Regular,Parcial,Média,Boa,0.1855873642645607,False
562,3° EF,False,Feminino,10,True,True,True,False,Parda,Rural,Reprovado,False,92.4,2.4,Baixo,8297.03,0.2,False,False,False,False,False,Alto,Regular,Baixa,False,Alta,False,False,Alto,Boa,Completa,Média,Boa,0.4126357354392893,True
563,2° EF,False,Feminino,7,False,True,False,False,Branca,Urbana,Evadido,False,72.7,8.8,Médio,6372.69,2.5,True,True,False,False,False,Baixo,Ruim,Baixa,True,Média,False,True,Moderado,Ruim,Completa,Média,Regular,0.35850608752879237,True
564,1° EF,False,Masculino,13,False,True,False,False,Branca,Urbana,Aprovado,False,74.6,5.5,Médio,8172.9,0.9,False,False,False,False,False,Baixo,Bom,Média,True,Média,False,False,Moderado,Boa,Completa,Alta,Regular,0.3474827245804542,False
565,5° EF,False,Masculino,9,True,True,True,False,Parda,Urbana,Aprovado,False,85.8,6.7,Médio,5009.9,3.0,False,False,False,False,False,Médio,Bom,Média,False,Média,False,False,Moderado,Boa,Completa,Baixa,Ruim,0.2329713721618954,True
566,8° EF,False,Masculino,11,True,False,True,False,Parda,Urbana,Reprovado,False,83.2,8.5,Baixo,5462.55,1.6,False,True,False,False,False,Médio,Bom,Alta,False,Baixa,False,False,Baixo,Boa,Parcial,Média,Regular,0.15695952615992104,False
567,5° EF,False,Masculino,14,True,True,True,True,Branca,Urbana,Em andamento,False,81.4,0.1,Médio,8469.47,2.6,False,False,False,False,False,Alto,Ruim,Alta,False,Baixa,False,False,Baixo,Regular,Completa,Baixa,Ruim,0.5804540967423495,False
568,6° EF,False,Feminino,17,True,True,True,False,Parda,Urbana,Aprovado,False,82.8,8.1,Alto,8316.9,3.4,False,False,False,False,False,Alto,Regular,Alta,False,Baixa,False,False,Moderado,Regular,Parcial,Baixa,Boa,0.17867719644619948,False
569,2° EM,False,Masculino,7,False,True,True,False,Branca,Urbana,Aprovado,False,94.6,7.2,Médio,4713.84,0.8,False,False,False,False,False,Baixo,Regular,Baixa,True,Baixa,False,True,Alto,Regular,Completa,Alta,Ruim,0.16485686080947684,False
570,5° EF,False,Feminino,7,False,True,True,False,Parda,Urbana,Aprovado,False,97.8,9.8,Muito alto,3328.06,1.4,False,False,False,True,False,Médio,Regular,Baixa,True,Alta,False,False,Moderado,Boa,Completa,Alta,Ruim,0.34978611385324127,False
571,7° EF,False,Feminino,10,False,True,True,False,Branca,Urbana,Aprovado,False,85.9,7.4,Médio,4275.25,1.9,False,False,False,False,False,Médio,Bom,Média,False,Alta,False,True,Moderado,Boa,Completa,Alta,Boa,0.1979269496544916,False
572,1° EM,False,Outro,9,False,True,True,False,Branca,Urbana,Aprovado,False,97.1,9.3,Baixo,4232.13,3.5,True,False,False,False,False,Médio,Regular,Média,True,Média,False,False,Moderado,Regular,Parcial,Alta,Boa,0.21339256334320506,True
573,5° EF,False,Masculino,7,True,True,True,False,Parda,Urbana,Aprovado,False,83.9,6.8,Médio,3427.39,1.3,False,False,True,False,False,Médio,Regular,Alta,True,Média,False,False,Moderado,Ruim,Insuficiente,Alta,Boa,0.2374136229022705,False
574,8° EF,False,Masculino,19,False,True,True,False,Parda,Urbana,Aprovado,False,87.5,9.7,Baixo,3281.54,1.4,True,False,False,False,False,Médio,Bom,Alta,False,Alta,False,False,Alto,Regular,Completa,Média,Boa,0.2410332346166503,True
575,2° EM,False,Masculino,11,False,False,True,False,Branca,Urbana,Reprovado,False,81.2,7.4,Médio,8007.07,2.5,False,False,True,False,False,Médio,Bom,Média,False,Alta,False,False,Moderado,Boa,Parcial,Média,Boa,0.22112537018756168,True
576,3° EM,False,Masculino,9,False,True,True,False,Parda,Urbana,Aprovado,False,91.0,5.4,Alto,1696.6,1.4,False,False,False,False,False,Alto,Bom,Alta,False,Alta,False,False,Alto,Ruim,Completa,Média,Ruim,0.2714708785784798,False
577,2° EF,False,Feminino,9,True,True,True,False,Parda,Urbana,Aprovado,False,99.3,9.3,Baixo,6543.89,2.2,False,False,False,True,False,Médio,Ruim,Média,False,Média,False,False,Alto,Regular,Completa,Média,Regular,0.3670615333991445,True
578,2° EM,False,Masculino,19,False,True,False,False,Branca,Urbana,Aprovado,False,90.2,7.9,Baixo,2517.78,0.4,False,False,False,False,False,Alto,Bom,Média,False,Média,False,False,Baixo,Boa,Insuficiente,Baixa,Boa,0.15202369200394866,True
579,6° EF,False,Masculino,9,False,True,True,False,Parda,Rural,Aprovado,False,84.8,3.8,Baixo,3887.11,4.2,True,False,False,False,False,Baixo,Regular,Média,False,Média,True,False,Alto,Boa,Completa,Alta,Regular,0.5455742020401448,True
580,4° EF,False,Feminino,10,False,True,True,False,Parda,Rural,Reprovado,False,91.1,5.5,Alto,1630.25,0.7,False,False,False,False,False,Médio,Ruim,Baixa,False,Média,False,False,Moderado,Boa,Parcial,Alta,Boa,0.26604146100691023,False
581,6° EF,False,Masculino,15,False,False,False,False,Branca,Urbana,Aprovado,False,77.4,7.1,Alto,3292.66,1.7,False,False,True,False,False,Médio,Bom,Baixa,False,Alta,False,False,Moderado,Boa,Insuficiente,Baixa,Regular,0.25468904244817375,False
582,3° EM,False,Feminino,10,False,True,True,False,Branca,Urbana,Evadido,False,96.7,5.9,Médio,7268.17,2.0,False,False,False,False,False,Médio,Bom,Alta,False,Baixa,False,False,Moderado,Boa,Completa,Média,Boa,0.2186574531095755,True
583,6° EF,False,Feminino,15,True,True,True,False,Preta,Urbana,Aprovado,False,88.1,4.9,Alto,8198.11,3.9,False,False,False,False,False,Médio,Bom,Média,True,Baixa,False,False,Moderado,Boa,Completa,Alta,Boa,0.3104639684106615,False
584,4° EF,False,Masculino,13,False,True,True,False,Preta,Urbana,Aprovado,False,86.9,5.3,Muito baixo,2906.26,0.7,False,False,False,False,False,Alto,Regular,Alta,True,Alta,False,False,Alto,Regular,Completa,Alta,Boa,0.29664363277393885,True
585,8° EF,False,Outro,12,False,True,True,False,Parda,Urbana,Aprovado,False,89.8,6.5,Baixo,4836.56,4.0,False,False,False,False,True,Médio,Regular,Baixa,False,Alta,False,False,Alto,Boa,Completa,Alta,Boa,0.22309970384995068,False
586,3° EF,False,Masculino,8,False,True,True,False,Branca,Urbana,Aprovado,False,90.6,6.1,Médio,4890.61,2.8,False,False,False,True,False,Alto,Bom,Média,False,Baixa,False,False,Moderado,Ruim,Parcial,Alta,Boa,0.5679499835472196,True
587,1° EF,False,Feminino,15,True,True,True,False,Parda,Rural,Aprovado,False,74.5,0.2,Médio,8106.86,2.4,False,False,False,False,False,Alto,Bom,Alta,True,Baixa,False,False,Moderado,Boa,Parcial,Média,Boa,0.6095755182625866,False
588,2° EF,False,Masculino,18,True,True,True,False,Parda,Rural,Aprovado,False,91.9,6.6,Médio,7223.33,1.0,False,False,False,False,False,Alto,Ruim,Alta,True,Alta,True,False,Baixo,Regular,Completa,Alta,Ruim,0.20779861796643637,False
589,2° EF,False,Feminino,8,True,True,True,False,Parda,Urbana,Aprovado,False,81.7,7.3,Muito alto,5231.6,2.6,False,False,False,False,False,Médio,Bom,Alta,False,Alta,False,False,Alto,Boa,Completa,Alta,Regular,0.2235932872655479,False
590,2° EF,False,Masculino,19,True,True,True,False,Não declarada,Urbana,Aprovado,False,92.6,6.8,Baixo,6489.15,1.3,False,False,False,False,False,Alto,Regular,Alta,True,Alta,False,True,Moderado,Boa,Insuficiente,Baixa,Boa,0.194471865745311,True
591,2° EF,False,Feminino,11,True,True,False,False,Branca,Urbana,Aprovado,False,95.0,6.7,Médio,7897.73,3.3,False,False,False,True,False,Médio,Bom,Baixa,False,Média,False,False,Alto,Boa,Completa,Alta,Boa,0.516617308325107,False
592,8° EF,False,Feminino,10,False,True,True,False,Branca,Rural,Aprovado,False,94.6,4.7,Médio,1215.48,1.0,True,False,False,False,False,Alto,Ruim,Alta,False,Alta,False,False,Alto,Boa,Parcial,Média,Ruim,0.4527805199078645,True
593,3° EF,False,Masculino,15,False,True,True,False,Branca,Rural,Reprovado,True,89.1,9.8,Baixo,4352.77,1.9,False,False,False,False,False,Alto,Bom,Média,True,Média,False,False,Alto,Ruim,Completa,Média,Regular,0.2282000658111221,False
594,5° EF,False,Masculino,19,False,True,True,False,Branca,Urbana,Reprovado,False,88.4,8.1,Baixo,8375.39,1.4,False,False,False,False,False,Médio,Bom,Alta,False,Alta,True,True,Alto,Regular,Parcial,Alta,Regular,0.1510365251727542,False
595,2° EM,False,Feminino,13,False,True,True,False,Parda,Rural,Aprovado,False,78.3,7.8,Médio,7043.99,1.0,False,False,False,False,False,Médio,Bom,Alta,False,Alta,False,False,Moderado,Boa,Completa,Alta,Boa,0.21569595261599214,False
596,6° EF,False,Feminino,12,True,True,True,False,Branca,Urbana,Aprovado,False,93.9,6.4,Médio,5468.99,2.7,False,False,False,False,False,Baixo,Bom,Alta,False,Baixa,False,True,Moderado,Regular,Insuficiente,Alta,Ruim,0.2077986179664363,True
597,8° EF,False,Masculino,19,False,True,True,False,Parda,Urbana,Em andamento,False,82.6,9.8,Médio,5363.74,2.5,False,False,False,False,False,Médio,Ruim,Alta,True,Média,False,True,Alto,Boa,Parcial,Média,Boa,0.09575518262586377,False
598,3° EF,False,Masculino,9,False,True,False,False,Branca,Urbana,Aprovado,False,87.9,6.6,Médio,3913.14,3.2,False,False,False,False,False,Alto,Bom,Baixa,False,Alta,False,False,Alto,Regular,Completa,Alta,Boa,0.22754195459032578,False
599,3° EF,False,Feminino,9,False,True,False,False,Branca,Urbana,Aprovado,True,82.9,7.2,Médio,5290.97,0.2,False,False,False,False,False,Baixo,Bom,Média,True,Alta,False,False,Moderado,Boa,Completa,Baixa,Boa,0.3871339256334321,False
600,1° EF,False,Feminino,8,False,True,True,False,Parda,Rural,Em andamento,False,77.9,5.6,Alto,6366.61,3.1,False,False,False,False,False,Alto,Regular,Alta,True,Baixa,False,False,Baixo,Boa,Parcial,Baixa,Boa,0.326258637709773,False
601,3° EF,False,Masculino,17,False,True,True,False,Parda,Urbana,Reprovado,False,90.7,7.0,Baixo,4476.18,4.5,False,False,False,False,False,Alto,Ruim,Baixa,False,Média,False,True,Alto,Ruim,Parcial,Média,Regular,0.19397828232971373,False
602,4° EF,False,Outro,6,False,True,False,False,Parda,Urbana,Evadido,False,73.1,9.2,Baixo,6835.34,1.5,True,False,False,False,False,Médio,Bom,Alta,False,Alta,True,False,Alto,Ruim,Completa,Média,Regular,0.3367884172425141,False
603,3° EF,False,Masculino,16,True,True,True,False,Branca,Rural,Aprovado,False,93.3,8.1,Médio,8008.42,3.9,False,False,True,False,False,Alto,Ruim,Alta,False,Média,False,True,Baixo,Regular,Completa,Média,Boa,0.1268509378084897,False
604,2° EF,False,Masculino,14,True,True,True,False,Branca,Urbana,Aprovado,False,83.8,8.3,Muito baixo,2373.14,1.7,False,False,False,False,False,Alto,Bom,Baixa,False,Baixa,False,False,Moderado,Regular,Completa,Média,Regular,0.16386969397828235,True
605,2° EF,False,Masculino,9,False,True,True,False,Indígena,Urbana,Aprovado,False,53.1,7.5,Muito alto,4740.85,0.6,False,False,False,False,False,Médio,Bom,Média,True,Baixa,False,False,Moderado,Boa,Parcial,Baixa,Regular,0.3548864758144127,True
606,6° EF,False,Masculino,12,True,True,True,True,Branca,Rural,Reprovado,False,88.2,7.7,Baixo,4393.69,1.7,True,False,False,True,False,Médio,Regular,Baixa,False,Alta,False,True,Alto,Boa,Parcial,Alta,Ruim,0.6653504442250742,True
607,3° EF,False,Feminino,12,True,True,True,False,Parda,Urbana,Reprovado,False,72.4,6.5,Baixo,6622.48,3.0,False,False,False,False,True,Alto,Bom,Alta,True,Alta,False,False,Alto,Ruim,Insuficiente,Baixa,Boa,0.3089832181638697,True
608,5° EF,False,Feminino,18,False,True,False,False,Parda,Urbana,Aprovado,False,82.7,6.2,Médio,3132.29,1.2,False,False,False,False,False,Médio,Bom,Alta,False,Alta,True,False,Alto,Regular,Insuficiente,Baixa,Regular,0.2729516288252715,True
609,7° EF,False,Feminino,7,True,True,True,False,Preta,Urbana,Aprovado,False,92.4,6.5,Muito baixo,6245.91,1.4,False,False,False,True,True,Alto,Ruim,Alta,True,Alta,False,False,Moderado,Boa,Insuficiente,Baixa,Boa,0.5393221454425798,True
610,9° EF,False,Feminino,6,False,True,True,False,Parda,Urbana,Evadido,True,73.8,5.1,Médio,8138.08,2.6,False,True,False,False,False,Baixo,Regular,Alta,True,Média,False,True,Moderado,Ruim,Parcial,Baixa,Ruim,0.5357025337282002,True
611,1° EF,False,Feminino,9,False,True,False,False,Parda,Urbana,Aprovado,False,95.4,5.9,Médio,4474.33,2.0,False,False,False,False,False,Alto,Bom,Alta,False,Alta,False,False,Moderado,Boa,Insuficiente,Média,Regular,0.2250740375123396,False
612,1° EM,False,Feminino,7,False,True,True,False,Parda,Rural,Aprovado,False,62.7,1.8,Médio,8405.48,2.6,False,False,False,False,False,Alto,Regular,Alta,True,Alta,False,False,Alto,Ruim,Parcial,Alta,Boa,0.5888450148075025,True
613,8° EF,False,Feminino,10,False,True,True,False,Parda,Urbana,Aprovado,False,81.9,5.1,Baixo,9060.68,2.2,True,True,False,False,False,Alto,Bom,Alta,False,Alta,False,True,Baixo,Ruim,Parcial,Baixa,Boa,0.4957222770648241,False
614,2° EF,False,Masculino,12,False,True,True,False,Não declarada,Urbana,Em andamento,False,93.1,9.7,Médio,1985.57,2.5,False,False,False,False,False,Alto,Bom,Alta,False,Média,False,True,Moderado,Boa,Completa,Baixa,Boa,0.04886475814412643,False
615,2° EM,False,Feminino,8,False,True,True,False,Branca,Urbana,Aprovado,False,83.8,3.0,Médio,2998.19,1.6,False,False,False,True,False,Médio,Regular,Média,True,Alta,False,False,Alto,Boa,Completa,Alta,Regular,0.7545245146429748,True
616,2° EM,False,Feminino,16,False,True,True,False,Parda,Urbana,Aprovado,False,76.3,8.3,Muito baixo,8719.44,2.2,False,False,False,False,False,Médio,Ruim,Alta,False,Baixa,True,False,Baixo,Regular,Completa,Alta,Regular,0.20088845014807502,True
617,1° EF,False,Feminino,6,True,True,True,False,Parda,Rural,Aprovado,False,84.8,8.2,Baixo,8782.83,1.1,False,False,False,False,False,Médio,Ruim,Alta,False,Baixa,False,False,Alto,Regular,Parcial,Alta,Ruim,0.16386969397828238,False
618,4° EF,False,Masculino,10,False,True,True,False,Parda,Urbana,Reprovado,False,82.5,5.0,Baixo,1918.69,3.3,False,False,False,False,False,Médio,Ruim,Média,False,Média,False,False,Alto,Regular,Completa,Alta,Regular,0.33316880552813427,True
619,1° EM,False,Masculino,18,False,True,True,False,Branca,Urbana,Aprovado,False,95.5,9.0,Baixo,1259.03,1.4,False,False,False,False,False,Alto,Ruim,Alta,False,Baixa,False,False,Baixo,Boa,Completa,Alta,Ruim,0.07156959526159921,False
620,9° EF,False,Feminino,15,False,True,True,False,Branca,Urbana,Aprovado,False,83.7,1.8,Médio,2424.3,3.1,False,False,False,False,False,Alto,Bom,Alta,False,Alta,False,True,Moderado,Regular,Completa,Baixa,Boa,0.48519249753208293,True
621,3° EF,False,Feminino,14,True,True,False,False,Branca,Urbana,Aprovado,True,94.2,8.3,Médio,9083.4,1.8,False,True,False,False,False,Médio,Bom,Alta,False,Média,False,False,Baixo,Boa,Completa,Alta,Regular,0.27706482395524845,False
622,3° EF,False,Feminino,16,False,True,False,False,Parda,Urbana,Reprovado,False,96.8,6.8,Alto,2575.04,2.2,True,False,False,True,False,Alto,Ruim,Baixa,True,Média,False,False,Baixo,Boa,Parcial,Baixa,Boa,0.6673247778874631,False
623,5° EF,False,Masculino,7,False,True,True,False,Branca,Urbana,Em andamento,False,86.5,8.7,Médio,5147.62,1.5,False,False,False,False,False,Médio,Bom,Alta,False,Média,False,False,Alto,Regular,Parcial,Média,Ruim,0.13079960513326758,False
624,6° EF,False,Feminino,16,False,True,True,False,Parda,Urbana,Aprovado,False,97.2,9.6,Baixo,7906.21,1.0,False,False,False,False,False,Médio,Bom,Média,True,Alta,False,False,Baixo,Boa,Completa,Média,Boa,0.03356367226061205,False
625,8° EF,False,Feminino,14,False,True,True,False,Parda,Urbana,Aprovado,False,85.3,6.0,Médio,1302.12,0.3,False,False,False,False,False,Baixo,Regular,Alta,False,Baixa,False,False,Alto,Ruim,Parcial,Média,Ruim,0.2699901283316881,False
626,5° EF,False,Feminino,12,False,True,True,False,Branca,Rural,Aprovado,False,98.8,6.9,Médio,5960.68,0.9,False,False,False,False,False,Baixo,Regular,Alta,True,Baixa,False,False,Alto,Boa,Completa,Alta,Ruim,0.15893385982230998,False
627,6° EF,False,Outro,18,False,True,False,False,Parda,Urbana,Aprovado,False,75.6,7.2,Baixo,3348.9,1.7,False,False,False,False,False,Médio,Ruim,Média,False,Média,False,False,Moderado,Regular,Completa,Alta,Regular,0.2586377097729517,True
628,9° EF,False,Outro,13,True,True,True,False,Parda,Urbana,Reprovado,False,92.0,8.4,Muito baixo,8017.21,2.2,False,False,False,False,False,Médio,Bom,Alta,False,Baixa,False,False,Moderado,Boa,Completa,Alta,Boa,0.11846001974333664,False
629,1° EF,False,Feminino,9,True,True,False,False,Branca,Rural,Aprovado,False,87.9,2.7,Médio,3400.23,3.0,False,False,False,False,False,Baixo,Ruim,Alta,True,Alta,False,False,Alto,Boa,Parcial,Alta,Boa,0.4200394866732478,False
630,3° EF,False,Masculino,15,False,True,False,False,Parda,Urbana,Aprovado,False,85.5,6.8,Médio,6616.83,1.6,False,False,False,False,False,Médio,Regular,Baixa,False,Alta,False,False,Baixo,Boa,Parcial,Média,Boa,0.22951628825271478,False
631,9° EF,False,Feminino,12,False,True,True,False,Branca,Urbana,Aprovado,False,90.8,6.7,Baixo,6516.84,1.1,False,False,False,False,False,Médio,Regular,Média,True,Média,False,False,Baixo,Regular,Parcial,Média,Regular,0.20829220138203358,False
632,2° EM,False,Feminino,6,False,True,True,False,Parda,Urbana,Aprovado,False,92.3,7.2,Médio,2905.99,0.6,False,False,False,False,False,Alto,Ruim,Média,False,Alta,False,False,Alto,Boa,Insuficiente,Média,Regular,0.17620927936821326,False
633,7° EF,False,Masculino,6,False,True,True,False,Branca,Urbana,Aprovado,False,63.2,8.5,Muito alto,1416.95,2.5,False,False,False,False,False,Médio,Regular,Média,True,Baixa,False,True,Moderado,Boa,Completa,Média,Regular,0.25567620927936824,True
634,7° EF,False,Feminino,15,False,True,True,True,Preta,Urbana,Aprovado,False,79.2,5.9,Alto,4403.49,3.4,False,False,False,False,False,Alto,Regular,Alta,False,Média,False,False,Alto,Regular,Completa,Alta,Regular,0.30503455083909176,True
635,2° EF,False,Feminino,9,True,True,False,False,Branca,Urbana,Aprovado,False,92.5,7.9,Médio,3445.95,3.3,True,False,True,False,False,Alto,Bom,Alta,False,Alta,False,False,Moderado,Regular,Parcial,Alta,Boa,0.3051990786442909,True
636,6° EF,False,Feminino,16,False,True,True,False,Preta,Urbana,Reprovado,False,91.5,0.6,Baixo,7591.64,2.7,False,False,False,False,False,Baixo,Bom,Média,False,Alta,False,False,Baixo,Boa,Completa,Alta,Regular,0.505923000987167,True
637,7° EF,False,Feminino,10,False,True,False,False,Branca,Urbana,Aprovado,False,98.9,6.6,Muito baixo,7522.94,2.6,False,False,False,False,False,Médio,Ruim,Alta,False,Média,False,True,Alto,Regular,Completa,Alta,Boa,0.17324777887462983,False
638,3° EF,False,Masculino,17,False,True,True,False,Parda,Rural,Evadido,False,93.6,5.5,Baixo,4784.53,3.7,False,False,False,False,False,Alto,Ruim,Alta,False,Alta,False,False,Moderado,Regular,Insuficiente,Baixa,Boa,0.2537018756169794,False
639,4° EF,False,Masculino,17,False,True,True,False,Branca,Urbana,Aprovado,False,98.4,1.7,Médio,5976.82,2.3,False,False,False,False,False,Médio,Regular,Média,False,Média,False,False,Alto,Boa,Completa,Alta,Regular,0.41757156959526165,True
640,5° EF,False,Masculino,8,False,False,False,False,Branca,Urbana,Aprovado,False,92.3,8.0,Baixo,5958.85,2.6,False,True,False,True,False,Médio,Regular,Alta,False,Alta,False,False,Alto,Regular,Insuficiente,Média,Regular,0.46577821651859175,False
641,1° EF,False,Masculino,13,False,True,True,False,Branca,Urbana,Evadido,False,83.3,8.5,Muito baixo,7736.65,1.7,False,False,False,False,False,Médio,Regular,Média,True,Alta,False,False,Moderado,Regular,Parcial,Baixa,Ruim,0.15646594274432385,False
642,4° EF,False,Masculino,13,False,True,True,False,Branca,Rural,Aprovado,False,76.5,4.5,Baixo,4529.13,0.6,True,False,False,False,False,Alto,Regular,Alta,False,Média,False,False,Moderado,Ruim,Completa,Alta,Boa,0.551990786442909,False
643,3° EF,False,Feminino,6,False,True,True,False,Branca,Urbana,Em andamento,True,94.1,6.4,Médio,3336.31,1.3,False,False,False,False,False,Alto,Bom,Média,False,Alta,True,True,Alto,Boa,Parcial,Média,Boa,0.3713392563343206,False
644,4° EF,False,Feminino,15,True,True,False,False,Preta,Rural,Aprovado,False,91.1,7.2,Médio,3253.27,2.0,False,False,False,False,False,Alto,Bom,Alta,True,Média,False,False,Alto,Boa,Insuficiente,Média,Boa,0.1821322803553801,False
645,2° EF,False,Feminino,10,True,True,True,False,Parda,Urbana,Aprovado,False,72.6,3.6,Médio,5415.96,2.1,False,False,False,False,False,Baixo,Bom,Baixa,False,Média,False,False,Alto,Ruim,Completa,Alta,Boa,0.4511352418558737,True
646,2° EM,False,Feminino,9,False,True,False,False,Parda,Urbana,Aprovado,False,84.8,5.4,Médio,4721.72,3.9,True,False,False,False,False,Alto,Bom,Alta,False,Média,False,False,Alto,Boa,Completa,Média,Boa,0.4666008555445871,False
647,8° EF,False,Masculino,6,False,True,True,False,Preta,Urbana,Aprovado,False,98.6,0.1,Muito baixo,4649.72,2.1,False,False,False,False,False,Alto,Regular,Alta,True,Média,False,False,Moderado,Boa,Insuficiente,Alta,Regular,0.495557749259625,False
648,9° EF,False,Feminino,12,True,True,True,False,Parda,Urbana,Aprovado,False,88.0,7.4,Baixo,1866.29,3.2,False,True,False,False,False,Médio,Regular,Alta,False,Alta,False,False,Moderado,Ruim,Insuficiente,Alta,Ruim,0.18756169792694968,False
649,1° EM,False,Masculino,7,True,True,True,False,Branca,Urbana,Em andamento,False,86.5,6.2,Alto,6870.84,1.6,False,False,False,False,False,Alto,Regular,Baixa,True,Baixa,False,False,Alto,Regular,Parcial,Baixa,Boa,0.25419545903257657,False
650,6° EF,False,Feminino,11,False,False,True,True,Branca,Rural,Aprovado,False,87.1,5.1,Baixo,2844.12,1.7,False,False,False,False,False,Baixo,Bom,Média,True,Alta,False,False,Alto,Ruim,Insuficiente,Média,Boa,0.30552813425468917,False
651,2° EF,False,Feminino,8,False,True,True,False,Branca,Urbana,Evadido,False,80.7,7.0,Alto,2710.26,0.7,False,False,False,False,False,Alto,Ruim,Média,False,Média,False,True,Alto,Boa,Completa,Média,Boa,0.2433366238894373,False
652,7° EF,False,Masculino,6,False,True,False,False,Branca,Urbana,Reprovado,False,85.0,9.7,Baixo,4431.48,1.3,False,False,True,False,False,Médio,Regular,Baixa,True,Alta,False,False,Alto,Boa,Parcial,Alta,Boa,0.08884501480750252,False
653,7° EF,False,Masculino,15,True,True,True,False,Branca,Urbana,Aprovado,False,85.1,6.1,Médio,2956.11,2.5,True,False,False,False,False,Alto,Ruim,Baixa,False,Baixa,False,False,Alto,Ruim,Completa,Baixa,Boa,0.43056926620598895,True
654,9° EF,False,Feminino,10,False,True,True,False,Parda,Rural,Aprovado,False,72.9,5.8,Alto,5796.14,2.0,False,False,False,False,False,Baixo,Bom,Alta,False,Alta,False,False,Baixo,Ruim,Completa,Média,Boa,0.34106614017769005,False
655,6° EF,False,Masculino,11,False,True,True,False,Preta,Rural,Aprovado,False,93.7,9.7,Alto,4102.12,2.9,False,False,False,False,False,Alto,Regular,Baixa,False,Alta,False,False,Moderado,Ruim,Completa,Média,Regular,0.04590325765054297,False
656,2° EF,False,Feminino,13,True,True,True,False,Parda,Rural,Aprovado,False,86.2,6.2,Alto,4719.83,2.2,False,False,False,False,False,Médio,Ruim,Média,True,Média,False,False,Alto,Boa,Completa,Média,Ruim,0.25567620927936824,False
657,4° EF,False,Feminino,11,False,True,True,False,Parda,Urbana,Reprovado,False,95.0,9.9,Médio,5423.76,1.6,False,False,False,False,False,Médio,Bom,Alta,True,Média,False,False,Moderado,Ruim,Parcial,Média,Regular,0.029615004935834143,False
658,5° EF,False,Masculino,8,True,True,True,False,Preta,Urbana,Aprovado,False,95.7,5.9,Médio,2762.76,4.1,False,False,False,False,False,Alto,Regular,Alta,False,Alta,False,False,Moderado,Boa,Completa,Média,Boa,0.22359328726554786,False
659,8° EF,False,Feminino,9,False,True,True,False,Branca,Urbana,Evadido,True,80.8,6.9,Muito baixo,2381.64,1.9,False,False,False,True,False,Alto,Bom,Alta,False,Baixa,False,False,Baixo,Boa,Completa,Baixa,Ruim,0.7413622902270485,True
660,7° EF,False,Feminino,10,True,True,True,True,Parda,Urbana,Aprovado,False,91.3,2.9,Muito alto,8161.47,3.2,False,False,False,False,False,Baixo,Ruim,Baixa,True,Baixa,False,False,Alto,Boa,Completa,Média,Ruim,0.39338598223099713,False
661,5° EF,False,Feminino,7,False,True,True,False,Parda,Urbana,Aprovado,False,87.4,5.6,Alto,4598.69,1.6,False,False,False,False,False,Baixo,Bom,Baixa,False,Alta,False,False,Alto,Boa,Parcial,Média,Regular,0.27936821322803557,True
662,3° EM,False,Masculino,6,False,True,False,False,Branca,Urbana,Aprovado,False,96.4,7.0,Médio,4426.18,2.7,False,False,False,False,False,Médio,Bom,Média,False,Alta,False,False,Baixo,Boa,Insuficiente,Média,Boa,0.16584402764067127,False
663,8° EF,False,Feminino,12,True,True,True,False,Branca,Rural,Aprovado,False,80.9,2.9,Baixo,1423.44,2.9,False,False,True,False,False,Alto,Bom,Baixa,True,Alta,False,False,Alto,Boa,Completa,Média,Ruim,0.4447186574531096,False
664,3° EF,False,Feminino,6,False,True,True,True,Preta,Urbana,Aprovado,False,91.8,0.8,Baixo,5111.16,2.2,False,False,False,False,False,Médio,Bom,Baixa,False,Alta,False,False,Alto,Regular,Insuficiente,Alta,Regular,0.49457058242843044,True
665,2° EF,False,Feminino,10,False,True,True,False,Parda,Urbana,Aprovado,False,90.3,6.0,Muito alto,5559.35,0.4,True,False,False,False,False,Alto,Regular,Baixa,True,Alta,False,False,Moderado,Ruim,Parcial,Alta,Ruim,0.409838762750905,True
666,2° EF,False,Masculino,6,False,True,False,False,Parda,Urbana,Evadido,False,83.2,5.6,Médio,5596.6,2.0,False,False,False,False,False,Alto,Ruim,Média,False,Alta,True,False,Baixo,Boa,Completa,Alta,Boa,0.3000987166831195,False
667,3° EF,False,Masculino,11,False,True,False,False,Parda,Urbana,Aprovado,False,78.0,1.5,Baixo,6778.54,3.2,False,False,False,False,False,Baixo,Bom,Alta,True,Alta,True,False,Moderado,Boa,Completa,Baixa,Regular,0.5281342546890425,True
668,2° EF,False,Masculino,15,False,True,False,False,Parda,Urbana,Aprovado,False,91.2,9.8,Alto,2554.96,2.5,False,False,False,False,False,Médio,Bom,Alta,False,Baixa,False,False,Moderado,Regular,Parcial,Média,Boa,0.05330700888450144,False
669,3° EF,False,Masculino,7,True,True,False,False,Branca,Rural,Aprovado,False,93.1,6.1,Alto,3151.08,2.4,False,False,False,False,False,Médio,Regular,Alta,False,Baixa,False,False,Alto,Boa,Parcial,Alta,Regular,0.22655478775913135,False
670,4° EF,False,Feminino,7,False,True,True,False,Parda,Urbana,Aprovado,False,83.7,7.0,Baixo,7605.62,0.3,False,False,True,False,False,Médio,Bom,Média,False,Baixa,False,False,Moderado,Boa,Completa,Média,Ruim,0.22852912142152026,False
671,3° EF,False,Masculino,12,False,False,True,False,Parda,Urbana,Aprovado,False,91.1,9.8,Baixo,8693.84,1.3,False,False,False,False,False,Baixo,Ruim,Alta,False,Média,True,False,Baixo,Boa,Parcial,Média,Boa,0.05380059230009871,False
672,2° EM,False,Feminino,11,False,True,False,False,Amarela,Urbana,Aprovado,False,85.7,0.8,Baixo,2223.57,2.4,False,False,False,False,False,Baixo,Bom,Média,True,Alta,False,False,Alto,Boa,Insuficiente,Baixa,Regular,0.5246791707798618,True
673,2° EF,False,Feminino,13,False,True,True,False,Amarela,Rural,Aprovado,True,92.5,8.6,Muito baixo,5108.55,2.4,False,True,False,False,False,Médio,Bom,Baixa,False,Alta,True,False,Moderado,Regular,Completa,Alta,Boa,0.2706482395524844,False
674,7° EF,False,Masculino,8,False,True,True,False,Branca,Rural,Aprovado,False,80.4,1.3,Baixo,2847.63,3.2,False,False,False,False,False,Médio,Bom,Baixa,False,Média,False,False,Moderado,Boa,Insuficiente,Média,Ruim,0.5261599210266534,False
675,5° EF,False,Feminino,13,False,True,True,False,Branca,Urbana,Aprovado,False,96.7,6.4,Muito baixo,1618.53,1.9,False,True,False,False,False,Baixo,Regular,Média,True,Alta,False,True,Baixo,Boa,Parcial,Alta,Ruim,0.19397828232971373,False
676,3° EM,False,Feminino,15,False,True,True,False,Branca,Urbana,Aprovado,False,83.0,10.0,Muito baixo,3735.55,2.4,False,False,False,False,False,Médio,Ruim,Alta,False,Média,False,False,Moderado,Ruim,Completa,Média,Regular,0.08390918065153014,False
677,2° EF,False,Masculino,8,False,True,False,False,Branca,Rural,Aprovado,False,85.0,6.1,Médio,2285.42,2.0,False,False,False,False,False,Médio,Bom,Alta,False,Baixa,False,False,Baixo,Ruim,Parcial,Baixa,Regular,0.2665350444225074,False
678,5° EF,False,Feminino,6,False,True,True,False,Branca,Urbana,Aprovado,False,73.4,5.8,Muito alto,6801.68,1.0,False,False,False,False,False,Médio,Bom,Baixa,False,Média,False,False,Moderado,Regular,Insuficiente,Baixa,Boa,0.3385982230997039,True
679,3° EM,False,Feminino,15,False,True,True,False,Preta,Urbana,Aprovado,False,76.8,4.9,Muito baixo,5396.29,0.3,False,False,False,False,False,Médio,Bom,Média,False,Alta,False,True,Alto,Regular,Completa,Alta,Boa,0.36623889437314916,False
680,2° EM,False,Feminino,9,False,True,True,False,Parda,Urbana,Aprovado,False,88.3,8.5,Alto,2286.59,2.4,True,False,False,False,False,Baixo,Regular,Baixa,False,Média,False,False,Moderado,Regular,Parcial,Média,Boa,0.2963145771635407,False
681,1° EM,False,Feminino,18,False,True,True,False,Branca,Rural,Aprovado,False,82.5,7.7,Alto,1213.11,2.2,False,True,False,False,False,Médio,Regular,Alta,True,Alta,False,False,Alto,Boa,Completa,Alta,Regular,0.1999012833168806,True
682,4° EF,False,Masculino,6,False,True,True,False,Parda,Urbana,Aprovado,True,95.3,6.4,Muito baixo,7585.1,1.4,False,False,False,False,True,Baixo,Ruim,Alta,True,Alta,False,False,Baixo,Boa,Completa,Média,Boa,0.3654162553471538,True
683,3° EF,False,Masculino,14,True,True,True,False,Parda,Urbana,Aprovado,False,67.5,7.0,Alto,2544.69,0.4,False,False,True,False,False,Médio,Regular,Média,False,Alta,False,False,Moderado,Boa,Parcial,Alta,Regular,0.3084896347482725,True
684,8° EF,False,Feminino,10,False,True,True,False,Branca,Urbana,Aprovado,False,85.3,8.1,Baixo,5974.46,2.6,False,False,False,True,False,Alto,Bom,Alta,True,Média,False,False,Moderado,Boa,Parcial,Média,Ruim,0.49539322145442594,True
685,3° EM,True,Masculino,12,False,True,True,False,Parda,Urbana,Evadido,False,70.7,5.3,Muito baixo,1151.67,2.7,True,True,False,False,False,Médio,Regular,Média,False,Média,False,False,Moderado,Ruim,Completa,Baixa,Boa,0.5411319512997697,False
686,7° EF,False,Feminino,9,True,True,True,False,Branca,Urbana,Reprovado,False,68.6,5.7,Médio,5809.12,2.6,False,False,True,False,False,Alto,Bom,Alta,False,Média,False,True,Alto,Boa,Completa,Média,Regular,0.3672260612043436,True
687,7° EF,False,Feminino,13,False,True,True,False,Parda,Urbana,Aprovado,False,77.4,6.6,Muito baixo,3656.99,3.9,False,False,False,False,False,Alto,Regular,Alta,False,Baixa,False,False,Alto,Ruim,Parcial,Baixa,Boa,0.2793682132280356,False
688,4° EF,False,Masculino,6,True,True,True,False,Branca,Urbana,Aprovado,False,86.1,6.6,Médio,1832.81,0.1,False,False,False,False,False,Médio,Bom,Média,True,Baixa,False,True,Alto,Boa,Parcial,Alta,Ruim,0.2364264560710761,False
689,1° EM,False,Feminino,9,False,True,True,False,Amarela,Urbana,Aprovado,False,87.8,8.0,Muito baixo,2917.6,1.3,False,False,False,False,False,Alto,Bom,Média,True,Alta,True,False,Alto,Ruim,Completa,Média,Ruim,0.15893385982231,False
690,3° EF,False,Masculino,19,False,True,False,False,Parda,Urbana,Reprovado,False,85.9,7.7,Médio,2639.32,1.8,False,False,False,True,False,Médio,Bom,Alta,True,Média,False,False,Moderado,Boa,Completa,Alta,Boa,0.5121750575847318,False
691,4° EF,False,Masculino,13,False,True,True,False,Amarela,Urbana,Em andamento,False,88.7,6.0,Baixo,4553.2,3.5,False,False,False,False,False,Alto,Bom,Alta,False,Alta,False,False,Alto,Ruim,Completa,Baixa,Boa,0.253208292201382,False
692,6° EF,False,Feminino,19,True,True,False,False,Parda,Urbana,Aprovado,False,90.0,5.0,Baixo,6389.74,0.4,False,False,True,True,False,Baixo,Ruim,Baixa,False,Alta,False,False,Moderado,Ruim,Completa,Baixa,Regular,0.625205659756499,False
693,7° EF,False,Feminino,11,False,True,False,False,Preta,Urbana,Reprovado,False,66.1,8.5,Médio,3243.46,3.9,False,False,False,False,False,Baixo,Bom,Média,False,Média,False,False,Alto,Boa,Insuficiente,Média,Boa,0.24136229022704844,True
694,3° EF,False,Masculino,7,False,True,True,True,Parda,Urbana,Aprovado,False,87.2,6.9,Médio,1235.67,2.1,True,False,False,False,False,Alto,Regular,Baixa,True,Média,False,False,Moderado,Regular,Completa,Alta,Ruim,0.38071734123066797,True
695,2° EF,False,Masculino,6,False,True,True,True,Parda,Urbana,Aprovado,False,98.8,9.6,Baixo,5278.34,1.9,False,False,False,False,False,Alto,Bom,Alta,False,Baixa,False,True,Alto,Ruim,Completa,Alta,Ruim,0.025666337611056304,False
696,8° EF,False,Masculino,16,True,True,True,False,Branca,Urbana,Reprovado,False,88.4,2.8,Alto,5970.82,1.8,False,False,True,False,False,Médio,Bom,Alta,True,Alta,False,False,Alto,Regular,Parcial,Alta,Boa,0.4126357354392893,False
697,4° EF,False,Feminino,8,True,True,True,False,Branca,Urbana,Evadido,False,91.8,8.7,Muito baixo,8819.06,1.6,False,True,False,False,False,Alto,Bom,Média,True,Alta,False,False,Moderado,Ruim,Parcial,Alta,Boa,0.10463968410661406,False
698,7° EF,False,Feminino,10,False,True,True,False,Branca,Urbana,Aprovado,False,83.6,8.1,Baixo,5840.9,3.0,False,True,False,False,False,Alto,Ruim,Baixa,False,Média,False,False,Alto,Boa,Insuficiente,Baixa,Boa,0.1747285291214216,False
699,2° EF,False,Masculino,15,False,True,True,False,Branca,Urbana,Reprovado,False,93.9,2.3,Alto,4897.38,0.9,False,False,False,False,False,Alto,Regular,Média,False,Alta,False,False,Alto,Boa,Completa,Alta,Regular,0.41016781836130306,True
700,6° EF,False,Masculino,17,False,True,True,False,Parda,Urbana,Aprovado,False,93.9,6.7,Médio,5712.74,2.3,False,False,False,False,False,Baixo,Bom,Baixa,True,Média,False,True,Alto,Boa,Completa,Média,Ruim,0.19299111549851924,True
701,7° EF,False,Masculino,7,True,True,True,False,Parda,Urbana,Aprovado,False,88.5,6.9,Muito baixo,8540.15,1.6,False,True,False,False,False,Alto,Bom,Alta,False,Média,False,True,Moderado,Regular,Parcial,Média,Ruim,0.2097729516288253,False
702,1° EF,False,Feminino,6,True,True,True,False,Branca,Urbana,Evadido,False,99.2,7.7,Muito alto,7746.38,1.2,False,True,True,False,False,Alto,Bom,Alta,False,Alta,False,False,Alto,Boa,Completa,Alta,Boa,0.11747285291214213,False
703,5° EF,False,Feminino,18,True,True,False,False,Branca,Urbana,Evadido,False,77.5,6.8,Médio,3715.41,4.6,True,False,False,False,False,Médio,Ruim,Baixa,False,Média,False,False,Moderado,Regular,Completa,Média,Boa,0.4335307666995723,False
704,2° EF,False,Masculino,18,True,True,True,False,Parda,Urbana,Aprovado,False,68.1,8.3,Alto,3031.69,2.4,False,False,False,False,True,Médio,Bom,Alta,True,Alta,False,False,Alto,Boa,Completa,Alta,Boa,0.24136229022704841,False
705,1° EF,False,Feminino,17,True,True,True,False,Parda,Urbana,Reprovado,False,93.8,6.1,Muito baixo,3234.11,2.6,False,False,False,False,True,Alto,Bom,Alta,False,Alta,True,False,Baixo,Ruim,Completa,Média,Boa,0.22309970384995068,False
706,3° EM,False,Masculino,16,False,True,True,False,Parda,Urbana,Aprovado,False,94.7,7.8,Muito baixo,5162.56,3.1,False,False,True,False,False,Médio,Regular,Alta,False,Alta,False,False,Alto,Regular,Completa,Baixa,Ruim,0.13474827245804544,False
707,4° EF,False,Feminino,6,True,True,False,False,Preta,Urbana,Evadido,False,77.2,7.2,Baixo,7073.79,0.6,False,False,False,False,False,Alto,Regular,Média,False,Média,True,False,Alto,Boa,Completa,Baixa,Boa,0.25074037512339586,True
708,1° EM,False,Masculino,14,False,True,True,False,Branca,Urbana,Aprovado,False,82.4,1.9,Médio,5152.98,3.8,False,False,False,False,False,Alto,Regular,Alta,True,Alta,False,True,Moderado,Ruim,Parcial,Alta,Regular,0.4866732477788746,True
709,3° EF,False,Masculino,7,False,True,False,False,Branca,Urbana,Aprovado,True,68.2,5.6,Alto,1680.13,0.5,False,False,False,False,False,Médio,Ruim,Baixa,True,Alta,False,False,Baixo,Regular,Completa,Alta,Boa,0.5386640342217837,True
710,9° EF,False,Masculino,11,True,True,True,False,Preta,Urbana,Aprovado,False,83.2,5.6,Baixo,6910.53,1.2,False,False,False,False,False,Médio,Bom,Média,False,Alta,False,False,Moderado,Ruim,Completa,Baixa,Regular,0.3000987166831195,False
711,1° EM,False,Masculino,6,True,True,False,False,Parda,Rural,Aprovado,False,93.9,1.5,Baixo,7567.66,1.5,True,False,False,False,False,Médio,Ruim,Alta,False,Alta,False,True,Alto,Boa,Completa,Média,Ruim,0.6141822968081606,True
712,8° EF,False,Feminino,8,True,True,True,False,Preta,Urbana,Reprovado,False,88.4,8.2,Médio,3448.38,2.6,False,True,False,False,False,Médio,Regular,Média,False,Alta,False,False,Alto,Regular,Parcial,Baixa,Ruim,0.14610069101678186,False
713,6° EF,False,Feminino,12,False,True,True,True,Parda,Urbana,Aprovado,False,84.5,6.2,Médio,6436.33,2.2,False,False,False,False,False,Médio,Bom,Média,False,Média,False,False,Alto,Boa,Parcial,Média,Ruim,0.26406712734452126,False
714,5° EF,False,Feminino,8,True,True,False,False,Parda,Rural,Aprovado,False,85.1,7.7,Médio,4541.81,1.8,True,False,False,False,False,Médio,Bom,Média,False,Alta,False,False,Baixo,Regular,Parcial,Média,Boa,0.35159591971043114,True
715,5° EF,False,Feminino,12,False,True,False,False,Branca,Urbana,Aprovado,False,59.5,9.1,Médio,8230.84,2.0,False,False,True,False,False,Alto,Ruim,Alta,False,Baixa,False,False,Alto,Regular,Completa,Alta,Boa,0.24432379072063187,False
716,3° EM,False,Feminino,8,True,True,True,True,Branca,Rural,Aprovado,False,83.3,7.3,Muito alto,7880.75,1.0,False,False,False,False,False,Médio,Regular,Baixa,False,Média,False,False,Alto,Boa,Completa,Alta,Regular,0.21569595261599217,False
717,1° EM,True,Masculino,14,True,True,True,True,Parda,Urbana,Evadido,False,78.7,5.1,Baixo,1796.03,1.5,False,False,False,False,False,Médio,Regular,Média,True,Alta,False,False,Moderado,Regular,Parcial,Baixa,Ruim,0.3469891411648569,False
718,3° EM,False,Masculino,15,False,True,True,False,Branca,Urbana,Aprovado,False,99.1,9.2,Médio,6654.71,2.7,False,False,False,False,False,Alto,Bom,Média,False,Baixa,False,False,Alto,Boa,Insuficiente,Média,Boa,0.043928923988154074,False
719,2° EF,False,Masculino,7,True,False,False,False,Parda,Urbana,Aprovado,False,95.6,6.7,Médio,8184.82,2.7,False,True,False,False,False,Alto,Ruim,Alta,False,Alta,False,False,Alto,Boa,Parcial,Média,Boa,0.18460019743336628,True
720,9° EF,False,Feminino,14,False,True,False,False,Parda,Rural,Aprovado,False,69.4,4.2,Baixo,5093.14,3.6,False,False,True,False,False,Médio,Bom,Baixa,True,Alta,False,False,Alto,Boa,Completa,Baixa,Regular,0.4373149062191511,False
721,3° EM,False,Masculino,6,True,False,True,False,Branca,Urbana,Aprovado,True,96.9,5.4,Médio,3637.83,1.2,True,False,False,False,False,Alto,Ruim,Média,False,Alta,False,False,Baixo,Boa,Completa,Média,Regular,0.5714050674564002,False
722,3° EF,False,Masculino,12,False,True,False,False,Não declarada,Rural,Aprovado,False,94.1,4.8,Médio,7150.49,2.7,False,False,False,False,False,Alto,Regular,Baixa,False,Baixa,False,False,Alto,Boa,Parcial,Alta,Boa,0.28578479763079967,False
723,1° EF,False,Masculino,14,False,False,True,False,Preta,Urbana,Aprovado,False,94.0,1.0,Baixo,2894.6,1.7,False,False,False,True,False,Médio,Bom,Média,False,Média,False,False,Moderado,Boa,Parcial,Baixa,Regular,0.802895689371504,True
724,9° EF,False,Feminino,6,False,True,True,False,Preta,Urbana,Aprovado,False,87.1,6.2,Médio,4238.25,3.2,False,False,False,False,False,Alto,Ruim,Baixa,True,Alta,False,False,Moderado,Regular,Completa,Média,Ruim,0.25123395853899316,False
725,7° EF,False,Feminino,7,False,True,False,False,Parda,Rural,Aprovado,False,85.7,5.3,Muito baixo,8044.27,3.0,False,False,False,False,False,Médio,Bom,Baixa,True,Alta,False,False,Alto,Boa,Completa,Média,Boa,0.3025666337611057,True
726,1° EM,False,Masculino,9,True,True,True,False,Parda,Urbana,Reprovado,True,83.4,5.5,Alto,6917.25,2.2,False,False,False,False,False,Médio,Regular,Alta,True,Alta,False,False,Moderado,Boa,Parcial,Alta,Regular,0.46857518920697605,False
727,2° EF,False,Feminino,16,False,True,False,False,Parda,Urbana,Aprovado,False,74.0,5.8,Médio,4360.12,1.7,False,True,False,False,False,Alto,Ruim,Alta,False,Alta,False,False,Alto,Regular,Insuficiente,Alta,Ruim,0.33563672260612054,False
728,1° EM,False,Outro,13,False,True,True,False,Branca,Rural,Aprovado,False,81.3,7.7,Médio,2852.16,3.0,False,False,False,False,False,Médio,Bom,Média,False,Alta,True,False,Moderado,Boa,Insuficiente,Alta,Ruim,0.2058242843040474,False
729,3° EF,False,Feminino,6,True,True,True,False,Preta,Urbana,Em andamento,False,81.8,5.8,Baixo,3978.53,2.6,False,False,False,True,False,Alto,Bom,Alta,False,Média,False,True,Moderado,Boa,Completa,Média,Boa,0.6261928265876935,True
730,3° EF,False,Masculino,13,True,True,True,True,Branca,Urbana,Aprovado,False,87.7,9.9,Muito alto,3405.36,1.3,False,False,False,False,False,Médio,Regular,Alta,False,Alta,False,False,Baixo,Ruim,Completa,Baixa,Ruim,0.06564659427443235,False
731,3° EF,False,Masculino,6,False,True,True,False,Parda,Rural,Aprovado,False,93.3,7.7,Baixo,2543.85,0.7,False,False,False,False,False,Alto,Bom,Alta,False,Alta,False,False,Baixo,Regular,Parcial,Média,Ruim,0.1465942744323791,False
732,1° EM,False,Masculino,10,False,True,True,False,Branca,Urbana,Aprovado,True,87.4,1.6,Médio,7068.07,1.7,False,False,False,False,False,Médio,Bom,Alta,False,Alta,False,False,Moderado,Regular,Parcial,Baixa,Boa,0.6413293846660088,False
733,8° EF,False,Feminino,8,False,True,True,False,Parda,Urbana,Aprovado,False,73.4,6.0,Baixo,3149.86,3.5,False,False,False,False,False,Alto,Bom,Média,True,Média,False,False,Baixo,Regular,Insuficiente,Alta,Boa,0.32872655478775914,False
734,7° EF,False,Masculino,17,True,True,True,False,Branca,Rural,Aprovado,False,98.6,9.6,Baixo,4761.75,3.1,False,False,False,True,False,Alto,Regular,Alta,False,Alta,False,True,Moderado,Boa,Completa,Alta,Ruim,0.3557091148404081,True
735,5° EF,False,Feminino,14,False,True,True,False,Indígena,Rural,Aprovado,False,98.2,8.1,Baixo,4216.94,0.9,True,False,False,False,False,Médio,Bom,Média,False,Média,False,False,Baixo,Boa,Completa,Baixa,Ruim,0.26719315564330376,False
736,2° EM,False,Masculino,17,True,True,True,False,Amarela,Urbana,Evadido,False,94.1,7.9,Baixo,8972.25,0.8,True,False,False,True,False,Baixo,Bom,Alta,False,Média,False,False,Alto,Regular,Completa,Alta,Regular,0.6263573543928925,True
737,5° EF,False,Masculino,6,True,True,True,False,Branca,Urbana,Aprovado,False,99.7,3.5,Alto,4258.67,3.3,False,False,False,True,False,Baixo,Ruim,Alta,True,Baixa,False,False,Moderado,Boa,Parcial,Baixa,Boa,0.6513655807831525,True
738,1° EM,False,Feminino,17,True,True,True,False,Branca,Urbana,Aprovado,False,88.9,2.0,Muito baixo,1777.32,0.9,False,False,False,False,False,Médio,Ruim,Alta,False,Alta,False,True,Alto,Boa,Completa,Baixa,Boa,0.449654491609082,False
739,6° EF,False,Masculino,13,False,True,True,False,Preta,Urbana,Aprovado,False,98.8,6.4,Baixo,1855.83,2.5,False,False,False,False,False,Alto,Ruim,Baixa,True,Alta,False,False,Moderado,Ruim,Insuficiente,Alta,Boa,0.1836130306021718,False
740,5° EF,False,Feminino,8,False,True,True,False,Preta,Urbana,Aprovado,False,74.7,7.9,Alto,5851.13,1.4,False,False,False,False,False,Médio,Regular,Média,False,Alta,False,False,Moderado,Regular,Parcial,Média,Boa,0.22852912142152024,False
741,6° EF,False,Masculino,10,False,True,True,False,Branca,Urbana,Aprovado,False,85.0,7.9,Baixo,5919.8,3.6,False,False,False,False,False,Médio,Bom,Média,False,Alta,False,False,Alto,Regular,Parcial,Baixa,Boa,0.17769002961500494,False
742,4° EF,False,Feminino,19,False,True,False,False,Branca,Rural,Aprovado,False,81.2,6.5,Muito baixo,4479.34,1.2,False,False,False,False,False,Alto,Regular,Baixa,True,Média,False,False,Alto,Regular,Parcial,Alta,Boa,0.26554787759131293,True
743,9° EF,False,Feminino,7,False,True,False,False,Parda,Urbana,Reprovado,False,80.2,10.0,Médio,4583.7,3.1,False,False,False,False,True,Médio,Ruim,Baixa,False,Alta,False,False,Alto,Regular,Completa,Baixa,Boa,0.09772951628825272,False
744,6° EF,False,Feminino,9,False,True,False,False,Parda,Urbana,Aprovado,False,78.2,6.3,Médio,1569.56,2.2,False,False,False,False,False,Alto,Bom,Alta,False,Alta,False,False,Alto,Boa,Parcial,Baixa,Boa,0.2902270483711748,True
745,3° EF,False,Masculino,17,False,True,False,False,Parda,Urbana,Aprovado,False,90.6,9.7,Médio,5259.27,2.3,False,False,False,False,False,Médio,Bom,Alta,False,Média,False,True,Alto,Regular,Parcial,Média,Boa,0.06120434353405733,False
746,2° EM,False,Feminino,12,False,True,False,False,Amarela,Urbana,Aprovado,False,94.1,3.8,Baixo,5165.1,0.0,False,False,False,True,False,Médio,Bom,Média,False,Alta,False,False,Moderado,Ruim,Completa,Alta,Regular,0.6641987495886807,True
747,5° EF,False,Feminino,7,False,True,False,False,Parda,Urbana,Aprovado,False,89.7,7.8,Médio,2332.18,0.2,True,False,False,False,False,Alto,Ruim,Alta,True,Alta,False,False,Moderado,Boa,Parcial,Alta,Boa,0.32395524843698587,True
748,7° EF,False,Masculino,11,False,True,False,False,Parda,Urbana,Aprovado,False,78.4,5.7,Baixo,1967.6,1.8,True,False,False,False,False,Médio,Bom,Alta,True,Alta,False,False,Alto,Boa,Completa,Média,Ruim,0.48338269167489306,True
749,2° EM,False,Masculino,11,False,True,True,False,Preta,Urbana,Reprovado,False,94.7,9.7,Baixo,2124.99,2.2,False,False,False,False,False,Alto,Bom,Alta,False,Média,False,False,Alto,Boa,Insuficiente,Média,Ruim,0.04096742349457061,False
750,8° EF,False,Masculino,18,False,True,True,False,Parda,Urbana,Reprovado,False,90.9,8.9,Baixo,1945.18,0.9,False,False,False,False,False,Médio,Regular,Média,True,Alta,False,False,Alto,Ruim,Insuficiente,Média,Boa,0.09921026653504438,False
751,2° EF,False,Masculino,6,False,True,False,False,Parda,Urbana,Aprovado,False,85.5,5.1,Baixo,6002.31,0.9,False,False,False,False,False,Alto,Regular,Alta,True,Alta,False,False,Alto,Boa,Completa,Baixa,Regular,0.3134254689042449,False
752,3° EM,False,Masculino,8,True,True,True,False,Branca,Urbana,Reprovado,True,91.7,6.0,Médio,2706.51,2.6,False,False,False,False,False,Médio,Regular,Alta,False,Alta,False,False,Alto,Regular,Completa,Alta,Regular,0.4029285949325436,True
753,8° EF,False,Feminino,12,True,True,True,False,Não declarada,Rural,Aprovado,False,82.2,5.4,Médio,3144.76,2.6,False,False,False,False,False,Alto,Bom,Alta,False,Alta,False,False,Moderado,Ruim,Completa,Alta,Boa,0.3149062191510365,False
754,4° EF,False,Feminino,9,True,True,True,False,Branca,Urbana,Aprovado,False,84.5,5.6,Baixo,2523.78,1.9,False,False,False,False,False,Alto,Bom,Alta,False,Alta,False,False,Alto,Boa,Parcial,Alta,Ruim,0.2936821322803554,True
755,2° EF,False,Feminino,10,True,True,True,False,Não declarada,Urbana,Aprovado,False,97.5,5.9,Muito baixo,8778.9,2.8,False,False,False,False,False,Médio,Bom,Baixa,False,Alta,False,False,Baixo,Regular,Completa,Alta,Ruim,0.21470878578479763,False
756,1° EM,False,Masculino,7,False,True,True,False,Parda,Urbana,Reprovado,False,83.1,4.6,Baixo,7955.66,0.8,False,False,False,False,False,Alto,Ruim,Alta,False,Média,False,True,Alto,Regular,Parcial,Alta,Ruim,0.34995064165844036,False
757,8° EF,False,Feminino,9,False,True,True,False,Parda,Urbana,Aprovado,False,87.3,9.1,Baixo,2977.78,1.6,False,False,False,False,False,Médio,Regular,Alta,False,Alta,False,False,Moderado,Ruim,Completa,Média,Regular,0.10710760118460025,False
758,7° EF,False,Feminino,9,True,True,True,False,Branca,Rural,Aprovado,False,96.7,3.9,Médio,3752.0,3.6,False,False,False,False,False,Médio,Regular,Alta,False,Baixa,False,False,Moderado,Ruim,Insuficiente,Média,Regular,0.3173741362290227,False
759,2° EM,False,Feminino,13,False,True,True,False,Parda,Urbana,Aprovado,False,92.4,9.3,Alto,2813.46,2.1,False,False,False,False,False,Alto,Bom,Média,False,Média,False,False,Baixo,Ruim,Completa,Alta,Boa,0.0720631786771964,False
760,1° EM,False,Masculino,8,False,True,False,False,Branca,Urbana,Evadido,False,73.8,3.2,Alto,5062.5,2.1,False,False,False,False,False,Alto,Regular,Baixa,False,Alta,False,False,Moderado,Ruim,Parcial,Média,Boa,0.46495557749259625,False
761,2° EF,False,Feminino,19,False,False,True,False,Parda,Urbana,Aprovado,False,78.4,8.7,Médio,1295.81,4.3,False,False,False,False,False,Baixo,Ruim,Alta,False,Média,False,False,Moderado,Boa,Completa,Média,Boa,0.17077986179664367,False
762,4° EF,False,Masculino,11,False,True,True,False,Branca,Rural,Aprovado,False,65.2,8.4,Médio,6494.1,0.6,False,False,False,False,False,Alto,Bom,Média,False,Alta,False,False,Moderado,Ruim,Parcial,Alta,Boa,0.25074037512339586,False
763,3° EF,False,Feminino,16,False,True,False,False,Parda,Urbana,Aprovado,False,90.8,5.1,Médio,5312.0,2.8,False,False,True,False,False,Baixo,Bom,Alta,False,Média,False,False,Moderado,Ruim,Completa,Média,Regular,0.2872655478775914,False
764,9° EF,False,Masculino,13,True,True,False,False,Branca,Urbana,Aprovado,False,86.9,7.2,Baixo,8306.76,3.7,False,False,False,False,True,Baixo,Bom,Baixa,False,Baixa,False,False,Baixo,Ruim,Completa,Baixa,Boa,0.20286278381046394,False
765,1° EF,False,Outro,17,False,True,True,True,Amarela,Urbana,Aprovado,False,77.9,5.6,Médio,2450.56,1.7,False,False,True,False,False,Médio,Bom,Alta,True,Média,False,True,Baixo,Ruim,Parcial,Média,Boa,0.326258637709773,True
766,7° EF,False,Feminino,17,False,True,True,False,Branca,Rural,Aprovado,False,98.6,5.3,Alto,7552.81,2.9,True,False,True,False,False,Médio,Regular,Alta,True,Alta,False,False,Alto,Boa,Insuficiente,Alta,Boa,0.4034221783481409,False
767,1° EM,False,Masculino,16,False,True,False,False,Parda,Rural,Aprovado,False,88.6,9.4,Médio,7455.92,1.0,False,False,False,False,False,Alto,Regular,Média,True,Baixa,False,False,Alto,Regular,Completa,Alta,Regular,0.08588351431391908,False
768,2° EM,False,Feminino,6,True,True,True,False,Preta,Rural,Aprovado,False,81.7,0.5,Médio,2153.77,1.3,False,False,False,False,False,Médio,Regular,Alta,False,Alta,False,False,Alto,Boa,Parcial,Alta,Regular,0.5592300098716684,True
769,5° EF,False,Feminino,12,True,True,True,False,Parda,Urbana,Reprovado,False,88.0,4.4,Médio,4318.23,2.4,False,False,False,False,False,Médio,Bom,Média,False,Alta,False,False,Baixo,Boa,Completa,Alta,Ruim,0.3356367226061205,True
770,1° EM,False,Feminino,9,True,True,True,False,Branca,Urbana,Aprovado,False,91.8,5.9,Muito alto,2496.5,2.8,False,False,False,False,False,Alto,Bom,Alta,False,Média,False,True,Moderado,Ruim,Parcial,Média,Boa,0.2428430404738401,False
771,2° EF,False,Feminino,7,False,True,True,False,Branca,Urbana,Aprovado,False,74.8,3.2,Médio,3171.0,3.1,False,False,False,False,False,Alto,Bom,Alta,True,Alta,False,False,Alto,Regular,Completa,Média,Boa,0.4600197433366239,False
772,2° EM,False,Masculino,17,False,True,True,False,Parda,Urbana,Aprovado,True,82.6,9.5,Muito alto,3239.0,3.6,False,True,False,False,False,Alto,Regular,Alta,True,Baixa,False,False,Alto,Boa,Insuficiente,Média,Ruim,0.2750904902928596,False
773,2° EF,False,Outro,13,False,True,True,False,Preta,Rural,Evadido,False,94.6,7.2,Muito baixo,5575.83,1.9,False,False,False,False,False,Baixo,Bom,Média,True,Alta,False,False,Moderado,Ruim,Completa,Alta,Ruim,0.16485686080947684,False
774,5° EF,False,Masculino,6,False,True,True,False,Branca,Urbana,Em andamento,False,87.1,0.2,Baixo,4420.73,3.2,False,True,True,False,False,Baixo,Bom,Alta,False,Alta,False,False,Moderado,Regular,Completa,Média,Boa,0.5473840078973349,True
775,1° EM,False,Masculino,10,False,True,True,False,Branca,Urbana,Aprovado,False,89.0,5.3,Muito alto,8698.33,1.7,True,True,False,False,False,Baixo,Ruim,Baixa,False,Média,False,False,Alto,Ruim,Completa,Alta,Ruim,0.4508061862454756,False
776,2° EF,False,Masculino,19,True,True,False,False,Branca,Urbana,Aprovado,False,86.5,5.8,Médio,2147.3,2.9,False,False,False,False,False,Médio,Bom,Média,True,Baixa,False,True,Alto,Boa,Completa,Média,Boa,0.273938795656466,False
777,3° EF,False,Feminino,13,False,True,True,False,Branca,Rural,Aprovado,False,72.1,8.8,Baixo,8905.37,2.2,True,False,False,False,False,Alto,Ruim,Alta,False,Média,False,False,Alto,Regular,Parcial,Média,Regular,0.36146758802237583,False
778,9° EF,False,Masculino,13,False,False,True,False,Parda,Urbana,Aprovado,False,79.2,9.1,Médio,2978.93,2.4,False,False,False,False,False,Baixo,Bom,Alta,True,Alta,False,False,Alto,Boa,Completa,Baixa,Regular,0.14708785784797632,True
779,9° EF,False,Feminino,8,True,False,True,False,Parda,Urbana,Aprovado,False,86.8,3.7,Alto,7303.69,2.4,False,False,False,False,False,Médio,Regular,Alta,True,Média,False,False,Moderado,Ruim,Completa,Média,Ruim,0.3761105626850939,False
780,8° EF,False,Masculino,8,True,True,True,False,Parda,Urbana,Evadido,True,80.7,6.3,Alto,3842.96,0.4,False,False,False,False,False,Alto,Bom,Alta,False,Alta,False,True,Baixo,Boa,Completa,Alta,Boa,0.4424152681803226,True
781,9° EF,False,Outro,7,False,True,True,False,Parda,Rural,Aprovado,False,72.7,7.0,Baixo,2280.59,0.9,False,False,False,False,False,Médio,Bom,Alta,False,Baixa,False,True,Alto,Boa,Insuficiente,Alta,Boa,0.2828232971372162,False
782,7° EF,False,Masculino,19,False,True,True,False,Parda,Urbana,Reprovado,False,95.5,5.6,Baixo,7981.75,2.1,False,False,False,False,False,Médio,Ruim,Baixa,False,Alta,False,True,Moderado,Boa,Completa,Alta,Regular,0.2393879565646595,False
783,3° EF,False,Masculino,18,False,True,True,False,Parda,Rural,Aprovado,False,99.4,7.1,Médio,3602.81,0.3,False,False,False,False,False,Baixo,Regular,Baixa,False,Alta,False,False,Alto,Boa,Parcial,Baixa,Regular,0.14610069101678186,False
784,5° EF,False,Masculino,9,False,True,True,False,Branca,Urbana,Aprovado,False,94.3,9.2,Alto,6394.3,2.8,False,False,False,True,False,Alto,Ruim,Alta,True,Alta,False,False,Moderado,Boa,Parcial,Alta,Regular,0.39667653833497873,True
785,3° EF,False,Feminino,12,False,True,False,True,Parda,Rural,Aprovado,False,95.8,9.9,Alto,5657.24,2.9,False,False,False,False,False,Alto,Bom,Alta,False,Média,False,False,Alto,Ruim,Parcial,Alta,Boa,0.02566633761105627,False
786,2° EM,False,Feminino,8,False,True,False,False,Parda,Urbana,Reprovado,False,81.7,7.2,Baixo,4902.03,2.3,False,False,False,False,False,Alto,Ruim,Alta,False,Alta,False,False,Baixo,Boa,Completa,Média,Boa,0.22852912142152024,False
787,7° EF,False,Feminino,7,False,True,False,False,Branca,Urbana,Aprovado,False,98.7,8.9,Médio,5093.96,0.9,False,False,False,True,False,Alto,Regular,Alta,False,Média,False,False,Moderado,Boa,Parcial,Média,Regular,0.3897663705166174,False
788,5° EF,False,Masculino,12,True,True,False,False,Branca,Urbana,Aprovado,False,80.3,7.4,Muito baixo,6979.58,3.4,False,False,False,False,False,Médio,Ruim,Média,False,Alta,False,False,Alto,Boa,Completa,Alta,Boa,0.22556762092793686,False
789,6° EF,False,Masculino,16,False,True,False,False,Preta,Urbana,Aprovado,False,98.4,9.9,Baixo,1839.46,4.0,False,False,False,False,False,Baixo,Bom,Alta,True,Alta,False,False,Alto,Boa,Completa,Média,Boa,0.01283316880552809,False
790,3° EM,False,Masculino,17,False,True,True,False,Branca,Urbana,Aprovado,False,99.8,8.3,Médio,6468.68,2.1,False,False,False,True,False,Alto,Bom,Média,True,Alta,False,False,Moderado,Boa,Completa,Média,Ruim,0.4139519578808819,True
791,2° EF,False,Masculino,9,False,True,True,False,Branca,Rural,Aprovado,False,92.5,1.8,Médio,8284.22,2.5,False,False,False,False,False,Alto,Ruim,Alta,False,Alta,False,False,Baixo,Ruim,Completa,Média,Ruim,0.44175715695952616,True
792,7° EF,False,Feminino,14,False,True,True,False,Parda,Rural,Aprovado,False,99.4,9.1,Baixo,1600.31,2.2,False,False,True,False,False,Alto,Bom,Média,False,Média,False,False,Alto,Boa,Completa,Baixa,Boa,0.04738400789733464,False
793,7° EF,False,Feminino,12,False,True,False,False,Parda,Urbana,Aprovado,False,89.5,5.1,Baixo,2261.22,2.5,False,False,False,False,False,Alto,Bom,Alta,False,Média,True,False,Moderado,Regular,Completa,Baixa,Boa,0.29368213228035545,False
794,8° EF,False,Masculino,7,False,True,False,False,Parda,Rural,Aprovado,False,82.2,5.9,Baixo,6855.11,1.9,False,True,False,False,False,Médio,Bom,Baixa,False,Alta,False,False,Moderado,Boa,Completa,Média,Regular,0.29022704837117475,True
795,1° EF,False,Masculino,19,False,True,False,False,Indígena,Urbana,Evadido,False,86.6,8.9,Alto,4627.07,2.0,False,False,False,False,False,Baixo,Bom,Alta,True,Alta,False,True,Moderado,Boa,Completa,Baixa,Regular,0.12043435340572561,False
796,2° EM,False,Masculino,19,False,True,True,False,Amarela,Urbana,Reprovado,False,90.0,6.1,Médio,4358.02,2.9,False,False,False,False,False,Médio,Ruim,Baixa,False,Média,False,False,Alto,Regular,Completa,Alta,Boa,0.24185587364264563,False
797,3° EM,False,Masculino,7,False,True,True,False,Parda,Urbana,Aprovado,False,74.6,4.9,Médio,2231.82,4.3,False,False,False,False,False,Alto,Bom,Baixa,False,Baixa,False,False,Alto,Boa,Completa,Alta,Regular,0.37709772951628834,False
798,7° EF,False,Feminino,18,False,True,False,True,Parda,Rural,Reprovado,False,90.6,6.0,Muito baixo,5181.3,0.6,False,False,False,False,False,Alto,Bom,Baixa,False,Alta,True,False,Alto,Boa,Completa,Baixa,Regular,0.2438302073050346,False
799,9° EF,False,Outro,18,False,True,True,False,Parda,Urbana,Aprovado,False,99.4,6.4,Alto,2148.7,1.9,False,False,False,False,True,Alto,Bom,Alta,False,Alta,False,False,Baixo,Regular,Completa,Baixa,Regular,0.18065153010858834,False
800,2° EM,False,Masculino,9,True,True,False,False,Branca,Urbana,Aprovado,False,80.1,9.1,Médio,4940.83,0.8,False,False,False,False,False,Médio,Bom,Baixa,False,Média,False,True,Baixo,Ruim,Completa,Baixa,Regular,0.14264560710760124,False
801,9° EF,False,Masculino,12,False,True,False,False,Preta,Urbana,Aprovado,True,94.3,5.6,Baixo,7229.84,3.6,True,False,False,False,False,Médio,Bom,Média,False,Média,False,False,Moderado,Boa,Completa,Média,Ruim,0.5743665679499836,True
802,2° EF,False,Masculino,18,False,True,True,False,Parda,Urbana,Aprovado,False,97.2,3.3,Alto,3199.26,1.4,False,False,False,False,True,Médio,Regular,Média,False,Média,False,False,Moderado,Boa,Completa,Média,Boa,0.34452122408687075,False
803,7° EF,False,Masculino,7,False,True,True,False,Parda,Urbana,Aprovado,False,98.2,3.0,Muito baixo,4974.05,0.6,False,False,False,False,False,Médio,Bom,Baixa,False,Média,False,False,Alto,Ruim,Completa,Média,Boa,0.35439289239881544,False
804,8° EF,False,Masculino,9,False,True,False,True,Preta,Urbana,Aprovado,False,98.7,9.7,Alto,9051.52,2.6,True,True,True,False,False,Médio,Ruim,Baixa,False,Alta,True,True,Moderado,Regular,Completa,Baixa,Boa,0.18575189206975984,False
805,6° EF,False,Feminino,17,False,True,True,False,Parda,Urbana,Aprovado,False,88.5,5.9,Médio,6615.99,3.7,False,False,False,False,False,Baixo,Bom,Alta,True,Alta,False,False,Moderado,Boa,Parcial,Baixa,Boa,0.2591312931885489,False
806,9° EF,False,Feminino,15,False,True,True,False,Parda,Urbana,Evadido,False,99.2,3.4,Muito alto,7849.89,2.7,False,True,False,False,False,Alto,Bom,Alta,False,Média,False,True,Moderado,Boa,Parcial,Alta,Regular,0.3297137216189536,False
807,3° EM,False,Feminino,15,False,True,True,False,Parda,Urbana,Aprovado,False,93.5,7.7,Médio,4448.14,2.2,False,False,False,False,False,Alto,Regular,Baixa,True,Média,False,False,Moderado,Ruim,Insuficiente,Média,Boa,0.14560710760118462,True
808,2° EM,False,Masculino,17,True,True,True,False,Branca,Urbana,Reprovado,False,79.0,6.7,Baixo,7263.71,2.4,True,False,False,False,False,Alto,Bom,Alta,True,Média,False,False,Alto,Regular,Parcial,Alta,Ruim,0.43106284962158614,False
809,6° EF,False,Feminino,10,True,True,True,False,Branca,Rural,Aprovado,False,87.5,7.7,Muito baixo,1462.49,3.4,False,False,False,False,False,Alto,Bom,Média,False,Alta,False,False,Moderado,Boa,Parcial,Alta,Regular,0.17522211253701875,True
810,2° EF,False,Masculino,10,True,True,False,False,Parda,Rural,Aprovado,False,92.6,7.6,Médio,2119.72,1.1,False,False,False,False,False,Médio,Ruim,Alta,True,Alta,False,False,Alto,Boa,Parcial,Média,Regular,0.15498519249753215,False
811,3° EM,False,Masculino,11,False,True,True,False,Não declarada,Urbana,Aprovado,False,81.9,4.6,Médio,2759.05,1.9,False,False,False,False,False,Médio,Regular,Baixa,False,Alta,False,False,Moderado,Boa,Completa,Média,Regular,0.35587364264560717,False
812,1° EM,False,Masculino,18,True,True,True,False,Branca,Urbana,Reprovado,False,91.0,9.3,Alto,4345.29,1.5,True,False,False,False,False,Alto,Bom,Baixa,False,Média,False,False,Alto,Ruim,Completa,Alta,Boa,0.24350115169463638,False
813,2° EF,False,Masculino,17,True,True,True,False,Branca,Urbana,Aprovado,False,91.5,4.2,Alto,7884.89,0.8,False,False,False,True,False,Alto,Bom,Alta,False,Média,False,False,Alto,Boa,Completa,Média,Boa,0.6572885817703192,True
814,2° EM,False,Feminino,18,False,True,False,True,Parda,Urbana,Aprovado,False,79.1,5.7,Muito baixo,3901.15,1.7,False,False,False,False,False,Médio,Bom,Baixa,False,Alta,False,True,Alto,Regular,Completa,Baixa,Regular,0.31539980256663386,False
815,2° EM,False,Feminino,8,False,False,False,False,Branca,Urbana,Aprovado,False,89.4,5.2,Médio,6360.53,3.1,False,False,False,False,False,Médio,Regular,Alta,True,Alta,False,False,Alto,Regular,Completa,Baixa,Boa,0.28923988153998026,False
816,7° EF,False,Masculino,15,False,True,True,False,Branca,Urbana,Aprovado,False,93.8,8.7,Alto,6796.75,2.6,False,False,False,False,False,Alto,Bom,Alta,True,Alta,False,False,Moderado,Boa,Completa,Média,Regular,0.09476801579466936,False
817,8° EF,False,Outro,7,False,True,False,False,Parda,Urbana,Aprovado,False,88.0,0.9,Médio,5814.67,2.6,False,True,False,False,False,Médio,Ruim,Alta,False,Média,False,True,Moderado,Boa,Completa,Média,Ruim,0.508390918065153,True
818,5° EF,False,Masculino,7,False,True,False,False,Amarela,Rural,Aprovado,False,66.8,0.3,Médio,3988.69,2.1,False,False,False,False,False,Baixo,Bom,Baixa,True,Média,False,False,Moderado,Regular,Completa,Alta,Boa,0.6426456071076013,True
819,1° EF,False,Masculino,15,True,True,True,False,Branca,Rural,Aprovado,False,65.7,9.5,Médio,5741.86,2.5,False,False,False,False,False,Alto,Bom,Baixa,False,Alta,False,False,Alto,Ruim,Parcial,Alta,Ruim,0.19397828232971373,True
820,4° EF,False,Masculino,13,True,True,False,False,Preta,Urbana,Evadido,False,84.8,0.2,Muito alto,3869.24,1.2,False,False,False,False,False,Médio,Regular,Média,True,Alta,False,False,Alto,Ruim,Completa,Média,Regular,0.5587364264560712,False
821,1° EM,False,Feminino,8,False,True,True,False,Parda,Urbana,Aprovado,True,97.7,9.5,Alto,1808.36,1.7,False,False,False,False,False,Alto,Regular,Alta,True,Média,False,False,Moderado,Regular,Completa,Baixa,Ruim,0.2005593945376769,False
822,1° EF,False,Masculino,12,False,True,False,False,Parda,Urbana,Aprovado,True,81.3,5.7,Baixo,9057.81,2.2,False,False,False,False,False,Médio,Bom,Baixa,False,Baixa,False,True,Moderado,Boa,Completa,Alta,Ruim,0.46906877262257335,False
823,4° EF,False,Masculino,8,False,True,True,False,Branca,Urbana,Em andamento,False,90.8,7.8,Baixo,2153.78,2.3,False,False,False,False,False,Alto,Bom,Baixa,False,Média,False,False,Alto,Boa,Completa,Baixa,Ruim,0.15399802566633766,False
824,5° EF,False,Feminino,8,False,True,False,False,Branca,Urbana,Aprovado,True,81.1,3.7,Baixo,1716.44,2.3,False,False,False,False,False,Baixo,Regular,Média,False,Média,False,False,Alto,Boa,Completa,Média,Regular,0.568772622573215,True
825,7° EF,False,Masculino,14,False,True,True,False,Não declarada,Urbana,Aprovado,False,83.9,8.7,Médio,8146.39,1.9,False,False,False,False,False,Médio,Bom,Alta,True,Alta,False,False,Moderado,Boa,Completa,Alta,Ruim,0.14363277393879567,True
826,2° EM,False,Masculino,10,False,True,True,False,Branca,Urbana,Aprovado,False,95.6,9.0,Baixo,3546.77,1.6,True,False,True,False,False,Alto,Bom,Baixa,True,Alta,False,False,Alto,Regular,Completa,Média,Regular,0.23560381704508068,False
827,5° EF,False,Feminino,14,False,True,False,False,Parda,Rural,Reprovado,False,92.9,5.7,Médio,6326.04,5.2,False,False,False,False,False,Alto,Ruim,Alta,False,Média,False,False,Moderado,Regular,Completa,Alta,Regular,0.24728529121421522,False
828,5° EF,False,Outro,11,False,True,True,False,Preta,Urbana,Aprovado,False,76.0,0.6,Baixo,3763.48,2.9,False,False,False,False,True,Médio,Bom,Alta,True,Alta,False,False,Alto,Ruim,Completa,Alta,Ruim,0.5824284304047386,True
829,9° EF,False,Masculino,11,False,True,False,False,Branca,Urbana,Aprovado,False,86.4,9.6,Baixo,4261.56,2.4,False,False,False,False,False,Médio,Bom,Alta,False,Alta,False,False,Moderado,Boa,Completa,Média,Boa,0.08687068114511352,False
830,6° EF,False,Feminino,13,True,True,True,False,Parda,Rural,Aprovado,False,70.3,8.9,Médio,3229.96,1.8,False,False,False,False,True,Médio,Bom,Alta,False,Alta,False,False,Alto,Boa,Parcial,Média,Ruim,0.20088845014807505,False
831,3° EF,False,Masculino,14,False,True,True,False,Branca,Urbana,Aprovado,False,87.6,0.5,Baixo,3875.45,1.5,False,False,False,False,False,Alto,Bom,Média,False,Média,False,True,Moderado,Regular,Completa,Média,Regular,0.5301085883514315,False
832,6° EF,False,Feminino,10,False,True,True,False,Preta,Rural,Aprovado,False,91.4,8.7,Baixo,4415.06,1.9,False,True,False,True,False,Médio,Regular,Alta,True,Alta,False,False,Alto,Regular,Completa,Alta,Boa,0.43566962816716037,False
833,2° EF,False,Feminino,17,True,True,True,False,Parda,Rural,Aprovado,False,77.2,9.3,Médio,6885.29,2.3,False,False,False,False,False,Médio,Bom,Alta,False,Alta,False,False,Moderado,Ruim,Parcial,Alta,Ruim,0.1470878578479763,True
834,3° EF,False,Feminino,11,True,True,True,False,Branca,Urbana,Aprovado,False,83.0,9.5,Baixo,5219.31,0.1,True,False,False,False,False,Alto,Bom,Alta,True,Baixa,False,False,Moderado,Boa,Insuficiente,Alta,Boa,0.2731161566304706,True
835,6° EF,False,Masculino,7,False,True,True,False,Branca,Rural,Aprovado,False,85.7,3.7,Médio,8665.09,0.4,False,False,False,False,True,Alto,Bom,Média,False,Baixa,False,False,Alto,Regular,Insuficiente,Alta,Regular,0.3815399802566634,False
836,6° EF,False,Feminino,8,True,True,False,True,Branca,Urbana,Evadido,False,97.5,7.9,Baixo,1473.43,1.4,False,True,False,False,False,Baixo,Regular,Baixa,False,Média,False,False,Moderado,Boa,Completa,Média,Ruim,0.11599210266535043,False
837,2° EM,False,Masculino,6,False,True,False,False,Branca,Urbana,Reprovado,False,99.8,7.9,Médio,5151.77,2.2,False,False,False,True,False,Alto,Regular,Baixa,True,Baixa,False,False,Moderado,Ruim,Parcial,Alta,Boa,0.4336952945047714,False
838,5° EF,False,Masculino,15,False,True,True,False,Branca,Urbana,Aprovado,False,72.2,7.1,Médio,5799.06,1.8,True,False,True,False,False,Médio,Bom,Alta,True,Baixa,False,False,Alto,Regular,Parcial,Média,Boa,0.44488318525830867,True
839,7° EF,False,Feminino,6,False,True,True,False,Parda,Rural,Reprovado,False,93.6,7.5,Alto,8478.71,3.5,False,False,False,False,True,Alto,Regular,Alta,True,Média,False,False,Moderado,Regular,Completa,Média,Ruim,0.15498519249753212,False
840,8° EF,False,Masculino,8,True,True,True,False,Parda,Urbana,Aprovado,False,85.1,7.5,Médio,1531.48,0.5,False,False,False,False,False,Alto,Bom,Média,False,Média,False,True,Alto,Boa,Parcial,Média,Regular,0.19693978282329716,True
841,1° EF,False,Masculino,10,True,True,True,False,Branca,Urbana,Aprovado,False,85.6,6.0,Baixo,5713.52,1.2,False,False,False,False,False,Médio,Bom,Baixa,True,Baixa,False,False,Alto,Ruim,Parcial,Alta,Regular,0.2685093780848964,False
842,8° EF,False,Feminino,15,True,True,True,False,Parda,Rural,Aprovado,False,93.4,7.6,Médio,7947.78,3.5,False,False,False,False,False,Médio,Bom,Baixa,True,Alta,False,False,Alto,Ruim,Completa,Média,Regular,0.1510365251727542,False
843,3° EF,False,Feminino,19,False,True,True,False,Branca,Urbana,Evadido,True,97.5,3.8,Médio,3068.97,2.1,False,False,False,False,False,Médio,Regular,Alta,False,Média,False,True,Alto,Regular,Parcial,Alta,Ruim,0.4828891082592959,True
844,3° EM,False,Masculino,15,False,True,True,False,Preta,Urbana,Aprovado,False,98.4,6.8,Muito baixo,8128.53,2.9,False,False,False,False,True,Médio,Regular,Baixa,False,Alta,False,False,Baixo,Boa,Parcial,Média,Boa,0.16584402764067127,False
845,2° EF,False,Masculino,6,True,True,True,False,Parda,Urbana,Aprovado,False,89.6,3.2,Baixo,1291.29,4.1,False,False,False,False,False,Baixo,Ruim,Média,True,Baixa,False,True,Baixo,Boa,Insuficiente,Média,Boa,0.38696939782823303,True
846,5° EF,False,Masculino,18,False,True,True,False,Parda,Urbana,Aprovado,False,84.8,5.3,Muito baixo,6981.31,1.3,False,True,False,True,False,Baixo,Bom,Alta,True,Alta,False,False,Moderado,Boa,Parcial,Baixa,Boa,0.6360644948996382,False
847,2° EF,False,Masculino,19,False,True,True,False,Parda,Urbana,Evadido,False,94.2,8.8,Médio,8581.72,1.9,False,False,False,False,False,Baixo,Regular,Média,False,Alta,False,False,Baixo,Ruim,Completa,Alta,Regular,0.08785784797630795,True
848,3° EM,False,Feminino,17,True,True,False,False,Parda,Urbana,Reprovado,False,82.0,7.9,Baixo,6381.08,1.7,False,False,False,False,False,Alto,Regular,Baixa,False,Média,False,True,Alto,Ruim,Parcial,Alta,Boa,0.19249753208292203,True
849,6° EF,False,Feminino,11,True,True,True,False,Preta,Urbana,Aprovado,False,89.4,5.8,Médio,4641.01,0.0,False,False,False,False,False,Alto,Bom,Alta,False,Alta,False,True,Baixo,Boa,Parcial,Alta,Ruim,0.2596248766041461,False
850,8° EF,False,Masculino,9,False,False,True,False,Branca,Urbana,Reprovado,False,84.8,7.9,Baixo,1497.36,1.7,False,True,False,False,False,Médio,Ruim,Alta,False,Alta,False,False,Alto,Regular,Completa,Baixa,Ruim,0.17867719644619945,False
851,1° EF,False,Masculino,11,False,True,False,False,Parda,Urbana,Evadido,False,91.3,5.7,Baixo,8478.04,2.9,False,False,True,False,False,Médio,Bom,Alta,False,Alta,False,False,Moderado,Regular,Completa,Baixa,Ruim,0.25518262586377105,True
852,9° EF,False,Feminino,8,True,True,False,False,Amarela,Rural,Aprovado,False,81.7,7.8,Médio,4890.39,2.5,True,True,False,False,False,Médio,Regular,Alta,False,Baixa,False,False,Moderado,Regular,Completa,Média,Boa,0.36344192168476475,True
853,3° EF,False,Masculino,10,True,False,False,False,Parda,Urbana,Reprovado,True,80.1,7.8,Médio,1370.67,2.6,False,False,True,False,False,Médio,Bom,Alta,False,Alta,False,False,Alto,Regular,Insuficiente,Média,Boa,0.37133925633432063,False
854,2° EM,False,Masculino,6,True,True,True,False,Parda,Urbana,Aprovado,False,97.5,7.3,Alto,6641.27,1.6,False,False,False,False,False,Alto,Bom,Alta,False,Média,False,False,Alto,Regular,Completa,Alta,Ruim,0.14560710760118462,False
855,3° EF,False,Masculino,15,False,True,True,False,Branca,Rural,Aprovado,False,76.3,9.7,Baixo,4982.44,1.3,True,False,False,False,False,Médio,Bom,Baixa,True,Média,False,True,Baixo,Regular,Completa,Alta,Regular,0.29631457716354076,False
856,3° EF,False,Masculino,10,False,True,True,False,Parda,Urbana,Aprovado,False,88.1,4.8,Muito baixo,2131.15,3.3,True,False,True,False,False,Médio,Bom,Média,False,Alta,True,False,Alto,Boa,Completa,Média,Ruim,0.4799276077657125,True
857,1° EF,False,Feminino,9,True,True,False,False,Branca,Urbana,Evadido,False,81.1,6.9,Alto,2848.39,1.5,False,False,False,False,False,Alto,Bom,Baixa,False,Baixa,False,True,Moderado,Regular,Parcial,Alta,Ruim,0.24629812438302076,False
858,6° EF,False,Masculino,13,False,True,True,False,Preta,Urbana,Reprovado,False,71.6,7.9,Médio,1653.76,2.3,False,False,True,False,False,Médio,Regular,Baixa,False,Alta,False,False,Baixo,Boa,Parcial,Alta,Boa,0.2438302073050346,False
859,7° EF,False,Feminino,15,True,True,False,False,Branca,Urbana,Evadido,False,71.2,1.5,Baixo,5719.85,2.2,False,False,False,False,False,Alto,Bom,Baixa,False,Média,True,True,Moderado,Ruim,Completa,Alta,Boa,0.5616979269496546,False
860,1° EF,False,Masculino,13,True,True,True,False,Amarela,Urbana,Aprovado,False,79.5,0.7,Muito alto,6100.58,3.5,False,False,False,False,False,Médio,Bom,Alta,True,Média,False,False,Moderado,Ruim,Completa,Média,Ruim,0.560217176702863,False
861,1° EM,False,Masculino,12,False,True,False,False,Parda,Urbana,Reprovado,False,96.1,2.1,Alto,5173.1,3.0,False,False,True,False,False,Baixo,Bom,Baixa,False,Baixa,False,False,Baixo,Ruim,Completa,Média,Regular,0.4091806515301087,True
862,6° EF,False,Masculino,17,False,True,True,False,Parda,Rural,Aprovado,False,82.9,7.4,Alto,7656.44,0.7,False,False,False,False,False,Baixo,Bom,Alta,False,Alta,False,False,Moderado,Boa,Parcial,Baixa,Boa,0.21273445212240868,False
863,7° EF,False,Feminino,15,False,True,False,False,Branca,Urbana,Aprovado,False,98.4,3.2,Baixo,8006.63,0.8,False,False,False,False,False,Médio,Bom,Alta,False,Média,False,False,Alto,Boa,Completa,Alta,Regular,0.3435340572556762,True
864,6° EF,False,Masculino,12,False,True,True,False,Parda,Urbana,Evadido,False,89.7,0.5,Médio,6049.5,2.6,False,False,True,False,False,Baixo,Ruim,Média,True,Alta,False,True,Moderado,Regular,Completa,Baixa,Boa,0.5197433366238895,True
865,5° EF,False,Masculino,11,False,True,True,False,Preta,Urbana,Reprovado,False,86.6,4.6,Médio,1241.14,1.9,False,False,False,False,False,Alto,Bom,Média,False,Baixa,False,True,Moderado,Regular,Completa,Média,Ruim,0.3326752221125371,True
866,7° EF,False,Masculino,16,False,True,False,False,Parda,Urbana,Reprovado,False,89.7,8.1,Alto,6684.41,1.5,False,False,False,False,False,Baixo,Ruim,Média,False,Média,True,True,Baixo,Ruim,Completa,Média,Boa,0.14461994076999016,True
867,2° EF,False,Masculino,6,False,True,True,False,Parda,Urbana,Aprovado,False,88.4,8.6,Muito baixo,4473.28,3.0,False,False,True,False,False,Médio,Regular,Alta,False,Alta,True,False,Moderado,Regular,Insuficiente,Alta,Regular,0.1263573543928924,False
868,3° EF,False,Feminino,19,False,True,True,False,Parda,Rural,Aprovado,True,93.5,9.0,Alto,5650.17,2.2,False,False,False,False,False,Médio,Ruim,Baixa,False,Média,False,False,Alto,Regular,Insuficiente,Média,Ruim,0.24596906877262265,False
869,2° EM,False,Feminino,12,True,True,True,False,Parda,Urbana,Aprovado,False,82.9,7.8,Baixo,6316.34,2.1,True,False,False,False,False,Médio,Regular,Média,True,Alta,False,False,Baixo,Boa,Insuficiente,Baixa,Regular,0.35751892069759794,True
870,3° EM,False,Feminino,10,True,True,True,False,Branca,Urbana,Aprovado,False,84.7,2.3,Médio,3932.82,2.8,False,False,False,False,False,Médio,Ruim,Baixa,False,Alta,False,False,Alto,Boa,Completa,Alta,Boa,0.4555774925962488,False
871,5° EF,False,Feminino,15,False,True,True,False,Parda,Urbana,Reprovado,False,96.8,8.7,Alto,8453.99,1.6,False,False,False,False,False,Baixo,Bom,Média,False,Alta,False,True,Alto,Boa,Insuficiente,Alta,Ruim,0.07996051332675226,False
872,4° EF,False,Feminino,12,False,True,False,False,Preta,Rural,Aprovado,False,98.3,10.0,Baixo,2207.96,3.6,False,False,False,False,False,Baixo,Bom,Alta,False,Baixa,False,True,Baixo,Regular,Completa,Baixa,Boa,0.008390918065153026,False
873,8° EF,False,Outro,11,False,True,True,False,Preta,Urbana,Evadido,False,96.8,3.5,Médio,6495.24,1.2,False,False,False,False,False,Baixo,Regular,Baixa,True,Média,False,True,Alto,Boa,Parcial,Alta,Boa,0.33662388943731497,False
874,5° EF,False,Feminino,13,False,True,True,False,Parda,Urbana,Reprovado,False,86.2,9.9,Muito alto,1174.17,2.7,False,False,False,False,False,Médio,Regular,Alta,True,Baixa,False,True,Alto,Regular,Completa,Média,Boa,0.0730503455083909,False
875,1° EF,False,Masculino,6,True,True,True,True,Branca,Urbana,Reprovado,True,94.0,9.1,Médio,8514.23,3.4,False,False,False,False,False,Médio,Ruim,Média,False,Baixa,False,True,Alto,Regular,Completa,Alta,Regular,0.2385653175386641,False
876,2° EF,False,Feminino,9,True,True,True,False,Parda,Rural,Reprovado,False,87.5,6.6,Médio,2036.71,0.6,False,False,True,False,False,Alto,Bom,Baixa,False,Alta,False,True,Alto,Regular,Completa,Alta,Boa,0.22951628825271478,False
877,9° EF,False,Feminino,10,False,True,True,False,Branca,Urbana,Aprovado,False,87.9,3.9,Baixo,1896.18,1.7,False,False,False,False,False,Médio,Regular,Alta,False,Média,False,False,Alto,Boa,Completa,Alta,Regular,0.3608094768015795,False
878,8° EF,False,Feminino,9,False,True,True,False,Branca,Urbana,Aprovado,False,80.5,8.1,Baixo,3795.4,3.1,False,False,False,False,False,Alto,Ruim,Alta,True,Alta,False,True,Alto,Regular,Parcial,Alta,Boa,0.19002961500493587,False
879,1° EF,False,Feminino,16,False,False,True,False,Parda,Urbana,Aprovado,False,89.9,8.3,Médio,4118.89,3.2,False,False,False,False,False,Baixo,Bom,Alta,False,Baixa,False,False,Moderado,Boa,Insuficiente,Alta,Boa,0.1337611056268509,False
880,3° EF,False,Masculino,11,True,True,True,False,Branca,Urbana,Evadido,False,79.9,5.6,Alto,2848.61,1.8,False,True,False,False,False,Baixo,Regular,Baixa,False,Alta,False,False,Baixo,Boa,Parcial,Baixa,Ruim,0.3163869693978283,False
881,3° EF,False,Masculino,10,True,True,True,False,Branca,Rural,Aprovado,False,84.1,9.8,Muito baixo,5806.21,1.3,True,False,False,False,False,Médio,Ruim,Alta,True,Alta,True,False,Alto,Boa,Completa,Baixa,Regular,0.25287923659098394,False
882,9° EF,False,Masculino,13,False,False,True,False,Branca,Rural,Aprovado,False,95.8,7.5,Baixo,4671.99,3.0,False,False,False,False,False,Alto,Bom,Alta,False,Baixa,False,False,Alto,Ruim,Completa,Alta,Regular,0.14412635735439294,False
883,1° EF,False,Masculino,6,False,True,False,False,Não declarada,Urbana,Aprovado,False,80.6,9.2,Médio,1411.98,3.2,False,False,False,False,False,Médio,Bom,Baixa,False,Alta,False,True,Baixo,Ruim,Completa,Baixa,Regular,0.13524185587364274,True
884,2° EF,False,Feminino,12,False,True,True,False,Parda,Rural,Aprovado,False,74.4,5.1,Alto,3688.88,0.8,False,False,False,False,False,Baixo,Bom,Média,False,Alta,False,True,Moderado,Boa,Completa,Média,Boa,0.3682132280355381,False
885,1° EM,False,Feminino,7,True,True,False,False,Branca,Urbana,Aprovado,False,74.3,6.8,Médio,7603.25,0.8,False,False,False,False,False,Médio,Regular,Alta,True,Alta,False,False,Alto,Regular,Insuficiente,Média,Boa,0.2847976307996052,False
886,3° EF,False,Masculino,16,False,True,True,False,Preta,Urbana,Aprovado,False,98.1,9.2,Baixo,6640.32,2.2,False,False,False,False,False,Alto,Bom,Baixa,False,Alta,False,True,Alto,Boa,Parcial,Média,Ruim,0.04886475814412643,False
887,8° EF,False,Outro,11,False,True,True,False,Parda,Urbana,Em andamento,False,88.1,6.4,Baixo,6920.82,2.6,True,True,False,False,False,Médio,Bom,Média,False,Alta,False,False,Moderado,Ruim,Parcial,Alta,Boa,0.40095426127015477,True
888,3° EF,False,Feminino,14,True,True,True,False,Branca,Urbana,Evadido,False,86.0,1.9,Médio,6707.44,1.7,False,True,False,False,False,Alto,Regular,Média,False,Média,False,True,Baixo,Regular,Completa,Alta,Boa,0.4689042448173742,False
889,2° EF,False,Feminino,7,False,True,False,False,Parda,Urbana,Reprovado,False,94.7,7.4,Alto,3619.66,2.7,False,False,False,False,False,Médio,Bom,Alta,False,Baixa,False,False,Alto,Ruim,Parcial,Baixa,Regular,0.15449160908193485,False
890,3° EF,False,Outro,15,False,True,True,False,Branca,Urbana,Reprovado,False,95.3,7.7,Baixo,1934.3,1.3,False,False,False,True,False,Baixo,Bom,Alta,True,Alta,False,False,Baixo,Regular,Completa,Alta,Ruim,0.46577821651859175,False
891,9° EF,False,Outro,18,False,True,False,False,Branca,Urbana,Reprovado,False,84.2,8.2,Médio,3312.54,0.1,False,False,False,False,False,Alto,Regular,Média,False,Média,False,True,Baixo,Boa,Completa,Alta,Ruim,0.1668311944718658,False
892,2° EM,False,Masculino,14,False,False,False,False,Parda,Urbana,Aprovado,False,92.1,7.3,Médio,7773.55,1.6,False,False,False,False,False,Alto,Regular,Alta,False,Alta,False,False,Moderado,Regular,Parcial,Alta,Boa,0.1722606120434354,False
893,1° EM,False,Feminino,7,True,True,True,False,Branca,Urbana,Aprovado,False,93.8,4.5,Muito baixo,8959.44,2.1,False,False,False,False,False,Médio,Bom,Baixa,False,Alta,False,True,Alto,Boa,Completa,Alta,Regular,0.30207305034550846,False
894,5° EF,False,Masculino,10,False,True,True,False,Parda,Urbana,Evadido,False,91.3,6.6,Médio,5078.23,1.7,True,False,True,False,False,Baixo,Ruim,Baixa,True,Média,False,False,Alto,Ruim,Parcial,Alta,Boa,0.37528792365909847,False
895,8° EF,False,Feminino,11,False,True,True,False,Branca,Urbana,Aprovado,False,78.6,7.6,Baixo,1216.77,0.8,True,False,False,False,False,Baixo,Bom,Média,False,Baixa,False,False,Moderado,Regular,Completa,Média,Boa,0.38861467588022386,False
896,3° EF,False,Feminino,7,False,True,False,False,Branca,Rural,Aprovado,False,96.3,6.3,Médio,2256.37,0.2,True,False,True,False,False,Médio,Bom,Alta,True,Alta,False,True,Moderado,Ruim,Insuficiente,Alta,Boa,0.3654162553471538,False
897,4° EF,False,Masculino,13,True,True,False,False,Branca,Urbana,Aprovado,False,88.8,9.7,Médio,3708.25,1.5,False,False,False,False,False,Médio,Regular,Média,False,Baixa,False,False,Alto,Boa,Insuficiente,Baixa,Regular,0.07008884501480755,False
898,2° EM,False,Outro,14,False,False,True,False,Parda,Urbana,Aprovado,False,82.9,6.6,Baixo,5754.08,2.9,False,False,False,False,False,Alto,Ruim,Alta,False,Alta,False,False,Alto,Boa,Insuficiente,Média,Regular,0.2522211253701876,False
899,1° EF,False,Masculino,8,False,True,False,False,Preta,Urbana,Reprovado,False,86.4,4.9,Alto,1738.33,3.3,False,False,False,False,False,Alto,Bom,Alta,False,Alta,False,False,Alto,Regular,Completa,Média,Ruim,0.31885488647581445,False
900,2° EF,False,Feminino,11,False,True,True,False,Parda,Urbana,Aprovado,False,71.4,7.5,Baixo,8663.43,3.2,False,False,True,False,False,Alto,Bom,Média,True,Média,False,False,Moderado,Regular,Completa,Alta,Boa,0.26456071076011844,False
901,3° EF,False,Feminino,8,False,True,True,False,Parda,Rural,Aprovado,False,77.6,5.2,Muito baixo,4051.23,1.2,False,False,False,False,False,Médio,Regular,Baixa,True,Alta,False,False,Alto,Regular,Completa,Alta,Boa,0.34748272458045415,False
902,1° EF,False,Masculino,14,True,False,True,False,Branca,Urbana,Aprovado,False,93.7,6.6,Muito baixo,8417.99,0.8,False,False,False,False,False,Médio,Bom,Alta,False,Média,False,True,Alto,Boa,Parcial,Alta,Boa,0.1989141164856861,True
903,3° EF,False,Feminino,18,False,True,True,False,Parda,Rural,Reprovado,False,47.3,5.2,Médio,7364.69,2.5,False,False,False,False,False,Alto,Ruim,Alta,False,Baixa,True,False,Alto,Ruim,Completa,Alta,Boa,0.49703849950641665,False
904,7° EF,False,Feminino,16,False,True,True,False,Parda,Urbana,Reprovado,True,86.2,7.0,Médio,7164.62,2.6,False,False,False,False,False,Baixo,Bom,Baixa,False,Média,True,False,Baixo,Boa,Completa,Alta,Boa,0.380717341230668,False
905,6° EF,False,Masculino,14,True,True,True,False,Parda,Urbana,Aprovado,False,88.5,8.2,Médio,5978.47,2.4,False,True,False,False,False,Médio,Ruim,Alta,True,Baixa,False,False,Alto,Regular,Parcial,Alta,Ruim,0.14560710760118467,False
906,2° EM,False,Feminino,7,False,True,True,False,Preta,Urbana,Aprovado,False,73.1,4.9,Muito baixo,6138.5,0.0,False,False,False,False,False,Médio,Bom,Alta,False,Alta,False,True,Moderado,Boa,Insuficiente,Baixa,Boa,0.38450148075024687,True
907,1° EM,False,Feminino,7,False,True,True,False,Parda,Urbana,Aprovado,False,99.1,7.8,Baixo,6227.99,1.1,False,False,False,False,False,Médio,Bom,Alta,False,Média,False,False,Moderado,Boa,Completa,Alta,Boa,0.1130306021717671,False
908,5° EF,False,Feminino,11,False,True,True,False,Amarela,Urbana,Em andamento,False,81.2,0.3,Baixo,6153.96,2.0,False,False,False,False,False,Médio,Bom,Média,False,Alta,False,False,Moderado,Regular,Insuficiente,Média,Ruim,0.5715695952615993,False
909,4° EF,False,Feminino,10,False,True,True,False,Parda,Urbana,Aprovado,False,83.4,2.9,Muito alto,5555.83,2.5,False,False,False,False,False,Baixo,Regular,Alta,False,Alta,False,False,Baixo,Boa,Parcial,Alta,Boa,0.4323790720631787,True
910,5° EF,False,Masculino,12,False,True,True,False,Não declarada,Urbana,Aprovado,False,83.4,8.5,Médio,9006.84,2.8,False,False,True,False,False,Médio,Ruim,Baixa,True,Alta,False,False,Moderado,Boa,Completa,Alta,Regular,0.15597235932872655,True
911,8° EF,False,Feminino,10,False,True,True,False,Parda,Urbana,Aprovado,False,81.4,8.3,Médio,6980.0,2.1,False,False,False,False,False,Médio,Bom,Alta,True,Alta,True,False,Baixo,Ruim,Parcial,Alta,Boa,0.17571569595261594,False
912,4° EF,False,Feminino,16,False,True,False,False,Branca,Urbana,Evadido,False,59.7,9.2,Muito baixo,7336.17,2.3,False,False,False,False,False,Alto,Ruim,Alta,False,Baixa,False,False,Moderado,Boa,Completa,Alta,Boa,0.23840078973346499,False
913,8° EF,False,Feminino,11,True,True,True,False,Indígena,Rural,Aprovado,False,92.9,1.8,Muito alto,8097.99,2.1,False,False,False,False,False,Alto,Bom,Alta,False,Média,False,False,Moderado,Boa,Completa,Alta,Regular,0.4397828232971372,False
914,5° EF,False,Feminino,18,True,True,False,False,Branca,Rural,Evadido,False,98.9,7.2,Médio,2859.3,2.7,False,False,False,False,False,Alto,Ruim,Média,False,Alta,False,False,Moderado,Boa,Parcial,Média,Ruim,0.14363277393879564,False
915,7° EF,False,Masculino,10,True,True,True,False,Branca,Rural,Aprovado,False,81.2,6.1,Médio,1807.81,2.3,False,False,False,False,False,Médio,Regular,Baixa,False,Baixa,False,False,Alto,Boa,Completa,Alta,Boa,0.2852912142152024,False
916,6° EF,False,Outro,10,False,True,True,False,Parda,Rural,Reprovado,False,91.5,8.4,Baixo,4990.87,2.1,True,False,True,False,False,Alto,Regular,Alta,False,Alta,False,True,Alto,Boa,Insuficiente,Alta,Boa,0.28545574202040147,False
917,4° EF,False,Feminino,15,False,True,True,True,Parda,Urbana,Aprovado,False,93.2,8.3,Baixo,5239.6,1.7,False,False,False,False,False,Médio,Regular,Alta,True,Alta,False,False,Moderado,Regular,Completa,Média,Regular,0.11747285291214211,False
918,3° EM,False,Feminino,18,True,True,True,False,Não declarada,Urbana,Evadido,False,95.6,8.8,Baixo,7752.79,2.1,False,False,False,False,False,Alto,Ruim,Alta,False,Média,False,False,Alto,Boa,Completa,Alta,Boa,0.08094768015794669,False
919,1° EM,False,Masculino,12,False,True,True,False,Parda,Rural,Reprovado,False,86.3,8.2,Médio,4678.93,2.5,False,False,False,False,False,Alto,Bom,Alta,True,Baixa,False,False,Baixo,Boa,Completa,Alta,Regular,0.15646594274432388,False
920,2° EF,False,Feminino,14,False,True,False,True,Branca,Urbana,Aprovado,False,83.4,8.9,Médio,5692.41,2.3,True,False,False,False,False,Médio,Bom,Baixa,False,Alta,False,False,Moderado,Regular,Parcial,Média,Ruim,0.3007568279039157,False
921,2° EM,False,Masculino,7,True,True,True,False,Branca,Urbana,Reprovado,False,84.0,5.3,Médio,5343.21,2.4,False,False,False,False,False,Alto,Regular,Baixa,False,Média,True,True,Alto,Ruim,Completa,Média,Ruim,0.31095755182625867,True
922,6° EF,False,Masculino,17,True,True,True,False,Parda,Rural,Reprovado,False,92.5,0.1,Baixo,1444.1,3.3,True,True,False,False,False,Alto,Regular,Alta,False,Média,False,False,Alto,Boa,Parcial,Média,Ruim,0.690194142810135,True
923,2° EM,False,Masculino,7,False,True,True,False,Amarela,Urbana,Aprovado,False,94.9,7.7,Alto,6046.23,2.3,True,True,False,False,False,Alto,Ruim,Alta,False,Baixa,False,True,Moderado,Boa,Completa,Média,Regular,0.30322474498190194,True
924,1° EM,False,Feminino,14,False,True,True,False,Parda,Urbana,Aprovado,False,79.8,6.5,Baixo,7743.71,1.4,False,False,False,False,False,Médio,Regular,Baixa,True,Baixa,False,False,Moderado,Regular,Insuficiente,Média,Ruim,0.2724580454096743,False
925,6° EF,False,Masculino,10,False,True,False,False,Parda,Rural,Aprovado,False,85.1,6.0,Médio,2395.59,2.9,False,False,False,False,False,Médio,Regular,Alta,False,Alta,False,False,Moderado,Regular,Completa,Alta,Ruim,0.2709772951628826,True
926,1° EF,False,Feminino,9,False,True,True,False,Preta,Urbana,Aprovado,True,97.0,4.8,Médio,5879.67,0.6,False,True,False,False,False,Baixo,Regular,Alta,False,Alta,False,False,Alto,Ruim,Completa,Média,Regular,0.4359986837775585,True
927,4° EF,False,Masculino,15,True,True,True,False,Branca,Urbana,Evadido,False,94.6,9.6,Muito baixo,5873.92,0.9,False,False,False,False,False,Médio,Bom,Alta,False,Alta,False,True,Moderado,Boa,Completa,Média,Boa,0.04639684106614023,False
928,7° EF,False,Masculino,11,False,True,True,False,Parda,Urbana,Evadido,False,99.5,6.5,Alto,2448.91,2.3,True,False,False,False,False,Alto,Bom,Média,False,Alta,False,False,Baixo,Boa,Parcial,Alta,Boa,0.3397499177360975,True
929,8° EF,False,Feminino,13,False,True,True,False,Parda,Urbana,Aprovado,False,93.4,0.0,Médio,2124.12,2.5,False,False,False,False,False,Alto,Regular,Alta,False,Média,False,False,Moderado,Regular,Completa,Alta,Boa,0.5261599210266535,True
930,4° EF,False,Feminino,7,False,True,False,False,Branca,Urbana,Aprovado,False,85.6,2.9,Muito alto,8956.1,0.8,False,False,False,False,False,Baixo,Regular,Média,False,Alta,False,False,Alto,Regular,Insuficiente,Baixa,Regular,0.42152023692003954,False
931,2° EF,False,Feminino,7,False,True,True,False,Branca,Urbana,Reprovado,False,89.9,6.0,Alto,4279.63,1.6,True,False,False,False,False,Baixo,Regular,Média,True,Média,False,False,Alto,Boa,Parcial,Média,Boa,0.4118130964132939,False
932,1° EM,False,Masculino,8,True,True,True,False,Preta,Urbana,Aprovado,False,91.4,2.1,Médio,2953.27,1.4,False,False,False,False,False,Baixo,Regular,Baixa,False,Média,True,False,Baixo,Ruim,Insuficiente,Baixa,Boa,0.4323790720631787,False
933,3° EM,False,Masculino,13,False,True,True,False,Parda,Urbana,Reprovado,False,74.9,8.3,Médio,2505.85,1.5,False,False,False,False,False,Médio,Ruim,Alta,True,Alta,False,True,Alto,Ruim,Insuficiente,Média,Regular,0.2077986179664363,False
934,7° EF,False,Feminino,8,False,True,True,False,Branca,Urbana,Aprovado,False,88.9,7.7,Baixo,6464.06,2.9,False,False,False,False,False,Médio,Bom,Baixa,True,Alta,True,True,Alto,Ruim,Completa,Baixa,Boa,0.16831194471865743,True
935,3° EF,False,Feminino,11,False,True,True,False,Parda,Urbana,Aprovado,False,92.5,8.8,Médio,6000.21,2.7,True,False,False,False,False,Médio,Ruim,Alta,False,Alta,False,False,Moderado,Boa,Insuficiente,Baixa,Boa,0.26077657124053966,False
936,4° EF,False,Feminino,17,False,True,False,False,Parda,Urbana,Reprovado,False,79.2,5.5,Médio,6272.24,2.0,False,False,False,False,False,Baixo,Bom,Média,True,Média,False,False,Alto,Boa,Parcial,Média,Regular,0.3247778874629813,True
937,1° EF,False,Feminino,12,False,True,False,False,Não declarada,Urbana,Reprovado,False,94.0,9.5,Baixo,1841.32,1.5,False,False,False,False,False,Alto,Regular,Média,True,Média,False,False,Moderado,Boa,Parcial,Baixa,Boa,0.05429417571569597,False
938,2° EM,False,Feminino,6,False,True,False,False,Parda,Urbana,Aprovado,False,89.8,5.5,Médio,8266.05,0.7,False,False,True,False,False,Médio,Bom,Baixa,False,Baixa,False,True,Alto,Boa,Completa,Alta,Boa,0.27245804540967433,False
939,2° EF,False,Outro,17,True,True,False,False,Branca,Urbana,Reprovado,False,98.5,9.0,Médio,4244.11,3.4,False,True,False,False,False,Médio,Bom,Baixa,False,Baixa,False,False,Alto,Regular,Parcial,Média,Boa,0.056762092793682134,False
940,7° EF,False,Masculino,8,True,True,True,False,Branca,Urbana,Reprovado,False,72.0,6.0,Alto,3638.77,2.6,False,False,False,False,False,Médio,Regular,Alta,True,Alta,False,False,Alto,Regular,Parcial,Média,Boa,0.33563672260612054,False
941,4° EF,False,Feminino,12,False,True,True,False,Parda,Rural,Aprovado,False,82.4,6.3,Médio,4827.1,1.3,True,False,False,False,False,Baixo,Regular,Alta,False,Média,False,True,Moderado,Regular,Parcial,Baixa,Boa,0.4340243501151695,True
942,7° EF,False,Masculino,11,False,False,False,False,Amarela,Urbana,Aprovado,False,90.2,7.0,Médio,4250.49,2.7,False,False,False,False,True,Médio,Bom,Média,False,Alta,False,False,Baixo,Regular,Completa,Média,Boa,0.19644619940769992,False
943,8° EF,False,Masculino,10,False,True,False,False,Parda,Urbana,Aprovado,False,83.2,6.0,Médio,8027.12,1.9,False,False,False,False,False,Alto,Bom,Baixa,False,Alta,False,False,Moderado,Regular,Parcial,Baixa,Boa,0.28035538005923005,False
944,1° EM,False,Masculino,6,False,False,True,False,Parda,Urbana,Aprovado,False,92.6,9.8,Médio,8551.0,1.7,True,False,False,False,False,Alto,Bom,Alta,False,Alta,False,False,Moderado,Ruim,Completa,Alta,Boa,0.21092464626521887,True
945,3° EF,False,Masculino,13,True,True,True,False,Branca,Urbana,Reprovado,False,93.5,8.4,Baixo,3559.68,2.4,False,False,False,False,False,Alto,Bom,Alta,True,Alta,False,True,Moderado,Ruim,Completa,Alta,Regular,0.1110562685093781,False
946,1° EF,False,Masculino,8,False,True,True,False,Parda,Urbana,Aprovado,False,76.4,8.8,Baixo,8029.98,1.3,False,True,False,False,False,Médio,Bom,Alta,False,Média,False,False,Alto,Ruim,Insuficiente,Alta,Regular,0.17571569595261594,False
947,2° EF,False,Feminino,12,False,True,False,False,Preta,Urbana,Aprovado,False,88.3,5.4,Médio,7372.67,1.7,False,True,False,False,False,Alto,Regular,Média,True,Alta,False,False,Alto,Regular,Completa,Alta,Boa,0.28479763079960513,False
948,2° EM,False,Feminino,13,False,True,False,False,Parda,Urbana,Aprovado,False,88.2,5.5,Médio,8563.34,2.1,False,True,False,False,False,Médio,Bom,Média,False,Baixa,False,False,Baixo,Ruim,Completa,Média,Regular,0.28035538005923005,False
949,2° EM,False,Outro,12,False,True,False,False,Parda,Urbana,Aprovado,False,85.1,8.0,Muito baixo,3099.46,1.5,False,False,False,False,False,Médio,Ruim,Alta,True,Alta,False,False,Baixo,Regular,Parcial,Média,Boa,0.1722606120434354,False
950,8° EF,False,Feminino,16,False,True,False,False,Amarela,Urbana,Em andamento,False,97.9,8.6,Muito baixo,5741.11,2.7,False,False,False,False,False,Baixo,Ruim,Alta,True,Média,False,True,Alto,Ruim,Parcial,Alta,Boa,0.07946692991115499,False
951,8° EF,False,Masculino,6,False,True,True,True,Preta,Urbana,Aprovado,False,95.1,8.6,Muito baixo,3329.11,3.9,False,False,False,False,False,Alto,Ruim,Baixa,True,Baixa,False,False,Alto,Boa,Completa,Média,Boa,0.09328726554787765,False
952,8° EF,False,Outro,7,False,True,False,False,Parda,Rural,Evadido,False,92.2,1.9,Baixo,7712.21,1.2,False,False,False,False,False,Médio,Regular,Alta,False,Baixa,False,False,Baixo,Regular,Completa,Alta,Boa,0.4383020730503455,False
953,3° EF,False,Feminino,13,True,True,False,False,Parda,Urbana,Em andamento,False,92.6,3.1,Médio,1181.86,0.3,False,False,True,True,False,Alto,Regular,Baixa,True,Baixa,True,False,Moderado,Ruim,Parcial,Média,Boa,0.7061533399144457,True
954,2° EM,False,Feminino,6,False,True,True,False,Parda,Urbana,Aprovado,False,87.2,6.6,Baixo,5644.28,0.0,False,False,False,False,False,Médio,Regular,Média,False,Média,False,False,Alto,Boa,Completa,Média,Boa,0.23099703849950645,False
955,6° EF,False,Feminino,17,True,True,True,False,Parda,Urbana,Aprovado,False,97.5,5.3,Médio,3844.82,1.8,False,False,False,False,False,Médio,Bom,Alta,False,Alta,False,True,Moderado,Regular,Completa,Alta,Regular,0.24432379072063187,True
956,5° EF,False,Masculino,14,False,True,False,False,Parda,Urbana,Aprovado,False,92.1,6.9,Baixo,3713.06,1.3,False,False,True,False,False,Médio,Ruim,Média,False,Alta,False,False,Moderado,Boa,Parcial,Alta,Boa,0.19200394866732481,True
957,7° EF,True,Feminino,18,False,True,False,False,Parda,Rural,Evadido,False,81.0,5.8,Médio,2204.42,3.2,False,False,False,False,True,Médio,Regular,Alta,True,Média,False,False,Moderado,Regular,Parcial,Média,Boa,0.301085883514314,True
958,1° EF,False,Masculino,9,False,True,True,False,Parda,Urbana,Aprovado,False,96.0,5.2,Muito baixo,7930.67,2.1,False,False,False,False,False,Médio,Bom,Média,False,Média,False,True,Moderado,Boa,Completa,Baixa,Boa,0.2566633761105627,False
959,3° EF,False,Masculino,18,True,True,False,False,Parda,Rural,Reprovado,False,82.6,9.0,Baixo,5998.22,0.4,False,False,False,False,False,Alto,Bom,Baixa,False,Alta,False,True,Alto,Ruim,Completa,Alta,Regular,0.13524185587364268,False
960,9° EF,False,Feminino,6,False,True,False,False,Parda,Urbana,Aprovado,False,94.6,6.2,Médio,7944.14,0.2,False,False,False,False,False,Baixo,Bom,Alta,False,Baixa,False,False,Moderado,Boa,Completa,Baixa,Regular,0.21421520236920044,False
961,2° EF,False,Masculino,10,True,True,True,False,Parda,Urbana,Aprovado,False,80.2,4.8,Muito baixo,3249.77,2.3,False,False,False,False,False,Baixo,Ruim,Alta,True,Alta,False,False,Alto,Regular,Completa,Alta,Boa,0.35439289239881544,True
962,8° EF,False,Feminino,7,True,True,True,False,Parda,Urbana,Aprovado,False,84.5,3.2,Baixo,5282.84,2.1,False,False,False,False,False,Baixo,Ruim,Alta,False,Alta,False,False,Moderado,Regular,Completa,Baixa,Ruim,0.4121421520236921,False
963,3° EF,False,Feminino,14,False,True,True,False,Branca,Rural,Reprovado,False,84.2,6.4,Médio,4732.79,1.6,False,False,False,False,False,Médio,Regular,Média,False,Média,False,False,Moderado,Boa,Parcial,Média,Boa,0.25567620927936824,False
964,5° EF,False,Feminino,13,False,True,True,False,Parda,Urbana,Reprovado,False,99.3,9.0,Muito baixo,1232.28,0.3,False,False,False,False,False,Médio,Ruim,Alta,False,Alta,False,True,Baixo,Regular,Parcial,Baixa,Boa,0.052813425468904274,False
965,4° EF,False,Masculino,14,False,True,False,False,Branca,Urbana,Evadido,False,95.8,9.7,Médio,5580.42,2.5,False,False,False,False,False,Alto,Regular,Média,True,Alta,False,False,Baixo,Regular,Parcial,Alta,Boa,0.03553800592300104,False
966,5° EF,False,Outro,13,True,True,True,False,Parda,Urbana,Reprovado,False,92.3,1.7,Médio,6415.59,3.3,False,False,False,False,False,Alto,Regular,Média,False,Média,False,True,Moderado,Regular,Completa,Média,Regular,0.4476801579466931,False
967,9° EF,False,Outro,15,True,True,True,False,Parda,Urbana,Aprovado,False,92.8,7.0,Baixo,5860.39,2.3,False,True,False,False,False,Baixo,Bom,Alta,False,Baixa,False,True,Moderado,Boa,Completa,Alta,Ruim,0.1836130306021718,True
968,4° EF,False,Masculino,7,False,True,True,False,Parda,Urbana,Aprovado,False,89.3,6.5,Baixo,7011.82,1.2,True,False,False,False,False,Alto,Bom,Média,False,Baixa,False,True,Alto,Boa,Completa,Alta,Regular,0.39009542612701553,False
969,7° EF,False,Feminino,11,False,True,True,False,Parda,Urbana,Evadido,False,98.3,7.6,Muito baixo,5696.29,2.0,False,False,True,False,False,Alto,Bom,Média,False,Alta,False,True,Moderado,Regular,Parcial,Média,Regular,0.1268509378084897,False
970,6° EF,False,Feminino,12,True,True,True,False,Branca,Urbana,Aprovado,False,87.9,5.6,Baixo,1671.79,0.6,False,False,False,False,False,Alto,Bom,Alta,False,Alta,False,False,Alto,Boa,Completa,Média,Ruim,0.27690029615004935,False
971,8° EF,False,Outro,18,False,True,True,False,Parda,Urbana,Reprovado,True,85.3,5.5,Médio,2068.15,3.1,False,False,False,False,False,Médio,Ruim,Alta,False,Baixa,True,False,Moderado,Regular,Completa,Baixa,Boa,0.4591971043106286,True
972,3° EM,False,Masculino,6,False,True,True,False,Branca,Rural,Aprovado,False,79.1,4.4,Baixo,5896.76,2.1,False,False,False,False,False,Alto,Bom,Alta,True,Alta,False,True,Moderado,Boa,Completa,Alta,Boa,0.3795656465942745,True
973,9° EF,False,Feminino,9,False,True,False,False,Parda,Rural,Aprovado,False,94.2,8.0,Médio,3332.58,0.2,False,False,True,False,False,Baixo,Bom,Alta,False,Média,False,False,Baixo,Boa,Completa,Baixa,Boa,0.12734452122408688,False
974,3° EF,False,Feminino,10,True,True,True,False,Parda,Urbana,Aprovado,False,93.0,5.0,Médio,1774.63,1.7,False,True,True,False,True,Baixo,Regular,Alta,False,Média,True,False,Moderado,Regular,Completa,Média,Boa,0.2813425468904245,True
975,1° EF,False,Masculino,10,True,True,True,False,Parda,Urbana,Aprovado,False,85.4,9.5,Alto,4565.83,2.5,False,False,False,False,False,Alto,Bom,Média,False,Alta,False,False,Alto,Regular,Insuficiente,Alta,Regular,0.09674234945705822,False
976,4° EF,False,Feminino,6,False,True,True,False,Parda,Urbana,Reprovado,False,69.7,0.8,Baixo,5560.57,1.7,False,False,False,False,False,Médio,Bom,Alta,False,Média,False,False,Baixo,Boa,Insuficiente,Média,Boa,0.6036525172754196,False
977,8° EF,False,Masculino,10,False,False,True,False,Parda,Urbana,Aprovado,False,95.4,8.8,Baixo,3761.41,1.7,False,False,False,False,False,Médio,Bom,Alta,False,Média,False,False,Baixo,Ruim,Parcial,Média,Boa,0.08193484698914111,False
978,1° EF,False,Outro,12,False,True,True,False,Indígena,Urbana,Aprovado,False,66.6,3.1,Médio,6885.44,0.8,False,False,True,False,False,Médio,Regular,Baixa,False,Baixa,False,False,Moderado,Boa,Completa,Média,Regular,0.5054294175715698,False
979,6° EF,False,Masculino,9,True,True,True,False,Parda,Urbana,Aprovado,False,92.3,5.7,Médio,6273.99,2.6,False,False,False,False,False,Médio,Regular,Alta,False,Média,True,False,Alto,Regular,Parcial,Alta,Ruim,0.2502467917077987,False
980,8° EF,False,Feminino,7,False,True,False,False,Branca,Urbana,Evadido,False,99.0,9.4,Alto,3793.89,1.4,True,False,False,False,False,Alto,Regular,Média,False,Média,False,False,Alto,Ruim,Insuficiente,Alta,Regular,0.19907864429088518,False
981,4° EF,False,Masculino,14,True,True,True,False,Parda,Urbana,Aprovado,False,86.6,6.9,Baixo,7160.11,0.2,False,False,False,False,False,Médio,Bom,Alta,True,Alta,False,True,Baixo,Boa,Parcial,Média,Ruim,0.21915103652517282,False
982,1° EM,False,Feminino,8,True,True,False,False,Parda,Urbana,Aprovado,False,81.5,6.5,Alto,6313.26,1.6,False,False,False,True,False,Médio,Bom,Média,False,Média,False,False,Alto,Regular,Completa,Baixa,Boa,0.5931227377426787,True
983,2° EF,False,Feminino,12,False,True,False,False,Branca,Urbana,Aprovado,False,92.4,6.8,Muito baixo,6223.54,3.0,False,False,True,False,False,Médio,Bom,Baixa,False,Média,False,False,Moderado,Boa,Completa,Média,Boa,0.19545903257650543,False
984,1° EF,False,Feminino,12,False,True,False,False,Parda,Rural,Aprovado,False,94.9,7.3,Baixo,5553.43,1.6,False,False,False,False,False,Médio,Bom,Alta,True,Alta,True,True,Alto,Boa,Completa,Média,Regular,0.15844027640671274,False
985,9° EF,False,Masculino,14,False,True,True,False,Parda,Urbana,Aprovado,False,89.0,9.5,Baixo,1230.24,3.7,False,False,False,False,False,Médio,Regular,Alta,False,Baixa,False,False,Alto,Boa,Completa,Alta,Regular,0.07897334649555776,False
986,6° EF,False,Masculino,13,False,True,True,False,Preta,Urbana,Aprovado,False,98.9,7.6,Médio,6694.6,2.4,False,True,False,False,True,Alto,Ruim,Alta,True,Média,False,False,Alto,Regular,Insuficiente,Média,Boa,0.12388943731490623,False
987,9° EF,False,Masculino,7,False,True,False,False,Parda,Urbana,Aprovado,False,72.9,9.6,Alto,4138.63,2.3,False,False,False,False,False,Alto,Ruim,Alta,False,Alta,False,True,Alto,Boa,Completa,Alta,Boa,0.1535044422507404,False
988,6° EF,False,Masculino,15,False,True,True,True,Indígena,Rural,Aprovado,False,88.1,6.9,Baixo,8657.47,1.9,False,False,False,False,False,Alto,Ruim,Média,False,Baixa,False,False,Moderado,Regular,Parcial,Alta,Regular,0.21174728529121425,False
989,3° EF,False,Masculino,13,False,True,False,False,Branca,Rural,Reprovado,False,92.6,0.7,Baixo,7663.48,1.9,False,True,False,False,True,Alto,Bom,Baixa,False,Baixa,False,False,Baixo,Boa,Parcial,Baixa,Boa,0.495557749259625,True
990,1° EM,False,Masculino,19,False,True,False,False,Parda,Urbana,Aprovado,False,96.0,6.2,Muito baixo,5826.73,1.7,False,False,False,False,False,Baixo,Bom,Alta,True,Baixa,False,False,Moderado,Regular,Parcial,Média,Boa,0.20730503455083912,False
991,1° EM,False,Masculino,11,False,False,False,False,Branca,Urbana,Aprovado,False,79.7,7.1,Muito baixo,3150.75,1.7,False,False,False,False,False,Baixo,Regular,Alta,False,Baixa,False,True,Alto,Boa,Parcial,Média,Regular,0.2433366238894373,False
992,9° EF,False,Masculino,14,False,True,False,False,Parda,Urbana,Em andamento,False,94.5,7.1,Muito baixo,2764.21,2.5,False,False,False,False,False,Médio,Regular,Média,False,Alta,False,False,Alto,Boa,Completa,Baixa,Regular,0.17028627838104643,False
993,4° EF,False,Feminino,18,False,True,True,False,Branca,Urbana,Em andamento,False,89.1,0.1,Médio,3854.24,1.1,False,False,False,False,False,Baixo,Regular,Alta,True,Média,False,False,Baixo,Boa,Completa,Alta,Boa,0.5424481737413623,True
994,8° EF,False,Outro,19,True,True,True,False,Parda,Urbana,Reprovado,False,85.7,9.8,Baixo,4940.41,0.9,False,False,False,False,False,Alto,Regular,Alta,False,Média,False,False,Moderado,Regular,Parcial,Média,Boa,0.0804540967423494,False
995,5° EF,False,Feminino,9,False,True,True,False,Parda,Rural,Aprovado,False,77.8,9.5,Médio,3500.76,0.9,False,False,False,False,False,Alto,Ruim,Média,True,Alta,False,False,Alto,Regular,Parcial,Alta,Regular,0.1342546890424482,True
996,2° EF,False,Feminino,13,False,True,True,False,Preta,Rural,Aprovado,False,96.1,2.7,Baixo,5246.37,4.0,False,True,False,False,False,Médio,Regular,Alta,False,Média,False,False,Alto,Boa,Parcial,Alta,Regular,0.3795656465942745,False
997,2° EM,False,Masculino,9,False,True,False,True,Parda,Urbana,Em andamento,False,78.8,6.0,Alto,2458.36,2.5,False,True,False,False,False,Médio,Regular,Alta,False,Alta,False,True,Baixo,Regular,Completa,Baixa,Boa,0.3020730503455084,True
998,2° EF,False,Feminino,12,False,True,True,False,Parda,Urbana,Aprovado,False,83.6,3.4,Baixo,8937.44,2.3,False,False,False,False,False,Alto,Ruim,Média,False,Média,False,False,Alto,Boa,Completa,Média,Boa,0.40671273445212247,False
999,3° EM,False,Masculino,19,False,True,True,False,Branca,Urbana,Aprovado,False,83.1,6.5,Baixo,2000.18,0.9,False,True,False,False,False,Alto,Regular,Média,False,Alta,True,False,Moderado,Ruim,Completa,Média,Boa,0.2561697926949655,False
1000,6° EF,False,Masculino,9,True,True,True,False,Branca,Urbana,Aprovado,False,96.2,5.3,Médio,8572.4,2.6,False,False,False,False,False,Alto,Bom,Alta,False,Alta,False,False,Baixo,Regular,Completa,Baixa,Ruim,0.2507403751233959,False
1001,3° EF,False,Feminino,7,False,True,False,False,Parda,Urbana,Evadido,False,91.7,7.5,Baixo,8425.92,1.9,False,False,False,False,False,Alto,Bom,Baixa,True,Baixa,False,False,Moderado,Regular,Parcial,Alta,Regular,0.16436327739387957,False
1002,7° EF,False,Feminino,12,False,True,True,False,Não declarada,Urbana,Reprovado,False,94.4,8.8,Baixo,5329.57,2.2,True,False,False,False,False,Alto,Regular,Média,False,Alta,False,False,Moderado,Regular,Completa,Média,Boa,0.25139848634419215,True
1003,2° EM,False,Feminino,12,False,True,True,True,Branca,Urbana,Aprovado,False,82.0,4.8,Muito alto,6921.14,1.0,False,False,False,False,False,Alto,Regular,Alta,False,Alta,False,False,Moderado,Ruim,Completa,Alta,Boa,0.3455083909180652,False
1004,9° EF,False,Masculino,13,False,True,False,False,Parda,Rural,Aprovado,False,90.6,5.1,Alto,4617.23,2.2,False,False,False,False,False,Alto,Regular,Média,True,Baixa,False,False,Moderado,Boa,Parcial,Alta,Boa,0.2882527147087859,False
1005,1° EM,False,Masculino,11,True,True,True,False,Branca,Urbana,Aprovado,False,89.5,7.8,Baixo,6164.43,1.6,False,False,False,False,False,Alto,Ruim,Alta,False,Alta,False,False,Baixo,Boa,Parcial,Alta,Boa,0.1604146100691017,False
1006,8° EF,False,Feminino,7,False,True,False,False,Parda,Urbana,Aprovado,False,95.3,9.5,Alto,3855.77,1.2,False,False,False,False,False,Alto,Bom,Alta,False,Alta,False,True,Moderado,Regular,Completa,Alta,Regular,0.04787759131293191,False
1007,9° EF,False,Masculino,13,False,True,False,True,Amarela,Urbana,Evadido,False,97.1,8.5,Médio,3541.38,2.7,False,False,False,False,False,Médio,Regular,Baixa,False,Baixa,False,False,Baixo,Boa,Parcial,Alta,Boa,0.08835143139190527,False
1008,2° EM,False,Masculino,14,True,True,True,False,Parda,Rural,Aprovado,False,66.8,6.5,Baixo,5751.25,0.5,True,False,False,False,False,Médio,Bom,Média,True,Alta,False,True,Baixo,Regular,Completa,Alta,Regular,0.5011516946363936,True
1009,3° EF,False,Feminino,19,True,True,True,False,Parda,Urbana,Aprovado,False,91.7,2.7,Baixo,5112.38,2.6,False,False,False,False,False,Alto,Regular,Alta,False,Alta,True,False,Alto,Boa,Completa,Baixa,Ruim,0.4012833168805529,True
1010,6° EF,False,Masculino,6,False,True,True,False,Parda,Urbana,Aprovado,False,72.9,5.2,Baixo,5761.67,2.7,True,False,False,False,False,Alto,Bom,Alta,False,Média,False,False,Alto,Ruim,Completa,Média,Boa,0.5352089503126028,False
1011,3° EF,False,Masculino,6,False,True,True,False,Parda,Rural,Aprovado,False,89.0,6.7,Médio,3425.75,1.1,False,False,False,False,False,Baixo,Regular,Alta,False,Média,False,False,Alto,Boa,Completa,Alta,Boa,0.21717670286278387,True
1012,3° EM,False,Masculino,13,False,True,True,False,Parda,Urbana,Aprovado,False,83.0,7.3,Baixo,4066.18,1.2,False,True,False,False,False,Médio,Ruim,Alta,False,Baixa,True,False,Baixo,Ruim,Completa,Alta,Boa,0.21717670286278387,False
1013,3° EM,False,Feminino,7,False,True,True,False,Branca,Urbana,Aprovado,False,83.5,1.3,Médio,1808.55,1.8,False,False,False,False,False,Baixo,Ruim,Alta,True,Alta,False,False,Alto,Boa,Completa,Alta,Boa,0.5108588351431392,True
1014,1° EF,False,Feminino,17,False,False,True,False,Parda,Urbana,Aprovado,False,84.7,7.4,Baixo,1556.35,2.3,False,False,False,False,False,Baixo,Bom,Alta,False,Alta,False,False,Moderado,Ruim,Parcial,Alta,Regular,0.20384995064165845,False
1015,9° EF,False,Feminino,16,False,True,True,False,Branca,Urbana,Aprovado,False,90.6,7.3,Baixo,3160.92,1.8,False,False,False,False,False,Médio,Bom,Alta,False,Média,False,False,Moderado,Boa,Completa,Média,Ruim,0.17966436327739393,False
1016,2° EM,False,Masculino,19,False,True,True,False,Branca,Urbana,Aprovado,False,84.2,8.1,Médio,1731.58,2.4,False,False,False,False,True,Médio,Regular,Alta,False,Alta,False,False,Baixo,Boa,Completa,Média,Boa,0.17176702862783813,False
1017,3° EF,False,Feminino,10,False,True,True,False,Branca,Urbana,Aprovado,False,93.0,7.7,Médio,1967.09,3.8,True,False,False,False,False,Baixo,Bom,Baixa,False,Média,False,False,Moderado,Regular,Insuficiente,Baixa,Boa,0.3126028298782495,False
1018,7° EF,False,Feminino,9,True,True,False,False,Preta,Urbana,Evadido,False,85.9,7.7,Baixo,7623.15,1.5,False,False,False,False,False,Alto,Bom,Baixa,False,Baixa,False,False,Alto,Regular,Completa,Alta,Regular,0.1831194471865745,False
1019,2° EM,False,Feminino,12,False,True,True,False,Parda,Urbana,Aprovado,False,74.2,9.6,Baixo,1449.45,0.3,False,False,False,False,False,Médio,Bom,Alta,False,Média,False,False,Moderado,Regular,Completa,Alta,Boa,0.14708785784797632,False
1020,1° EF,False,Masculino,13,False,True,False,False,Não declarada,Urbana,Aprovado,False,94.1,4.3,Baixo,6395.0,2.8,False,False,False,False,False,Médio,Bom,Média,False,Média,False,False,Baixo,Boa,Insuficiente,Alta,Regular,0.3104639684106615,False
1021,9° EF,False,Feminino,6,False,True,True,False,Amarela,Rural,Reprovado,False,83.0,7.4,Muito baixo,3313.27,3.7,False,False,False,False,False,Alto,Regular,Baixa,True,Alta,False,False,Alto,Boa,Parcial,Média,Boa,0.2122408687068115,False
1022,4° EF,False,Masculino,8,False,True,True,False,Parda,Urbana,Aprovado,False,86.5,5.3,Médio,8090.67,2.4,True,False,False,False,False,Alto,Bom,Média,False,Alta,False,False,Moderado,Boa,Completa,Média,Boa,0.4631457716354065,False
1023,2° EM,False,Feminino,9,False,True,True,False,Preta,Rural,Aprovado,False,91.9,9.3,Alto,5007.6,0.9,False,False,False,False,False,Médio,Bom,Alta,True,Alta,False,False,Moderado,Boa,Completa,Baixa,Boa,0.07453109575518257,False
1024,3° EM,False,Masculino,16,False,True,False,False,Branca,Urbana,Evadido,False,84.2,2.5,Baixo,3576.62,1.9,False,False,False,False,False,Alto,Bom,Média,True,Alta,False,True,Alto,Regular,Insuficiente,Média,Boa,0.44817374136229027,True
1025,3° EM,False,Masculino,9,False,True,True,False,Parda,Urbana,Aprovado,False,73.3,9.8,Baixo,5267.98,0.9,False,False,False,False,False,Médio,Bom,Alta,False,Alta,False,False,Moderado,Ruim,Completa,Média,Regular,0.1416584402764067,False
1026,6° EF,False,Masculino,11,True,True,True,False,Parda,Urbana,Aprovado,False,85.2,6.9,Muito baixo,4185.82,2.6,True,False,False,True,False,Médio,Bom,Média,False,Alta,False,False,Moderado,Boa,Completa,Média,Boa,0.7196446199407701,True
1027,2° EM,True,Masculino,12,True,True,False,False,Parda,Urbana,Evadido,False,90.4,5.8,Muito baixo,1928.89,1.6,False,False,False,False,True,Baixo,Bom,Baixa,False,Média,False,False,Alto,Ruim,Completa,Média,Ruim,0.25468904244817375,False
1028,1° EM,False,Feminino,6,False,True,True,True,Parda,Urbana,Aprovado,False,91.0,8.5,Alto,2052.89,1.7,False,False,False,False,False,Médio,Bom,Baixa,True,Média,False,False,Alto,Boa,Parcial,Alta,Ruim,0.11846001974333664,False
1029,4° EF,False,Feminino,14,True,True,False,False,Parda,Urbana,Aprovado,False,91.6,6.0,Médio,9091.2,1.0,False,False,False,False,False,Alto,Bom,Média,True,Baixa,False,False,Moderado,Boa,Completa,Média,Regular,0.23889437314906228,False
1030,1° EM,False,Feminino,9,False,True,False,False,Branca,Rural,Aprovado,True,90.8,9.5,Baixo,4533.55,2.1,False,False,True,False,False,Médio,Ruim,Média,True,Baixa,False,False,Alto,Regular,Insuficiente,Alta,Regular,0.2346166502138862,False
1031,1° EF,False,Masculino,14,False,True,True,False,Parda,Rural,Reprovado,False,80.4,5.7,Alto,3916.82,1.6,False,False,False,False,False,Alto,Bom,Média,True,Baixa,False,False,Alto,Regular,Completa,Alta,Boa,0.30898321816386976,False
1032,8° EF,False,Masculino,13,True,True,True,False,Branca,Urbana,Aprovado,False,86.2,6.1,Médio,6803.89,2.2,False,False,False,False,False,Alto,Ruim,Média,True,Alta,False,False,Alto,Ruim,Completa,Média,Boa,0.2606120434353406,False
1033,3° EF,False,Masculino,6,True,True,True,False,Parda,Urbana,Aprovado,False,93.4,6.6,Médio,4041.79,2.0,False,True,False,False,False,Médio,Ruim,Baixa,False,Baixa,True,False,Alto,Ruim,Completa,Média,Regular,0.2003948667324778,True
1034,2° EF,False,Masculino,7,False,True,True,True,Parda,Urbana,Aprovado,False,76.3,5.7,Médio,7785.43,1.0,False,False,False,False,False,Baixo,Bom,Baixa,True,Média,False,False,Moderado,Boa,Parcial,Alta,Boa,0.32922013820335644,True
1035,1° EF,False,Feminino,9,False,True,True,False,Branca,Urbana,Em andamento,False,82.7,1.2,Muito baixo,4762.57,2.6,False,False,False,False,False,Alto,Regular,Média,True,Alta,False,False,Alto,Boa,Completa,Alta,Boa,0.5197433366238895,True
1036,9° EF,False,Feminino,9,False,True,True,False,Parda,Urbana,Aprovado,False,82.7,7.9,Baixo,6878.45,2.0,False,False,False,False,False,Alto,Ruim,Alta,False,Média,False,False,Alto,Boa,Parcial,Baixa,Regular,0.18904244817374136,False
1037,5° EF,False,Masculino,14,False,True,False,False,Amarela,Urbana,Evadido,False,86.5,2.3,Baixo,1996.43,1.0,False,False,False,False,False,Alto,Regular,Média,False,Alta,False,True,Moderado,Regular,Completa,Média,Ruim,0.44669299111549854,True
1038,9° EF,False,Masculino,18,False,False,True,False,Branca,Urbana,Aprovado,False,99.3,5.1,Baixo,7887.88,4.2,False,True,False,False,False,Alto,Bom,Alta,False,Alta,False,False,Moderado,Regular,Completa,Baixa,Boa,0.24531095755182636,True
1039,1° EF,False,Masculino,16,False,True,False,False,Parda,Rural,Aprovado,False,74.2,6.1,Baixo,7007.34,2.5,False,False,False,False,False,Baixo,Ruim,Média,False,Média,False,True,Moderado,Boa,Parcial,Média,Boa,0.3198420533070089,False
1040,4° EF,False,Masculino,13,False,True,True,False,Parda,Rural,Aprovado,False,88.4,8.1,Baixo,2828.01,1.8,False,False,False,False,False,Alto,Regular,Média,False,Baixa,False,False,Baixo,Boa,Parcial,Média,Regular,0.1510365251727542,False
1041,7° EF,False,Feminino,11,True,True,True,False,Branca,Rural,Reprovado,False,79.7,6.9,Médio,2298.17,3.4,False,False,False,False,False,Alto,Bom,Alta,True,Baixa,False,False,Moderado,Ruim,Parcial,Média,Boa,0.253208292201382,True
1042,1° EM,False,Feminino,13,False,True,True,False,Parda,Urbana,Evadido,False,99.0,5.5,Médio,3662.08,3.8,False,False,False,False,False,Médio,Bom,Alta,True,Baixa,False,False,Moderado,Boa,Completa,Média,Boa,0.2270483711747286,False
1043,4° EF,False,Masculino,17,True,True,True,False,Parda,Urbana,Aprovado,False,76.9,5.9,Médio,8924.34,1.9,False,False,False,False,False,Médio,Bom,Alta,True,Alta,False,False,Moderado,Ruim,Parcial,Alta,Regular,0.31638696939782823,True
1044,8° EF,False,Masculino,12,True,True,False,False,Parda,Rural,Aprovado,False,85.9,7.6,Alto,3187.84,2.3,False,False,True,False,False,Médio,Bom,Alta,False,Alta,False,False,Moderado,Regular,Insuficiente,Baixa,Boa,0.1880552813425469,False
1045,2° EM,False,Masculino,9,False,True,True,False,Parda,Rural,Em andamento,False,93.1,7.1,Baixo,4777.38,1.0,True,False,True,False,False,Médio,Bom,Média,False,Baixa,False,False,Baixo,Boa,Completa,Média,Boa,0.34172425139848644,False
1046,8° EF,False,Masculino,15,False,True,True,False,Branca,Urbana,Em andamento,False,92.3,6.6,Baixo,1378.84,1.9,False,False,False,False,False,Alto,Ruim,Alta,False,Média,True,True,Baixo,Boa,Completa,Baixa,Boa,0.20582428430404745,False
1047,3° EF,False,Masculino,10,False,True,True,False,Branca,Urbana,Aprovado,False,86.3,6.1,Baixo,4307.61,1.8,False,False,False,False,False,Alto,Regular,Alta,True,Alta,False,False,Alto,Ruim,Completa,Alta,Boa,0.2601184600197434,False
1048,1° EF,False,Feminino,15,False,True,True,False,Amarela,Urbana,Aprovado,False,84.5,6.5,Médio,5696.13,2.2,False,True,False,False,False,Alto,Regular,Baixa,False,Baixa,False,False,Alto,Boa,Parcial,Média,Boa,0.2492596248766042,False
1049,2° EM,False,Masculino,16,False,True,True,False,Branca,Urbana,Aprovado,False,85.7,4.3,Médio,8741.33,2.3,False,True,False,False,False,Baixo,Ruim,Alta,True,Alta,False,False,Alto,Regular,Completa,Média,Ruim,0.3519249753208293,False
1050,1° EF,False,Masculino,9,True,True,True,False,Parda,Urbana,Aprovado,False,82.4,4.4,Médio,5260.78,2.6,False,False,False,False,False,Médio,Regular,Alta,False,Média,True,False,Alto,Ruim,Parcial,Baixa,Regular,0.36327739387956565,True
1051,2° EM,False,Feminino,14,False,True,False,False,Parda,Urbana,Em andamento,True,80.6,6.4,Muito alto,7672.44,2.2,True,False,False,False,False,Alto,Regular,Alta,False,Média,False,False,Moderado,Boa,Completa,Alta,Boa,0.602500822639026,True
1052,7° EF,False,Feminino,9,True,True,False,False,Preta,Urbana,Aprovado,False,87.6,6.8,Muito baixo,5503.18,0.8,False,False,False,False,False,Alto,Bom,Média,False,Baixa,False,False,Moderado,Ruim,Parcial,Média,Ruim,0.21915103652517282,False
1053,3° EM,False,Masculino,12,False,True,True,False,Branca,Urbana,Aprovado,False,82.5,0.9,Baixo,1464.69,1.1,False,False,False,False,False,Alto,Regular,Média,False,Média,False,False,Alto,Boa,Completa,Baixa,Regular,0.535538005923001,True
1054,1° EM,False,Feminino,8,False,True,True,False,Parda,Urbana,Aprovado,False,83.0,5.2,Baixo,3651.84,1.5,True,False,False,False,False,Médio,Regular,Média,False,Alta,False,False,Alto,Boa,Completa,Alta,Ruim,0.48535702533728214,True
1055,3° EM,False,Masculino,14,True,True,True,False,Parda,Rural,Aprovado,False,91.3,4.7,Baixo,5729.87,1.7,False,False,False,False,False,Médio,Regular,Alta,True,Média,False,True,Alto,Boa,Completa,Alta,Boa,0.3045409674234946,False
1056,5° EF,False,Feminino,16,False,True,True,False,Parda,Urbana,Evadido,False,99.0,8.1,Muito baixo,8721.15,3.1,False,False,False,False,False,Alto,Ruim,Alta,False,Alta,True,False,Baixo,Ruim,Completa,Baixa,Regular,0.09871668311944723,False
1057,1° EM,False,Masculino,17,False,True,True,False,Branca,Urbana,Aprovado,False,90.2,8.6,Baixo,7991.65,0.8,True,False,False,False,False,Médio,Bom,Alta,False,Alta,False,False,Baixo,Ruim,Completa,Média,Ruim,0.2820006581112208,True
1058,5° EF,False,Masculino,9,True,True,False,False,Parda,Urbana,Aprovado,False,74.8,6.4,Alto,2960.72,1.6,False,False,False,True,False,Alto,Ruim,Baixa,False,Alta,False,True,Moderado,Ruim,Completa,Alta,Ruim,0.6311286607436658,True
1059,6° EF,False,Masculino,19,False,True,True,False,Parda,Urbana,Aprovado,False,74.7,10.0,Médio,2894.95,3.0,False,False,True,False,False,Alto,Regular,Baixa,False,Alta,False,True,Moderado,Ruim,Insuficiente,Média,Boa,0.12487660414610068,False
1060,8° EF,False,Masculino,9,False,True,True,False,Parda,Urbana,Aprovado,False,98.4,6.3,Médio,2743.92,1.7,False,False,False,False,False,Médio,Bom,Média,False,Alta,False,False,Moderado,Boa,Completa,Média,Regular,0.19052319842053309,False
1061,2° EM,False,Masculino,6,False,True,False,False,Branca,Rural,Aprovado,False,83.3,0.6,Baixo,8497.07,2.5,False,False,False,False,False,Médio,Bom,Baixa,False,Média,False,False,Moderado,Regular,Parcial,Baixa,Regular,0.5463968410661404,True
1062,3° EM,False,Masculino,19,False,True,False,False,Parda,Rural,Aprovado,False,75.8,5.0,Médio,7940.09,1.9,False,False,False,False,False,Médio,Bom,Média,False,Alta,False,False,Moderado,Boa,Completa,Média,Boa,0.3662388943731491,False
1063,1° EM,False,Masculino,13,False,True,True,False,Branca,Urbana,Aprovado,True,90.1,9.4,Alto,7319.72,2.3,False,False,False,False,False,Médio,Bom,Alta,True,Alta,False,False,Baixo,Ruim,Parcial,Alta,Boa,0.2430075682790392,False
1064,5° EF,False,Feminino,16,False,True,True,False,Parda,Urbana,Aprovado,False,90.6,5.6,Muito baixo,4271.78,1.8,True,False,False,False,False,Médio,Bom,Alta,True,Alta,False,False,Alto,Boa,Completa,Média,Ruim,0.4281013491280027,False
1065,6° EF,False,Feminino,12,False,True,True,False,Parda,Urbana,Reprovado,False,91.1,1.4,Baixo,5162.24,2.7,False,False,False,False,False,Alto,Bom,Baixa,False,Média,True,False,Alto,Regular,Completa,Média,Boa,0.468410661401777,True
1066,9° EF,False,Masculino,10,False,False,True,False,Parda,Urbana,Evadido,False,82.4,6.5,Médio,4842.82,0.5,False,False,True,False,False,Médio,Ruim,Média,False,Média,False,False,Alto,Boa,Completa,Média,Ruim,0.25962487660414607,True
1067,3° EF,False,Masculino,13,False,True,True,False,Amarela,Urbana,Aprovado,False,67.7,5.2,Médio,3160.45,1.6,False,False,False,True,False,Alto,Bom,Alta,False,Alta,False,False,Moderado,Boa,Insuficiente,Alta,Boa,0.7254030931227378,True
1068,2° EF,False,Feminino,17,False,True,True,False,Preta,Urbana,Aprovado,False,98.8,0.5,Muito baixo,5167.4,2.3,False,False,False,False,False,Médio,Bom,Alta,False,Alta,False,False,Baixo,Boa,Completa,Média,Regular,0.474827245804541,False
1069,5° EF,False,Outro,15,False,True,False,False,Não declarada,Urbana,Aprovado,False,82.0,6.9,Médio,1382.63,2.5,False,False,False,True,False,Médio,Ruim,Baixa,True,Alta,True,True,Moderado,Regular,Parcial,Média,Boa,0.5709114840408029,True
1070,4° EF,False,Feminino,14,False,True,True,True,Branca,Urbana,Aprovado,False,91.7,9.4,Médio,2190.69,3.5,False,False,False,False,False,Médio,Regular,Alta,False,Alta,False,False,Moderado,Boa,Completa,Alta,Boa,0.07058242843040471,False
1071,4° EF,False,Feminino,9,False,True,True,True,Não declarada,Urbana,Aprovado,False,92.4,5.7,Baixo,8210.66,1.6,True,False,False,False,False,Médio,Bom,Baixa,True,Baixa,False,True,Moderado,Boa,Completa,Média,Boa,0.41428101349128016,True
1072,3° EF,False,Feminino,6,False,True,True,False,Preta,Urbana,Reprovado,False,90.3,4.4,Médio,7134.65,3.5,True,False,False,False,False,Baixo,Bom,Alta,False,Alta,False,False,Alto,Boa,Completa,Média,Regular,0.4888121092464628,True
1073,1° EF,False,Feminino,10,False,True,True,True,Branca,Urbana,Evadido,False,83.7,7.5,Médio,4512.11,1.3,False,True,True,False,False,Alto,Ruim,Baixa,False,Média,True,False,Alto,Boa,Parcial,Média,Boa,0.20384995064165845,False
1074,1° EF,False,Masculino,11,False,True,False,False,Branca,Rural,Evadido,False,82.5,6.0,Médio,5264.09,3.3,False,True,False,False,False,Médio,Regular,Baixa,False,Alta,True,False,Baixo,Boa,Parcial,Média,Regular,0.2838104639684107,False
1075,3° EM,False,Feminino,8,False,True,True,True,Branca,Urbana,Aprovado,False,90.1,9.8,Médio,4090.44,2.8,False,False,False,False,False,Baixo,Bom,Média,True,Média,False,False,Moderado,Boa,Completa,Alta,Regular,0.05873642645607108,False
1076,6° EF,False,Feminino,11,False,True,True,False,Parda,Urbana,Aprovado,False,96.1,8.6,Muito baixo,7047.71,1.1,False,False,False,False,False,Baixo,Ruim,Alta,False,Alta,False,False,Alto,Boa,Completa,Alta,Boa,0.0883514313919053,False
1077,5° EF,False,Masculino,18,False,True,True,False,Parda,Urbana,Aprovado,False,98.3,0.3,Médio,7393.92,2.3,False,False,True,False,False,Médio,Bom,Baixa,True,Média,False,False,Alto,Boa,Insuficiente,Média,Boa,0.4871668311944719,True
1078,9° EF,False,Feminino,8,False,True,True,False,Parda,Urbana,Aprovado,False,76.5,0.2,Baixo,7227.21,1.9,False,False,False,False,False,Baixo,Regular,Alta,True,Baixa,False,False,Alto,Boa,Completa,Média,Boa,0.5997038499506419,True
1079,3° EF,False,Masculino,9,True,True,True,False,Branca,Rural,Aprovado,False,78.7,9.2,Médio,6902.81,2.6,True,False,False,True,False,Baixo,Regular,Alta,False,Média,False,False,Alto,Boa,Parcial,Média,Ruim,0.6382033563672262,True
1080,3° EM,False,Masculino,7,False,True,True,False,Amarela,Urbana,Reprovado,False,98.2,4.2,Baixo,2770.49,1.8,False,False,False,False,False,Baixo,Ruim,Baixa,False,Média,False,False,Moderado,Ruim,Parcial,Baixa,Boa,0.2951628825271471,True
1081,1° EM,False,Feminino,15,False,True,True,False,Preta,Urbana,Aprovado,False,93.0,1.5,Muito baixo,3834.98,1.7,False,False,False,False,False,Baixo,Bom,Alta,False,Alta,False,False,Moderado,Ruim,Completa,Baixa,Boa,0.4540967423494572,False
1082,2° EF,False,Feminino,15,False,True,True,False,Branca,Urbana,Aprovado,False,96.5,5.7,Baixo,4886.79,3.4,False,False,False,False,False,Médio,Regular,Alta,False,Alta,False,False,Moderado,Boa,Completa,Média,Regular,0.22951628825271478,False
1083,5° EF,False,Feminino,18,False,True,True,False,Parda,Urbana,Aprovado,False,80.5,6.0,Alto,3777.74,1.9,True,False,False,False,True,Baixo,Bom,Baixa,False,Alta,False,False,Moderado,Ruim,Completa,Baixa,Ruim,0.45820993747943406,True
1084,2° EM,False,Feminino,11,False,True,False,False,Branca,Urbana,Aprovado,True,89.9,7.0,Baixo,7160.65,2.8,False,True,False,False,False,Alto,Bom,Baixa,False,Alta,False,False,Alto,Boa,Parcial,Alta,Boa,0.3624547548535703,True
1085,3° EM,False,Feminino,6,False,True,True,False,Parda,Rural,Aprovado,False,92.3,0.7,Médio,3766.26,1.8,False,False,False,False,False,Alto,Bom,Média,True,Alta,False,False,Alto,Boa,Parcial,Média,Ruim,0.4970384995064167,True
1086,6° EF,False,Feminino,11,False,True,True,False,Branca,Urbana,Em andamento,False,91.8,3.1,Baixo,2241.91,3.7,False,False,False,False,False,Médio,Bom,Alta,False,Média,False,False,Moderado,Boa,Parcial,Média,Boa,0.3810463968410662,False
1087,8° EF,False,Feminino,11,False,True,True,False,Parda,Urbana,Aprovado,False,86.0,4.2,Médio,4322.07,1.3,False,False,False,False,False,Baixo,Ruim,Baixa,True,Alta,False,False,Moderado,Boa,Parcial,Alta,Boa,0.3553800592300099,False
1088,3° EF,False,Masculino,8,False,True,False,True,Branca,Urbana,Reprovado,False,67.7,6.1,Médio,8955.0,1.4,False,False,False,False,False,Médio,Regular,Alta,False,Alta,False,False,Alto,Ruim,Parcial,Alta,Regular,0.3519249753208292,False
1089,3° EM,False,Feminino,18,False,True,True,False,Preta,Urbana,Reprovado,False,89.8,7.5,Baixo,2940.98,3.5,False,False,False,False,True,Médio,Regular,Baixa,False,Média,False,True,Moderado,Regular,Completa,Alta,Boa,0.17374136229022707,False
1090,3° EF,False,Masculino,15,False,True,True,False,Branca,Rural,Reprovado,False,82.0,1.6,Muito alto,6021.86,1.6,False,True,False,False,False,Alto,Regular,Baixa,False,Baixa,False,True,Alto,Regular,Completa,Alta,Boa,0.5034550839091807,True
1091,3° EM,False,Outro,12,False,True,True,False,Parda,Urbana,Aprovado,False,86.9,7.6,Baixo,4592.71,3.6,False,False,False,False,False,Médio,Regular,Baixa,False,Média,True,False,Alto,Ruim,Completa,Baixa,Regular,0.18311944718657452,False
1092,8° EF,False,Outro,15,True,True,False,False,Branca,Urbana,Evadido,True,98.6,4.9,Médio,1705.88,2.9,False,True,False,False,False,Médio,Bom,Alta,False,Alta,False,False,Baixo,Regular,Parcial,Média,Boa,0.4231655149720303,False
1093,8° EF,False,Feminino,7,False,True,True,False,Parda,Urbana,Aprovado,False,85.8,4.0,Médio,5030.61,1.8,False,False,False,False,False,Alto,Regular,Alta,False,Média,False,False,Alto,Regular,Parcial,Alta,Ruim,0.3662388943731491,False
1094,7° EF,False,Masculino,17,True,True,True,False,Preta,Urbana,Aprovado,False,95.4,7.9,Médio,6739.72,0.2,False,True,False,False,False,Alto,Bom,Média,False,Média,False,False,Alto,Boa,Completa,Média,Ruim,0.12635735439289236,False
1095,3° EF,False,Masculino,16,False,True,False,False,Preta,Rural,Aprovado,False,80.0,0.7,Alto,5232.74,2.0,False,False,False,False,False,Alto,Bom,Média,True,Alta,False,True,Moderado,Regular,Completa,Média,Regular,0.5577492596248768,False
1096,3° EF,False,Outro,18,False,True,False,False,Branca,Urbana,Evadido,False,91.7,8.9,Baixo,8095.14,2.1,False,False,False,False,False,Alto,Bom,Baixa,False,Baixa,False,False,Moderado,Ruim,Completa,Alta,Boa,0.09526159921026651,False
1097,3° EF,False,Masculino,14,True,True,False,False,Parda,Urbana,Aprovado,False,99.2,9.8,Baixo,3443.9,3.2,True,False,False,False,False,Médio,Bom,Baixa,False,Média,False,False,Moderado,Boa,Completa,Média,Boa,0.17834814083580122,False
1098,3° EF,False,Outro,7,False,True,True,False,Branca,Urbana,Em andamento,False,76.3,7.5,Médio,1827.31,3.6,False,False,False,False,False,Médio,Bom,Baixa,True,Baixa,False,False,Moderado,Boa,Parcial,Média,Regular,0.24037512339585396,False
1099,1° EM,False,Feminino,14,True,False,True,False,Branca,Urbana,Reprovado,False,65.4,6.7,Médio,8609.26,1.3,True,False,False,False,False,Alto,Bom,Baixa,False,Baixa,False,True,Alto,Regular,Completa,Alta,Regular,0.4981901941428101,False
1100,5° EF,False,Feminino,11,False,True,True,False,Branca,Urbana,Em andamento,False,86.5,5.1,Muito alto,4155.82,2.8,False,False,False,False,False,Médio,Bom,Baixa,True,Baixa,True,False,Alto,Boa,Completa,Baixa,Boa,0.30848963474827257,False
1101,1° EF,False,Masculino,14,False,True,True,False,Parda,Urbana,Em andamento,False,75.8,8.2,Baixo,5736.7,2.8,False,False,False,True,False,Médio,Bom,Alta,True,Alta,False,False,Moderado,Ruim,Completa,Alta,Boa,0.537347811780191,True
1102,3° EM,False,Feminino,12,True,True,True,False,Preta,Rural,Reprovado,False,93.3,9.0,Baixo,7456.26,3.1,False,False,False,False,False,Médio,Bom,Alta,True,Baixa,False,False,Moderado,Boa,Completa,Média,Regular,0.08242843040473842,False
1103,2° EM,False,Feminino,6,False,True,False,False,Branca,Urbana,Reprovado,False,97.4,4.7,Muito alto,3726.06,2.5,True,False,False,False,False,Alto,Regular,Baixa,False,Alta,False,False,Alto,Ruim,Completa,Baixa,Ruim,0.43896018427114186,False
1104,2° EM,False,Masculino,18,True,True,True,False,Branca,Urbana,Reprovado,False,86.6,5.7,Médio,6851.39,0.1,False,True,False,False,False,Alto,Bom,Baixa,True,Alta,False,True,Alto,Boa,Insuficiente,Média,Regular,0.27838104639684114,True
1105,3° EM,False,Masculino,14,True,True,False,False,Parda,Urbana,Reprovado,False,82.2,5.1,Médio,2219.47,1.8,True,False,False,False,False,Alto,Ruim,Média,False,Alta,False,False,Alto,Regular,Completa,Alta,Boa,0.49424152681803235,True
1106,3° EF,False,Masculino,13,False,True,True,False,Preta,Urbana,Reprovado,False,86.6,5.2,Alto,3462.7,0.8,False,False,True,False,False,Médio,Bom,Alta,False,Média,False,False,Moderado,Regular,Parcial,Alta,Ruim,0.3030602171767029,False
1107,5° EF,False,Masculino,6,True,True,False,False,Branca,Rural,Reprovado,False,92.8,5.7,Médio,2293.58,1.8,False,False,False,False,False,Baixo,Bom,Alta,True,Alta,False,True,Alto,Boa,Completa,Média,Boa,0.2477788746298125,False
1108,1° EM,False,Masculino,11,False,True,True,True,Preta,Urbana,Aprovado,False,65.7,9.4,Muito baixo,7609.61,3.0,False,False,False,False,False,Médio,Bom,Alta,False,Alta,False,True,Alto,Boa,Completa,Média,Boa,0.19891411648568608,False
1109,9° EF,False,Masculino,6,False,True,False,False,Parda,Urbana,Aprovado,False,89.9,1.8,Baixo,2915.21,2.3,True,False,True,False,False,Alto,Regular,Alta,False,Média,False,False,Moderado,Boa,Completa,Baixa,Boa,0.619118130964133,True
1110,2° EF,False,Feminino,12,False,True,False,False,Parda,Urbana,Aprovado,False,90.4,5.3,Baixo,6861.27,3.1,False,False,False,False,False,Alto,Regular,Alta,True,Alta,True,False,Alto,Boa,Completa,Alta,Ruim,0.2793682132280356,False
1111,1° EM,False,Feminino,13,False,True,True,False,Parda,Urbana,Aprovado,False,90.9,9.1,Médio,8662.96,2.3,False,False,False,False,False,Alto,Ruim,Alta,False,Baixa,False,False,Moderado,Boa,Completa,Alta,Boa,0.0893385982230997,False
1112,3° EF,False,Feminino,9,False,True,True,False,Branca,Rural,Aprovado,False,81.7,1.8,Alto,5348.81,0.7,False,False,False,False,False,Alto,Bom,Média,False,Alta,False,False,Baixo,Ruim,Parcial,Média,Boa,0.4950641658440276,True
1113,3° EF,False,Feminino,12,False,True,False,False,Parda,Urbana,Aprovado,False,92.6,3.1,Médio,5446.56,0.5,False,False,False,True,False,Alto,Bom,Média,False,Alta,False,False,Moderado,Regular,Completa,Média,Regular,0.7061533399144457,False
1114,7° EF,False,Masculino,9,True,True,True,False,Branca,Urbana,Aprovado,False,75.7,4.9,Médio,4816.51,2.1,False,False,False,False,False,Baixo,Bom,Baixa,True,Alta,False,False,Baixo,Boa,Completa,Média,Boa,0.3716683119447187,True
1115,8° EF,False,Masculino,17,False,True,True,True,Parda,Urbana,Aprovado,False,80.4,8.2,Baixo,3738.63,1.8,False,False,False,False,False,Alto,Bom,Baixa,False,Alta,False,False,Baixo,Regular,Completa,Alta,Regular,0.18558736426456077,False
1116,7° EF,False,Masculino,9,True,True,False,False,Parda,Urbana,Aprovado,False,96.4,9.7,Baixo,4933.13,1.0,False,False,False,False,False,Baixo,Regular,Alta,False,Alta,False,True,Moderado,Boa,Completa,Média,Ruim,0.032576505429417583,False
1117,2° EF,False,Feminino,8,False,True,False,False,Parda,Urbana,Reprovado,False,93.1,7.5,Médio,5947.27,0.3,False,False,False,False,False,Médio,Bom,Média,False,Baixa,False,True,Moderado,Ruim,Parcial,Média,Boa,0.1574531095755183,False
1118,2° EM,False,Feminino,9,False,False,True,False,Amarela,Urbana,Em andamento,False,67.3,6.7,Baixo,9003.47,1.3,False,False,False,False,False,Alto,Regular,Baixa,True,Alta,False,False,Moderado,Ruim,Parcial,Média,Boa,0.32428430404738406,False
1119,4° EF,False,Feminino,9,False,True,True,True,Amarela,Rural,Aprovado,False,81.9,9.0,Médio,8618.82,1.8,False,False,False,False,False,Médio,Bom,Média,False,Baixa,True,False,Alto,Regular,Completa,Alta,Boa,0.1386969397828233,False
1120,2° EF,False,Feminino,11,False,True,True,False,Não declarada,Urbana,Aprovado,False,80.9,9.7,Alto,8015.76,2.7,False,False,False,False,False,Médio,Bom,Baixa,True,Alta,False,False,Moderado,Regular,Parcial,Média,Boa,0.10908193484698915,False
1121,2° EM,False,Feminino,7,True,True,True,False,Parda,Urbana,Aprovado,False,82.5,7.3,Alto,8230.93,2.2,True,False,True,False,False,Baixo,Bom,Média,False,Alta,False,False,Baixo,Boa,Completa,Média,Ruim,0.38417242513984873,False
1122,3° EM,False,Masculino,7,True,True,True,False,Amarela,Urbana,Reprovado,False,81.9,6.5,Médio,4870.87,3.6,True,False,False,False,False,Médio,Bom,Alta,False,Média,False,True,Moderado,Regular,Parcial,Alta,Boa,0.42662059888121096,False
1123,2° EM,False,Masculino,8,True,True,True,False,Branca,Rural,Aprovado,True,73.8,8.8,Muito alto,6383.04,1.0,True,False,False,False,False,Médio,Bom,Alta,True,Baixa,False,False,Baixo,Boa,Completa,Média,Boa,0.5176044751563015,True
1124,1° EM,False,Feminino,6,True,True,False,False,Parda,Urbana,Reprovado,False,87.1,4.0,Médio,8278.27,2.9,False,False,False,False,False,Baixo,Bom,Média,False,Alta,True,False,Alto,Regular,Completa,Média,Boa,0.35982230997038506,True
1125,8° EF,False,Masculino,13,True,True,True,False,Branca,Urbana,Aprovado,False,93.0,7.3,Médio,4273.5,2.0,False,False,False,False,False,Médio,Bom,Alta,False,Alta,False,False,Alto,Boa,Parcial,Baixa,Boa,0.16781836130306027,True
1126,7° EF,False,Masculino,11,True,True,False,False,Amarela,Urbana,Reprovado,False,90.3,5.3,Médio,8810.23,2.7,False,False,False,False,False,Baixo,Regular,Média,False,Alta,False,False,Moderado,Ruim,Completa,Alta,Boa,0.27986179664363287,False
1127,2° EF,False,Masculino,8,True,True,True,False,Parda,Urbana,Aprovado,True,91.7,5.0,Muito baixo,4455.63,1.6,False,True,False,False,False,Médio,Bom,Alta,True,Alta,False,False,Alto,Boa,Insuficiente,Alta,Regular,0.4522869364922673,False
1128,5° EF,False,Feminino,9,False,True,True,False,Branca,Rural,Aprovado,False,75.1,6.1,Baixo,5933.52,3.1,False,False,False,False,False,Médio,Regular,Média,True,Média,False,True,Alto,Boa,Completa,Alta,Regular,0.31539980256663386,False
1129,5° EF,False,Feminino,9,False,True,False,False,Não declarada,Urbana,Aprovado,False,98.4,9.0,Médio,6800.66,2.3,False,False,False,False,False,Médio,Bom,Média,True,Média,False,False,Moderado,Regular,Completa,Baixa,Boa,0.05725567620927935,False
1130,4° EF,False,Masculino,7,True,True,True,False,Branca,Urbana,Em andamento,False,95.4,7.6,Alto,8721.13,1.3,False,False,False,False,False,Baixo,Bom,Baixa,True,Alta,False,False,Moderado,Regular,Completa,Média,Boa,0.14116485686080948,False
1131,9° EF,False,Masculino,14,False,True,False,False,Parda,Rural,Aprovado,False,94.6,4.3,Médio,3090.41,2.0,False,False,True,False,False,Alto,Ruim,Média,False,Alta,False,False,Alto,Ruim,Completa,Média,Ruim,0.3079960513326753,False
1132,6° EF,False,Masculino,9,False,True,False,False,Branca,Rural,Reprovado,False,95.0,4.9,Baixo,7090.39,1.8,True,False,False,False,False,Alto,Bom,Baixa,False,Alta,False,False,Baixo,Boa,Completa,Alta,Regular,0.4409345179335309,True
1133,2° EF,False,Feminino,8,True,True,True,False,Branca,Urbana,Evadido,False,97.9,8.5,Médio,5293.32,2.5,False,False,False,False,False,Baixo,Bom,Alta,False,Média,False,True,Baixo,Ruim,Parcial,Média,Boa,0.08440276406712734,False
1134,3° EF,False,Feminino,6,True,True,True,True,Amarela,Urbana,Em andamento,False,88.9,7.3,Baixo,3281.36,0.8,False,False,False,False,False,Baixo,Ruim,Média,True,Média,False,False,Moderado,Ruim,Parcial,Alta,Regular,0.1880552813425469,False
1135,9° EF,False,Masculino,13,False,True,True,False,Preta,Rural,Aprovado,False,80.4,6.3,Muito baixo,7333.46,2.0,False,False,True,False,False,Alto,Regular,Baixa,False,Média,False,False,Moderado,Boa,Completa,Alta,Boa,0.27936821322803557,False
1136,1° EF,False,Feminino,9,False,True,False,False,Amarela,Urbana,Aprovado,False,90.5,6.9,Médio,5543.81,2.4,False,False,False,False,False,Médio,Bom,Alta,False,Alta,False,True,Moderado,Regular,Completa,Baixa,Boa,0.19990128331688056,False
1137,2° EM,False,Masculino,11,False,True,True,False,Branca,Rural,Aprovado,False,93.2,2.7,Baixo,6411.19,2.0,False,False,False,False,False,Alto,Regular,Alta,False,Média,False,False,Moderado,Ruim,Parcial,Média,Regular,0.3938795656465943,False
1138,6° EF,False,Masculino,7,False,True,True,False,Amarela,Urbana,Aprovado,False,93.1,9.0,Médio,3714.79,3.3,False,True,True,False,False,Médio,Bom,Média,True,Alta,False,False,Alto,Boa,Completa,Média,Boa,0.0834155972359329,False
1139,6° EF,False,Feminino,11,False,True,True,False,Preta,Rural,Aprovado,False,88.5,5.7,Médio,4977.94,2.8,True,False,False,False,False,Médio,Ruim,Alta,True,Alta,False,True,Moderado,Boa,Insuficiente,Média,Boa,0.4335307666995723,False
1140,8° EF,False,Feminino,14,False,True,True,False,Parda,Rural,Aprovado,False,74.2,7.6,Muito baixo,6063.29,2.0,False,True,False,False,False,Alto,Regular,Alta,False,Média,False,True,Baixo,Boa,Parcial,Alta,Boa,0.2458045409674235,False
1141,1° EM,False,Feminino,7,True,True,True,False,Amarela,Urbana,Aprovado,True,85.1,8.7,Médio,4368.89,2.2,False,False,False,False,False,Médio,Regular,Média,False,Alta,True,False,Moderado,Regular,Completa,Média,Boa,0.30223757815070756,True
1142,5° EF,False,Masculino,6,True,True,True,False,Parda,Urbana,Aprovado,False,97.5,9.1,Muito baixo,2721.58,2.3,False,False,False,False,False,Alto,Ruim,Alta,False,Baixa,False,False,Alto,Boa,Completa,Média,Boa,0.056762092793682155,False
1143,9° EF,False,Feminino,10,False,True,True,False,Branca,Urbana,Aprovado,False,89.8,6.1,Baixo,8809.25,2.4,True,False,False,False,False,Médio,Bom,Baixa,True,Baixa,False,False,Moderado,Ruim,Parcial,Alta,Regular,0.4073708456729188,False
1144,7° EF,False,Masculino,7,False,True,True,False,Não declarada,Urbana,Evadido,False,88.8,8.3,Muito baixo,5218.76,0.2,False,False,False,False,False,Alto,Regular,Alta,False,Baixa,False,True,Alto,Regular,Parcial,Baixa,Regular,0.1391905231984205,True
1145,4° EF,False,Masculino,13,False,True,False,False,Amarela,Urbana,Evadido,True,82.5,8.4,Baixo,6993.0,1.7,False,True,True,False,False,Médio,Bom,Média,False,Alta,False,False,Baixo,Boa,Completa,Alta,Regular,0.3298782494241528,False
1146,2° EM,False,Feminino,13,False,True,True,False,Parda,Urbana,Aprovado,False,85.0,1.9,Médio,4417.83,0.5,False,False,False,False,False,Médio,Bom,Alta,False,Média,False,False,Alto,Ruim,Completa,Alta,Ruim,0.47384007897334657,True
1147,1° EM,False,Feminino,16,False,True,True,False,Branca,Rural,Reprovado,False,96.8,8.0,Médio,3971.86,3.3,False,True,False,False,False,Médio,Bom,Alta,False,Alta,False,False,Baixo,Boa,Insuficiente,Média,Regular,0.11451135241855877,False
1148,8° EF,False,Masculino,14,True,True,True,False,Branca,Urbana,Aprovado,True,91.5,9.6,Alto,4386.86,1.9,False,False,False,True,False,Médio,Bom,Alta,False,Média,False,False,Alto,Boa,Completa,Alta,Boa,0.5552813425468905,True
1149,2° EM,False,Feminino,13,True,True,True,False,Preta,Urbana,Aprovado,False,94.2,5.2,Muito baixo,4403.07,1.8,False,False,False,False,False,Alto,Regular,Alta,False,Baixa,False,False,Alto,Boa,Completa,Média,Boa,0.26554787759131293,False
1150,2° EM,False,Masculino,9,False,True,True,False,Branca,Rural,Aprovado,False,87.0,7.9,Médio,5479.67,2.9,False,False,False,False,False,Médio,Ruim,Média,False,Alta,False,False,Moderado,Regular,Completa,Média,Boa,0.16781836130306022,False
1151,9° EF,False,Outro,16,False,True,True,False,Preta,Urbana,Reprovado,False,90.8,8.3,Médio,5474.01,2.4,False,False,True,False,False,Médio,Ruim,Alta,True,Alta,False,True,Moderado,Regular,Completa,Média,Ruim,0.1293188548864758,False
1152,1° EM,False,Masculino,14,False,True,False,False,Parda,Rural,Aprovado,False,81.9,6.6,Médio,5104.6,0.9,True,True,False,False,False,Alto,Ruim,Baixa,False,Alta,False,False,Alto,Boa,Completa,Média,Regular,0.4216847647252386,True
1153,9° EF,False,Feminino,14,False,False,False,False,Não declarada,Urbana,Aprovado,True,92.4,5.9,Baixo,2214.42,1.9,False,True,False,False,False,Alto,Ruim,Alta,False,Baixa,False,False,Moderado,Boa,Completa,Baixa,Boa,0.4044093451793353,False
1154,9° EF,False,Masculino,12,True,True,True,False,Branca,Urbana,Aprovado,False,86.4,5.7,Baixo,5096.0,1.7,False,False,False,False,False,Médio,Bom,Alta,True,Alta,False,False,Alto,Ruim,Parcial,Alta,Regular,0.27936821322803557,False
1155,8° EF,False,Masculino,19,False,True,True,False,Parda,Urbana,Aprovado,False,86.7,6.6,Baixo,2488.14,0.3,False,False,False,False,False,Médio,Regular,Baixa,True,Alta,False,False,Baixo,Boa,Completa,Baixa,Boa,0.23346495557749264,False
1156,9° EF,False,Feminino,15,True,True,True,False,Parda,Urbana,Reprovado,False,91.2,6.0,Médio,2145.43,1.3,False,False,False,False,False,Alto,Bom,Alta,True,Alta,True,False,Baixo,Boa,Completa,Baixa,Boa,0.24086870681145114,False
1157,2° EF,False,Masculino,11,False,True,True,False,Não declarada,Urbana,Aprovado,False,98.0,7.8,Médio,8578.0,1.8,False,False,False,False,False,Médio,Bom,Baixa,False,Média,False,False,Alto,Ruim,Insuficiente,Alta,Ruim,0.11846001974333666,False
1158,2° EM,False,Masculino,7,False,True,False,False,Preta,Urbana,Aprovado,False,73.9,6.9,Médio,5964.36,1.9,False,True,False,False,False,Médio,Bom,Alta,False,Média,False,True,Moderado,Boa,Insuficiente,Baixa,Boa,0.28183613030602167,True
1159,2° EM,False,Feminino,16,True,True,True,False,Branca,Urbana,Aprovado,False,95.1,8.7,Muito baixo,6399.36,0.5,False,False,True,False,False,Médio,Bom,Baixa,False,Baixa,False,True,Alto,Regular,Completa,Baixa,Boa,0.0883514313919053,False
1160,1° EF,False,Feminino,18,False,True,True,False,Preta,Urbana,Aprovado,True,83.1,7.1,Baixo,4344.03,3.2,False,False,False,False,False,Baixo,Bom,Média,True,Baixa,True,False,Alto,Boa,Completa,Baixa,Boa,0.39108259295821,True
1161,1° EM,False,Feminino,11,False,True,True,False,Parda,Urbana,Reprovado,False,86.8,8.5,Alto,8389.25,1.9,False,False,False,False,False,Médio,Bom,Baixa,False,Alta,False,False,Alto,Regular,Completa,Média,Boa,0.13919052319842057,False
1162,2° EF,False,Feminino,11,False,True,True,False,Parda,Urbana,Reprovado,False,69.1,5.7,Médio,6227.41,2.0,False,False,False,False,False,Alto,Regular,Alta,False,Média,False,False,Moderado,Boa,Insuficiente,Média,Regular,0.36475814412635743,False
1163,4° EF,False,Feminino,14,False,False,True,False,Branca,Urbana,Aprovado,False,83.4,1.0,Baixo,7274.15,2.4,False,True,False,False,False,Médio,Ruim,Média,False,Alta,False,False,Moderado,Ruim,Completa,Alta,Boa,0.5261599210266535,True
1164,9° EF,False,Feminino,14,True,True,False,False,Parda,Urbana,Aprovado,False,88.1,8.2,Médio,4078.98,1.2,True,False,False,False,False,Alto,Bom,Baixa,False,Alta,True,True,Moderado,Ruim,Completa,Média,Ruim,0.3121092464626523,True
1165,2° EF,False,Masculino,11,False,True,True,False,Parda,Urbana,Aprovado,False,73.3,5.1,Médio,8796.26,2.5,False,False,False,False,False,Médio,Bom,Alta,False,Alta,False,False,Alto,Regular,Completa,Baixa,Ruim,0.3736426456071077,False
1166,1° EM,False,Masculino,8,True,True,True,False,Branca,Urbana,Aprovado,True,87.8,3.6,Alto,7683.24,1.6,True,False,False,False,False,Médio,Regular,Alta,True,Alta,False,True,Moderado,Regular,Completa,Alta,Regular,0.7051661730832511,True
1167,1° EM,False,Feminino,8,False,True,True,False,Parda,Urbana,Aprovado,False,97.7,6.0,Muito baixo,7950.32,1.1,False,False,False,False,False,Alto,Bom,Alta,False,Baixa,False,True,Moderado,Ruim,Completa,Alta,Boa,0.20878578479763082,True
1168,7° EF,False,Masculino,17,False,True,True,False,Branca,Urbana,Aprovado,False,76.5,6.5,Baixo,2512.79,2.6,False,False,False,False,False,Médio,Bom,Alta,False,Alta,False,False,Alto,Regular,Completa,Baixa,Boa,0.28874629812438307,True
1169,1° EF,False,Feminino,13,False,True,True,False,Parda,Urbana,Aprovado,False,93.7,0.9,Baixo,3300.55,3.5,False,False,False,False,False,Baixo,Regular,Média,True,Baixa,False,False,Alto,Boa,Completa,Alta,Boa,0.48025666337611056,False
1170,4° EF,False,Feminino,18,False,True,False,False,Branca,Rural,Reprovado,False,86.0,5.6,Baixo,3417.5,2.7,False,False,False,False,False,Alto,Bom,Média,True,Alta,False,False,Alto,Regular,Completa,Média,Boa,0.2862783810463969,False
1171,8° EF,False,Masculino,10,False,False,False,False,Branca,Urbana,Aprovado,False,91.3,6.3,Muito baixo,3300.12,2.9,False,False,False,False,False,Baixo,Regular,Média,False,Alta,False,False,Moderado,Ruim,Completa,Baixa,Boa,0.22556762092793686,False
1172,3° EM,False,Masculino,14,False,True,True,False,Parda,Urbana,Aprovado,False,82.2,9.5,Muito baixo,7961.96,1.5,False,False,False,False,False,Baixo,Bom,Alta,False,Alta,False,False,Alto,Boa,Completa,Média,Boa,0.1125370187561698,True
1173,8° EF,False,Feminino,14,False,True,True,False,Preta,Urbana,Aprovado,False,78.9,5.1,Médio,1393.71,0.4,False,False,False,False,False,Médio,Bom,Alta,False,Alta,False,False,Alto,Ruim,Insuficiente,Média,Boa,0.3460019743336624,False
1174,4° EF,False,Feminino,16,False,False,True,False,Branca,Urbana,Reprovado,True,79.0,7.0,Médio,1746.36,3.5,False,False,False,False,False,Baixo,Regular,Alta,True,Média,False,False,Alto,Boa,Parcial,Baixa,Ruim,0.416255347153669,False
1175,8° EF,True,Masculino,18,True,True,True,False,Branca,Urbana,Evadido,False,60.2,6.4,Baixo,936.3,5.1,False,True,True,False,False,Médio,Ruim,Média,True,Média,False,True,Alto,Ruim,Completa,Alta,Ruim,0.3741362290227049,True
1176,7° EF,False,Masculino,11,False,True,False,False,Parda,Rural,Aprovado,False,79.9,2.6,Alto,2733.55,3.5,False,True,True,False,False,Médio,Regular,Média,True,Alta,False,False,Baixo,Regular,Parcial,Alta,Boa,0.46446199407699906,True
1177,1° EM,False,Feminino,6,False,True,True,False,Parda,Urbana,Reprovado,False,91.5,2.8,Médio,2988.67,1.7,False,False,False,False,False,Médio,Regular,Média,False,Média,False,True,Alto,Boa,Completa,Alta,Regular,0.39733464955577497,False
1178,2° EF,False,Feminino,11,True,True,True,False,Parda,Urbana,Em andamento,False,96.5,9.9,Médio,7503.64,0.8,False,False,False,False,False,Baixo,Bom,Alta,False,Baixa,False,False,Alto,Boa,Completa,Alta,Regular,0.022211253701875603,False
1179,1° EM,False,Masculino,9,False,True,True,False,Preta,Rural,Evadido,False,94.8,5.9,Alto,5630.79,0.9,False,False,False,False,False,Médio,Bom,Alta,False,Média,False,False,Baixo,Ruim,Completa,Média,Regular,0.22803553800592305,False
1180,7° EF,False,Feminino,11,True,False,True,False,Parda,Urbana,Aprovado,False,91.9,9.0,Baixo,1185.43,0.3,True,False,False,False,False,Alto,Regular,Alta,True,Alta,False,False,Moderado,Regular,Completa,Média,Regular,0.25386640342217837,False
1181,3° EM,False,Feminino,7,False,False,True,False,Amarela,Urbana,Aprovado,False,76.8,2.3,Baixo,4563.59,1.9,False,False,False,False,False,Alto,Regular,Alta,False,Alta,False,True,Moderado,Boa,Completa,Alta,Boa,0.49457058242843044,True
1182,5° EF,False,Feminino,15,False,True,True,False,Amarela,Urbana,Aprovado,False,83.0,5.9,Médio,4392.61,3.6,False,False,False,False,False,Médio,Regular,Média,True,Baixa,False,False,Alto,Boa,Parcial,Baixa,Ruim,0.28627838104639686,True
1183,8° EF,False,Masculino,13,False,True,True,False,Parda,Urbana,Aprovado,False,83.6,6.2,Baixo,2048.2,1.9,False,False,False,False,False,Baixo,Bom,Baixa,False,Média,False,False,Baixo,Boa,Parcial,Alta,Boa,0.2685093780848964,False
1184,3° EM,False,Masculino,7,False,True,True,False,Parda,Urbana,Aprovado,False,81.9,5.3,Baixo,6532.17,2.3,False,False,False,False,True,Médio,Bom,Alta,True,Média,False,False,Alto,Regular,Completa,Alta,Regular,0.32132280355380066,True
1185,2° EF,False,Masculino,7,False,True,True,False,Parda,Urbana,Aprovado,False,88.3,6.7,Baixo,6739.19,3.4,True,False,True,False,False,Alto,Ruim,Alta,False,Alta,False,False,Baixo,Boa,Parcial,Alta,Boa,0.38515959197104316,False
1186,3° EM,True,Feminino,18,True,True,False,False,Não declarada,Urbana,Evadido,False,75.8,5.7,Baixo,2464.16,2.6,False,False,True,False,False,Alto,Ruim,Alta,True,Média,False,True,Alto,Regular,Completa,Média,Ruim,0.3316880552813426,False
1187,9° EF,False,Masculino,16,False,True,True,False,Branca,Urbana,Aprovado,False,84.8,9.7,Médio,6949.54,4.0,False,False,False,False,False,Médio,Bom,Alta,False,Alta,False,False,Alto,Regular,Completa,Alta,Ruim,0.08983218163869701,False
1188,1° EF,False,Feminino,9,False,True,False,False,Parda,Urbana,Aprovado,False,84.7,5.1,Baixo,1139.82,4.0,False,False,False,False,False,Médio,Regular,Alta,True,Alta,False,False,Alto,Regular,Insuficiente,Alta,Ruim,0.3173741362290228,True
1189,4° EF,False,Feminino,13,False,True,True,False,Parda,Urbana,Aprovado,False,95.2,9.5,Médio,8747.68,1.9,False,False,False,False,False,Alto,Ruim,Alta,False,Baixa,False,False,Moderado,Boa,Completa,Média,Boa,0.04837117472852911,False
1190,9° EF,False,Masculino,16,True,True,True,False,Parda,Urbana,Evadido,False,94.2,9.7,Baixo,7633.37,1.4,True,False,False,False,False,Alto,Regular,Alta,True,Baixa,False,False,Alto,Regular,Parcial,Média,Boa,0.20796314577163547,False
1191,1° EF,False,Masculino,12,False,True,True,False,Parda,Urbana,Aprovado,False,83.5,8.6,Médio,8349.38,2.7,False,False,False,False,False,Baixo,Ruim,Alta,False,Média,False,False,Alto,Boa,Completa,Média,Boa,0.15054294175715702,False
1192,7° EF,False,Feminino,10,False,True,False,False,Parda,Urbana,Aprovado,False,97.3,1.2,Muito alto,1264.17,1.7,False,False,True,False,False,Alto,Regular,Alta,True,Baixa,False,False,Moderado,Boa,Completa,Alta,Boa,0.4476801579466931,False
1193,5° EF,False,Feminino,10,False,True,True,False,Parda,Urbana,Aprovado,False,98.5,6.3,Médio,8587.67,0.8,False,False,False,False,False,Médio,Regular,Média,False,Baixa,False,False,Moderado,Regular,Completa,Média,Ruim,0.19002961500493587,False
1194,8° EF,False,Feminino,13,False,True,True,False,Branca,Urbana,Aprovado,False,84.0,9.2,Baixo,7598.11,3.3,False,False,False,False,False,Alto,Bom,Média,True,Baixa,False,False,Alto,Ruim,Parcial,Baixa,Regular,0.11846001974333668,True
1195,1° EF,False,Masculino,12,True,True,False,False,Branca,Urbana,Reprovado,False,84.7,6.1,Médio,7816.89,3.2,False,True,False,False,False,Médio,Bom,Baixa,False,Alta,False,False,Alto,Boa,Completa,Média,Ruim,0.26801579466929915,False
1196,2° EM,False,Masculino,19,True,True,True,False,Parda,Urbana,Aprovado,False,88.1,2.1,Baixo,1883.44,2.2,False,False,False,False,False,Baixo,Bom,Alta,False,Média,False,False,Moderado,Boa,Completa,Média,Boa,0.4486673247778875,False
1197,3° EM,False,Masculino,10,False,True,True,False,Não declarada,Urbana,Aprovado,False,98.1,9.1,Médio,7031.75,0.7,False,False,False,False,False,Médio,Bom,Média,True,Média,False,False,Alto,Ruim,Completa,Alta,Regular,0.05380059230009877,False
1198,3° EM,False,Feminino,9,True,True,False,False,Branca,Urbana,Aprovado,False,96.4,7.8,Médio,8795.5,0.8,True,False,False,False,False,Alto,Regular,Alta,False,Baixa,False,False,Alto,Boa,Parcial,Baixa,Boa,0.2908851595919711,False
1199,9° EF,False,Outro,16,False,True,True,False,Parda,Urbana,Aprovado,False,76.4,5.7,Médio,6551.36,2.1,False,False,False,False,False,Médio,Bom,Baixa,False,Alta,False,False,Baixo,Boa,Completa,Média,Regular,0.32872655478775914,False
1200,2° EF,False,Feminino,13,False,True,True,False,Parda,Rural,Aprovado,True,85.6,6.7,Alto,5690.08,1.5,False,False,False,False,False,Baixo,Regular,Média,False,Média,False,False,Alto,Regular,Insuficiente,Média,Boa,0.39848634419216855,False
1201,1° EM,False,Feminino,15,False,True,True,False,Parda,Urbana,Aprovado,False,89.1,9.6,Baixo,8681.55,1.7,False,False,False,False,False,Baixo,Bom,Média,True,Média,False,False,Baixo,Boa,Completa,Baixa,Boa,0.0735439289239882,False
1202,1° EF,False,Feminino,10,False,True,False,False,Parda,Urbana,Aprovado,False,88.1,6.7,Baixo,4672.18,3.0,False,False,False,False,False,Alto,Regular,Baixa,False,Baixa,False,False,Moderado,Boa,Completa,Média,Ruim,0.221618953603159,True
1203,1° EF,False,Masculino,15,False,True,False,False,Parda,Urbana,Aprovado,False,80.2,4.4,Médio,5919.25,2.7,False,False,False,False,False,Médio,Ruim,Média,False,Média,False,False,Baixo,Boa,Parcial,Média,Ruim,0.3741362290227049,True
1204,4° EF,False,Masculino,12,False,True,True,False,Branca,Rural,Aprovado,False,95.9,5.6,Muito baixo,4938.58,3.4,True,False,False,False,False,Alto,Bom,Alta,False,Alta,False,False,Moderado,Boa,Completa,Média,Ruim,0.4019414281013492,True
1205,6° EF,False,Masculino,8,True,True,True,False,Preta,Urbana,Aprovado,False,91.8,6.9,Muito baixo,8579.59,1.0,False,True,False,False,False,Médio,Bom,Alta,True,Média,False,False,Moderado,Boa,Parcial,Média,Regular,0.19348469891411652,False
1206,1° EM,False,Feminino,14,False,True,False,False,Parda,Urbana,Aprovado,True,95.4,1.8,Baixo,1746.24,1.7,False,False,False,False,False,Baixo,Bom,Média,False,Média,True,False,Alto,Regular,Insuficiente,Média,Regular,0.5919710431062851,True
1207,9° EF,False,Feminino,6,False,True,True,False,Parda,Urbana,Evadido,False,95.9,8.2,Alto,5136.23,2.8,False,False,False,False,False,Baixo,Regular,Baixa,True,Média,False,False,Moderado,Ruim,Insuficiente,Média,Ruim,0.10908193484698915,False
1208,6° EF,False,Masculino,18,True,True,True,False,Parda,Urbana,Aprovado,False,93.3,2.1,Alto,6618.4,2.4,True,False,False,True,False,Alto,Ruim,Alta,False,Alta,False,True,Alto,Regular,Parcial,Alta,Ruim,0.9165844027640672,True
1209,4° EF,False,Feminino,12,False,True,True,False,Parda,Rural,Aprovado,False,86.7,6.8,Alto,7455.49,3.5,False,False,False,False,False,Médio,Ruim,Alta,False,Alta,False,False,Alto,Regular,Completa,Média,Ruim,0.2235932872655479,False
1210,3° EM,False,Feminino,11,False,True,True,False,Parda,Urbana,Aprovado,False,90.3,8.5,Baixo,5789.44,2.4,False,False,False,False,False,Médio,Ruim,Média,False,Média,False,False,Alto,Ruim,Completa,Alta,Boa,0.1219151036525173,False
1211,6° EF,False,Feminino,13,False,False,True,False,Branca,Urbana,Reprovado,False,79.0,8.4,Médio,8388.75,3.8,False,False,False,False,False,Alto,Ruim,Baixa,False,Alta,False,False,Alto,Regular,Parcial,Média,Boa,0.1826258637709773,False
1212,6° EF,False,Masculino,11,False,True,False,False,Parda,Rural,Aprovado,False,91.7,1.3,Baixo,8652.54,2.5,False,False,False,False,False,Médio,Ruim,Alta,False,Média,False,True,Baixo,Regular,Parcial,Média,Regular,0.4703849950641658,True
1213,3° EF,False,Masculino,12,True,True,False,False,Branca,Rural,Evadido,False,79.7,5.3,Médio,1652.4,3.1,False,False,True,False,False,Médio,Bom,Média,True,Alta,True,False,Moderado,Regular,Completa,Alta,Boa,0.33218163869693984,True
1214,1° EM,False,Feminino,16,False,True,False,False,Branca,Urbana,Aprovado,False,92.1,9.3,Alto,4348.63,1.7,True,False,True,False,False,Médio,Ruim,Alta,False,Baixa,False,False,Moderado,Regular,Completa,Baixa,Regular,0.23807173412306684,False
1215,9° EF,False,Masculino,7,False,True,True,True,Branca,Rural,Aprovado,False,81.3,6.2,Alto,1326.5,2.0,False,False,True,False,False,Alto,Bom,Alta,False,Alta,False,False,Alto,Ruim,Completa,Média,Regular,0.2798617966436328,True
1216,3° EF,False,Outro,19,True,True,True,False,Parda,Urbana,Aprovado,False,77.1,9.8,Alto,3766.76,2.9,False,False,False,False,False,Médio,Regular,Baixa,False,Alta,False,False,Moderado,Regular,Parcial,Alta,Boa,0.12290227048371175,False
1217,2° EF,False,Feminino,6,False,True,True,False,Indígena,Urbana,Aprovado,False,79.2,8.5,Baixo,5421.35,3.6,False,False,False,False,False,Médio,Bom,Alta,False,Média,False,False,Moderado,Regular,Completa,Baixa,Regular,0.17670286278381048,False
1218,9° EF,False,Masculino,7,False,True,False,False,Branca,Urbana,Em andamento,False,60.7,8.7,Alto,8403.72,2.7,False,False,False,False,False,Baixo,Regular,Alta,True,Média,False,False,Baixo,Boa,Completa,Média,Regular,0.2581441263573544,False
1219,8° EF,False,Masculino,16,False,True,True,False,Parda,Urbana,Aprovado,False,92.7,7.3,Médio,7891.35,1.9,False,False,False,False,False,Alto,Regular,Média,False,Alta,False,True,Alto,Regular,Parcial,Alta,Boa,0.16929911154985194,True
1220,4° EF,False,Masculino,15,False,True,True,False,Parda,Urbana,Aprovado,False,93.0,2.6,Muito alto,2156.31,3.4,False,False,False,False,False,Médio,Regular,Baixa,False,Alta,True,False,Alto,Regular,Parcial,Baixa,Ruim,0.3998025666337612,False
1221,3° EM,False,Masculino,10,False,True,False,False,Parda,Urbana,Aprovado,False,88.3,5.0,Baixo,1881.39,0.2,False,False,False,False,False,Baixo,Bom,Alta,False,Média,True,False,Baixo,Boa,Completa,Alta,Boa,0.3045409674234946,False
1222,2° EF,False,Masculino,11,False,True,True,False,Preta,Urbana,Aprovado,False,79.0,7.1,Baixo,5839.28,0.6,True,False,False,False,False,Médio,Bom,Média,False,Baixa,False,False,Alto,Ruim,Completa,Alta,Boa,0.4113195129976967,True
1223,6° EF,False,Feminino,14,False,True,False,False,Parda,Urbana,Aprovado,False,75.3,8.6,Muito alto,5383.47,2.7,False,False,False,False,False,Médio,Bom,Alta,True,Alta,False,True,Alto,Regular,Completa,Baixa,Boa,0.19101678183613036,False
1224,3° EM,False,Feminino,6,False,True,True,False,Não declarada,Urbana,Aprovado,False,68.6,8.5,Alto,3263.97,2.0,False,False,False,False,False,Alto,Bom,Média,False,Alta,False,False,Moderado,Regular,Completa,Média,Regular,0.22902270483711754,False
1225,6° EF,False,Masculino,16,False,True,True,False,Parda,Urbana,Aprovado,False,79.2,2.8,Médio,8313.26,2.6,False,False,False,False,False,Médio,Bom,Alta,False,Baixa,False,False,Alto,Regular,Completa,Baixa,Boa,0.458045409674235,False
1226,8° EF,False,Masculino,17,False,True,True,False,Parda,Urbana,Aprovado,False,96.7,10.0,Alto,8535.89,2.1,False,False,False,False,False,Baixo,Ruim,Média,True,Média,False,True,Alto,Boa,Completa,Média,Ruim,0.016288252714708774,False
1227,5° EF,False,Feminino,18,True,True,True,False,Preta,Urbana,Reprovado,False,81.7,5.6,Médio,4350.55,2.6,False,False,False,False,False,Alto,Bom,Média,True,Alta,False,True,Alto,Regular,Completa,Alta,Regular,0.3075024679170781,False
1228,4° EF,False,Feminino,13,True,True,True,True,Amarela,Rural,Em andamento,False,84.7,7.6,Baixo,8240.28,1.2,False,False,False,False,False,Médio,Bom,Baixa,False,Média,False,False,Alto,Boa,Completa,Média,Regular,0.19397828232971376,False
1229,3° EM,False,Feminino,6,False,True,True,True,Branca,Urbana,Aprovado,False,76.5,8.2,Médio,4201.7,2.6,False,False,False,False,False,Médio,Bom,Média,True,Alta,False,False,Alto,Boa,Completa,Alta,Boa,0.20483711747285296,False
1230,5° EF,False,Masculino,7,False,True,False,False,Preta,Urbana,Aprovado,False,81.1,1.7,Médio,7016.1,3.0,False,False,False,False,False,Alto,Bom,Alta,True,Média,False,False,Moderado,Regular,Parcial,Média,Boa,0.5029615004935836,False
1231,2° EM,False,Feminino,7,False,True,True,False,Parda,Urbana,Aprovado,False,88.4,6.4,Muito alto,4935.42,3.2,True,False,False,False,False,Alto,Bom,Média,False,Média,False,True,Moderado,Ruim,Completa,Média,Ruim,0.399473511023363,False
1232,3° EF,False,Feminino,12,False,False,True,False,Branca,Urbana,Aprovado,False,90.3,7.8,Baixo,2117.1,4.0,True,False,False,False,False,Baixo,Bom,Baixa,True,Alta,False,False,Baixo,Boa,Completa,Alta,Boa,0.3209937479434025,False
1233,3° EF,False,Masculino,10,False,True,False,False,Parda,Urbana,Reprovado,False,81.8,7.2,Médio,8540.42,2.2,False,False,False,False,False,Alto,Bom,Alta,True,Média,False,False,Moderado,Boa,Parcial,Média,Boa,0.22803553800592305,False
1234,1° EF,False,Masculino,12,False,True,True,False,Preta,Urbana,Aprovado,False,73.4,5.1,Baixo,4761.18,2.3,False,False,False,False,False,Médio,Regular,Média,True,Alta,False,False,Moderado,Boa,Parcial,Baixa,Boa,0.37314906219151045,True
1235,8° EF,False,Masculino,8,False,True,True,False,Branca,Urbana,Aprovado,False,85.6,9.3,Médio,6997.52,0.5,False,False,False,False,False,Médio,Bom,Alta,False,Alta,False,False,Moderado,Boa,Parcial,Baixa,Boa,0.10562685093780848,False
1236,5° EF,False,Outro,14,True,True,True,False,Parda,Urbana,Aprovado,False,81.5,9.5,Baixo,4067.9,1.5,True,False,False,False,False,Baixo,Regular,Alta,False,Alta,False,False,Moderado,Boa,Completa,Alta,Ruim,0.28051990786442915,False
1237,2° EM,False,Feminino,9,False,True,True,False,Branca,Urbana,Aprovado,False,81.0,9.9,Alto,1289.99,1.8,True,False,False,False,False,Alto,Bom,Baixa,True,Média,False,False,Moderado,Boa,Completa,Alta,Regular,0.2632444883185258,True
1238,6° EF,False,Feminino,12,False,True,True,False,Parda,Urbana,Aprovado,False,98.7,9.8,Médio,1941.21,3.1,False,False,False,False,False,Alto,Regular,Média,False,Baixa,False,False,Moderado,Regular,Completa,Baixa,Boa,0.01628825271470874,False
1239,3° EM,False,Masculino,18,True,True,False,False,Branca,Urbana,Aprovado,False,90.5,5.2,Médio,5097.15,1.4,True,False,False,False,False,Médio,Ruim,Alta,False,Alta,False,True,Baixo,Regular,Completa,Alta,Ruim,0.4483382691674893,False
1240,3° EF,False,Feminino,9,False,True,True,False,Parda,Urbana,Aprovado,True,89.2,5.3,Alto,6642.42,2.8,False,False,False,False,False,Baixo,Bom,Alta,True,Média,False,False,Moderado,Regular,Completa,Média,Boa,0.44981901941428104,True
1241,2° EM,False,Feminino,18,False,True,False,False,Branca,Urbana,Aprovado,False,86.1,8.4,Muito baixo,3809.18,2.0,False,False,False,False,False,Alto,Bom,Alta,False,Alta,False,False,Moderado,Ruim,Completa,Alta,Boa,0.1475814412635736,False
1242,1° EM,False,Masculino,10,False,True,False,False,Branca,Rural,Evadido,False,86.4,7.0,Médio,6686.48,1.8,False,False,False,False,False,Alto,Regular,Alta,False,Alta,False,False,Baixo,Regular,Parcial,Baixa,Ruim,0.21520236920039484,False
1243,1° EM,False,Masculino,19,True,True,True,False,Não declarada,Urbana,Aprovado,False,88.9,2.5,Baixo,6711.58,2.2,False,False,False,False,False,Alto,Regular,Alta,False,Baixa,True,False,Alto,Regular,Parcial,Média,Regular,0.4249753208292202,True
1244,1° EM,False,Feminino,9,True,True,True,False,Parda,Urbana,Aprovado,False,92.2,8.2,Muito baixo,6753.85,1.6,False,False,False,False,False,Médio,Bom,Alta,True,Alta,True,True,Alto,Ruim,Insuficiente,Média,Regular,0.1273445212240869,False
1245,1° EM,False,Feminino,6,True,True,True,False,Parda,Urbana,Aprovado,False,92.3,6.4,Médio,5067.66,1.6,False,False,False,True,False,Baixo,Bom,Alta,False,Baixa,False,False,Moderado,Boa,Parcial,Alta,Boa,0.5447515630141495,False
1246,8° EF,False,Feminino,6,False,True,True,False,Branca,Urbana,Aprovado,False,79.4,7.9,Baixo,8436.35,0.3,False,False,False,False,False,Alto,Bom,Baixa,False,Baixa,False,False,Moderado,Regular,Parcial,Média,Boa,0.20533070088845012,False
1247,2° EF,False,Feminino,19,False,True,True,True,Branca,Urbana,Reprovado,False,88.0,5.4,Médio,5041.13,1.8,True,False,False,False,False,Alto,Bom,Alta,False,Alta,False,False,Baixo,Boa,Completa,Alta,Boa,0.4508061862454756,False
1248,1° EF,False,Feminino,10,True,True,True,False,Não declarada,Urbana,Aprovado,False,86.1,7.4,Baixo,4730.63,1.5,True,False,False,False,False,Alto,Regular,Alta,False,Alta,False,False,Alto,Boa,Insuficiente,Média,Ruim,0.36146758802237583,False
1249,2° EM,False,Feminino,7,False,True,False,True,Amarela,Urbana,Evadido,False,96.2,5.1,Médio,2729.62,1.5,False,False,False,False,False,Médio,Regular,Média,True,Baixa,False,False,Alto,Boa,Completa,Baixa,Boa,0.2606120434353406,False
1250,8° EF,False,Feminino,9,False,True,False,False,Parda,Urbana,Reprovado,False,90.8,6.6,Baixo,3593.2,2.4,True,False,False,False,False,Médio,Regular,Alta,False,Média,False,False,Moderado,Boa,Parcial,Alta,Boa,0.3777558407370847,False
1251,1° EM,False,Feminino,10,False,True,True,True,Preta,Urbana,Reprovado,False,88.7,5.2,Baixo,1477.05,2.7,False,False,False,False,False,Médio,Bom,Alta,False,Alta,False,False,Alto,Boa,Completa,Média,Ruim,0.2926949654491609,False
1252,6° EF,False,Feminino,12,True,True,True,False,Branca,Urbana,Reprovado,False,77.0,5.0,Alto,6192.35,2.2,True,False,False,True,False,Médio,Ruim,Média,True,Baixa,True,False,Alto,Boa,Completa,Alta,Regular,0.8538993089832183,True
1253,2° EF,False,Outro,6,False,True,False,False,Branca,Rural,Em andamento,False,90.2,4.0,Muito baixo,3121.67,3.0,False,False,False,False,False,Médio,Regular,Média,False,Média,False,True,Moderado,Ruim,Completa,Média,Boa,0.3445212240868707,False
1254,2° EF,False,Masculino,14,False,True,False,False,Parda,Urbana,Aprovado,False,77.1,9.7,Médio,3565.28,2.6,False,False,False,False,False,Baixo,Bom,Baixa,False,Alta,False,False,Moderado,Regular,Insuficiente,Média,Regular,0.12783810463968417,True
1255,9° EF,False,Masculino,16,True,True,True,False,Amarela,Urbana,Aprovado,False,84.3,9.0,Baixo,7287.26,1.7,False,False,False,False,False,Alto,Bom,Média,True,Média,False,False,Moderado,Boa,Insuficiente,Baixa,Ruim,0.12685093780848966,False
1256,6° EF,False,Masculino,10,False,True,True,False,Branca,Urbana,Reprovado,False,78.3,3.9,Médio,3749.25,1.5,False,False,False,False,False,Baixo,Bom,Baixa,False,Média,False,True,Alto,Regular,Completa,Alta,Boa,0.40819348469891414,False
1257,3° EF,False,Masculino,17,False,False,False,False,Parda,Urbana,Em andamento,False,92.1,9.4,Médio,3071.11,2.3,False,False,False,False,False,Baixo,Ruim,Alta,False,Média,True,False,Alto,Boa,Insuficiente,Média,Ruim,0.06860809476801581,False
1258,6° EF,False,Feminino,17,True,False,True,False,Branca,Urbana,Aprovado,False,80.6,5.5,Médio,2487.77,2.6,False,False,False,False,False,Alto,Bom,Alta,False,Alta,True,False,Alto,Boa,Completa,Baixa,Boa,0.3178677196446201,True
1259,1° EF,False,Feminino,8,True,True,False,False,Preta,Rural,Aprovado,False,85.6,9.2,Médio,7319.52,3.4,False,False,False,False,False,Médio,Bom,Alta,False,Média,False,True,Baixo,Boa,Completa,Média,Regular,0.11056268509378094,False
1260,7° EF,False,Masculino,14,False,False,False,False,Parda,Urbana,Aprovado,False,96.9,7.5,Baixo,2173.91,3.2,False,False,False,False,True,Baixo,Bom,Alta,False,Alta,False,False,Moderado,Ruim,Parcial,Baixa,Boa,0.1386969397828233,False
1261,4° EF,False,Feminino,10,False,True,True,False,Parda,Rural,Aprovado,False,80.5,5.4,Baixo,4758.45,1.5,False,False,True,False,False,Baixo,Ruim,Baixa,True,Média,False,False,Alto,Ruim,Parcial,Baixa,Boa,0.3232971372161896,True
1262,1° EM,False,Masculino,9,False,True,True,True,Branca,Urbana,Aprovado,False,88.2,7.6,Muito baixo,5182.57,1.9,False,False,True,False,False,Baixo,Bom,Alta,True,Alta,False,False,Baixo,Regular,Completa,Média,Boa,0.17670286278381048,True
1263,4° EF,False,Feminino,10,False,True,False,True,Parda,Urbana,Em andamento,False,86.2,5.0,Médio,6621.88,2.7,False,False,False,False,False,Médio,Ruim,Média,False,Alta,False,False,Baixo,Ruim,Completa,Média,Boa,0.31490621915103656,False
1264,6° EF,False,Feminino,10,False,True,True,False,Parda,Urbana,Reprovado,False,68.4,4.2,Médio,6190.34,3.1,False,False,False,False,False,Alto,Regular,Alta,False,Alta,False,False,Alto,Regular,Parcial,Baixa,Regular,0.44225074037512346,True
1265,1° EF,False,Feminino,12,False,True,True,False,Branca,Urbana,Reprovado,False,94.3,6.7,Baixo,7605.55,2.9,False,False,False,False,False,Médio,Bom,Alta,True,Alta,False,False,Alto,Boa,Completa,Alta,Boa,0.19101678183613033,False
1266,1° EF,False,Feminino,14,False,True,True,False,Preta,Urbana,Aprovado,False,74.3,9.7,Alto,1496.33,1.9,False,False,False,False,False,Alto,Ruim,Média,False,Alta,False,False,Alto,Regular,Insuficiente,Baixa,Regular,0.14165844027640678,False
1267,5° EF,False,Feminino,11,False,True,True,False,Parda,Urbana,Reprovado,False,87.4,7.0,Alto,3503.75,0.7,False,False,False,True,False,Baixo,Bom,Alta,False,Alta,False,False,Moderado,Boa,Completa,Alta,Ruim,0.5393221454425798,False
1268,6° EF,False,Feminino,8,False,False,False,False,Branca,Urbana,Evadido,False,89.3,1.3,Muito baixo,3373.69,1.0,False,False,False,False,False,Médio,Ruim,Baixa,True,Média,True,False,Baixo,Boa,Completa,Média,Ruim,0.48223099703849953,True
1269,8° EF,False,Feminino,10,False,True,False,False,Parda,Urbana,Aprovado,False,90.7,9.7,Médio,2304.0,2.3,False,True,False,False,False,Médio,Bom,Baixa,False,Alta,False,True,Moderado,Regular,Completa,Alta,Ruim,0.06071076011846006,False
1270,4° EF,False,Feminino,18,True,True,False,False,Branca,Urbana,Aprovado,False,92.0,6.2,Baixo,3445.83,2.3,False,False,False,False,False,Médio,Bom,Alta,False,Média,False,False,Moderado,Boa,Completa,Média,Ruim,0.22704837117472854,False
1271,9° EF,False,Masculino,16,True,True,True,False,Branca,Urbana,Aprovado,False,82.0,4.0,Alto,3610.03,0.9,False,False,False,True,False,Médio,Bom,Baixa,False,Média,False,False,Alto,Boa,Completa,Média,Boa,0.7140506745640014,True
1272,2° EM,False,Masculino,7,True,True,True,False,Parda,Urbana,Aprovado,False,66.1,7.8,Médio,5301.85,2.0,False,False,False,True,False,Médio,Bom,Média,False,Alta,False,False,Baixo,Boa,Completa,Baixa,Boa,0.6049687397170124,True
1273,1° EM,False,Masculino,19,True,True,True,False,Branca,Rural,Aprovado,False,92.8,5.2,Alto,6432.97,2.6,True,False,False,False,False,Alto,Ruim,Alta,False,Alta,False,False,Moderado,Boa,Parcial,Alta,Regular,0.43698585060875295,True
1274,1° EF,False,Masculino,14,False,True,True,False,Branca,Urbana,Aprovado,False,88.8,8.5,Baixo,4178.98,0.8,False,False,True,False,False,Baixo,Regular,Alta,False,Alta,False,False,Alto,Boa,Parcial,Alta,Boa,0.12931885488647585,False
1275,6° EF,False,Feminino,7,True,True,False,False,Branca,Urbana,Aprovado,False,95.3,2.2,Médio,6877.75,3.1,False,False,False,False,False,Alto,Regular,Média,True,Alta,False,True,Baixo,Regular,Insuficiente,Alta,Boa,0.40819348469891414,False
1276,2° EF,False,Feminino,6,False,True,True,True,Parda,Urbana,Reprovado,False,95.0,6.0,Baixo,3820.59,1.6,False,False,True,False,False,Alto,Regular,Alta,True,Alta,False,False,Moderado,Regular,Insuficiente,Baixa,Boa,0.22211253701875622,False
1277,3° EF,False,Masculino,6,False,True,True,False,Parda,Rural,Aprovado,False,95.5,7.0,Médio,3454.64,3.3,False,False,False,False,False,Médio,Regular,Alta,False,Alta,False,False,Alto,Boa,Completa,Média,Boa,0.17028627838104643,False
1278,3° EM,False,Feminino,14,True,True,False,False,Parda,Urbana,Reprovado,False,87.7,9.1,Médio,5455.81,1.5,True,False,False,True,False,Alto,Regular,Alta,False,Alta,False,True,Baixo,Regular,Insuficiente,Média,Regular,0.5987166831194473,True
1279,2° EF,False,Masculino,11,False,True,True,False,Parda,Urbana,Evadido,False,84.2,5.1,Alto,1328.56,1.0,False,False,False,False,False,Médio,Regular,Média,False,Alta,True,False,Baixo,Boa,Completa,Alta,Ruim,0.319842053307009,False
1280,6° EF,False,Masculino,10,False,True,True,False,Não declarada,Rural,Reprovado,False,94.3,9.9,Alto,1775.78,1.5,True,False,False,False,False,Alto,Bom,Média,True,Baixa,True,True,Alto,Boa,Completa,Média,Regular,0.19759789404409348,True
1281,8° EF,False,Masculino,19,False,True,True,False,Parda,Urbana,Aprovado,False,86.9,5.6,Médio,4473.04,1.9,False,False,False,False,False,Médio,Ruim,Baixa,False,Baixa,False,False,Baixo,Boa,Parcial,Média,Regular,0.2818361303060217,True
1282,9° EF,False,Feminino,6,False,True,False,True,Parda,Urbana,Aprovado,False,79.8,2.9,Médio,8659.88,1.6,False,False,False,False,False,Médio,Bom,Alta,True,Alta,False,False,Moderado,Boa,Parcial,Baixa,Boa,0.45014807502467924,False
1283,7° EF,False,Masculino,13,True,True,False,False,Parda,Urbana,Reprovado,False,95.8,1.8,Muito baixo,6894.03,1.8,True,False,False,False,False,Alto,Regular,Alta,True,Alta,True,False,Alto,Boa,Completa,Alta,Regular,0.5899967094438962,True
1284,1° EF,False,Feminino,10,False,True,False,False,Branca,Urbana,Reprovado,False,96.5,8.7,Alto,1842.28,2.3,False,False,False,False,False,Baixo,Ruim,Média,False,Média,False,False,Baixo,Boa,Completa,Média,Boa,0.08144126357354398,False
1285,4° EF,False,Masculino,11,False,True,True,False,Branca,Urbana,Aprovado,False,87.3,5.8,Muito alto,7889.46,1.8,True,False,True,False,False,Alto,Regular,Alta,False,Alta,False,False,Baixo,Boa,Parcial,Média,Ruim,0.4345179335307668,False
1286,7° EF,False,Masculino,16,False,True,True,False,Parda,Urbana,Aprovado,False,74.8,7.0,Médio,6980.08,1.9,False,False,False,False,False,Médio,Bom,Alta,False,Alta,False,False,Alto,Regular,Completa,Média,Regular,0.2724580454096743,False
1287,2° EF,False,Masculino,13,False,True,True,False,Branca,Urbana,Aprovado,True,85.5,4.4,Médio,6012.19,0.3,False,False,False,False,False,Médio,Bom,Alta,False,Baixa,False,False,Alto,Boa,Completa,Baixa,Boa,0.5125041131951301,True
1288,5° EF,False,Feminino,10,False,True,False,False,Parda,Urbana,Aprovado,False,94.6,3.5,Alto,7681.89,2.4,False,False,False,False,False,Baixo,Regular,Baixa,False,Média,False,True,Alto,Regular,Completa,Alta,Boa,0.3474827245804542,False
1289,1° EF,False,Masculino,7,True,True,True,False,Parda,Rural,Aprovado,False,97.0,7.8,Baixo,4362.5,1.9,False,False,True,False,False,Médio,Bom,Média,False,Alta,False,True,Alto,Boa,Parcial,Baixa,Boa,0.123395853899309,False
1290,1° EF,False,Feminino,11,False,True,False,False,Parda,Urbana,Aprovado,True,80.5,6.1,Alto,2906.05,3.6,True,False,False,False,False,Baixo,Bom,Alta,True,Alta,False,False,Moderado,Ruim,Completa,Alta,Ruim,0.6178019085225404,False
1291,5° EF,False,Feminino,12,False,True,True,False,Parda,Urbana,Aprovado,True,74.1,9.8,Baixo,5223.2,1.1,True,True,False,False,False,Alto,Regular,Alta,False,Alta,False,False,Moderado,Boa,Completa,Alta,Regular,0.46676538334978623,True
1292,2° EF,False,Feminino,11,False,True,True,False,Branca,Urbana,Aprovado,False,96.4,7.3,Médio,5516.85,0.2,False,False,False,False,False,Alto,Bom,Alta,True,Baixa,True,False,Moderado,Ruim,Completa,Média,Boa,0.15103652517275418,False
1293,7° EF,False,Masculino,9,True,True,True,False,Parda,Urbana,Evadido,False,85.5,8.2,Médio,5432.98,2.6,False,False,False,True,False,Médio,Bom,Baixa,True,Alta,False,False,Moderado,Regular,Parcial,Média,Ruim,0.48947022046725913,True
1294,9° EF,False,Feminino,7,False,True,True,True,Parda,Urbana,Aprovado,False,88.9,5.1,Baixo,5646.32,2.3,False,False,False,False,False,Baixo,Bom,Alta,False,Alta,False,False,Moderado,Regular,Completa,Média,Ruim,0.29664363277393885,False
1295,1° EM,False,Feminino,13,False,True,False,False,Parda,Rural,Aprovado,False,98.9,4.0,Médio,8706.08,1.0,False,False,False,False,False,Alto,Bom,Alta,False,Média,False,True,Moderado,Regular,Completa,Baixa,Regular,0.30157946692991117,True
1296,3° EF,False,Feminino,12,False,True,True,False,Parda,Urbana,Aprovado,False,74.1,5.6,Médio,8335.53,0.5,True,False,False,False,False,Médio,Regular,Média,False,Baixa,False,False,Alto,Boa,Completa,Alta,Ruim,0.5095426127015467,True
1297,3° EF,False,Masculino,17,False,True,True,False,Amarela,Urbana,Reprovado,True,91.1,6.7,Muito baixo,8123.94,3.5,False,False,False,False,False,Alto,Bom,Média,False,Média,False,False,Moderado,Ruim,Completa,Alta,Boa,0.3713392563343206,False
1298,2° EF,False,Masculino,8,False,True,False,False,Parda,Urbana,Reprovado,False,74.6,7.8,Médio,7531.34,3.4,True,False,False,False,False,Alto,Bom,Alta,False,Baixa,False,False,Baixo,Boa,Completa,Alta,Boa,0.3984863441921686,True
1299,8° EF,False,Masculino,11,True,True,False,False,Preta,Urbana,Aprovado,False,85.2,1.3,Médio,8663.99,0.5,False,False,False,False,False,Alto,Bom,Média,False,Alta,False,False,Alto,Boa,Parcial,Média,Boa,0.5024679170779862,False
1300,9° EF,False,Feminino,10,True,True,True,False,Preta,Urbana,Em andamento,False,94.6,8.7,Alto,1924.97,1.5,False,False,False,False,False,Médio,Bom,Alta,False,Alta,False,False,Moderado,Regular,Insuficiente,Alta,Regular,0.09081934846989147,False
1301,1° EF,False,Masculino,12,False,True,False,False,Branca,Urbana,Aprovado,False,86.5,6.2,Muito alto,3253.97,3.7,True,False,False,False,False,Alto,Bom,Média,False,Baixa,False,False,Moderado,Boa,Completa,Média,Boa,0.41872326423165523,False
1302,3° EM,False,Masculino,10,False,True,True,False,Parda,Rural,Evadido,False,99.9,6.6,Baixo,5087.87,1.5,False,False,False,False,False,Médio,Ruim,Alta,True,Média,False,False,Alto,Boa,Completa,Alta,Boa,0.16831194471865746,True
1303,1° EF,False,Masculino,19,True,True,True,False,Preta,Urbana,Reprovado,False,89.3,5.2,Baixo,7891.19,1.5,False,False,False,False,False,Médio,Ruim,Média,False,Alta,False,False,Moderado,Boa,Insuficiente,Alta,Regular,0.2897334649555775,True
1304,7° EF,False,Feminino,12,True,True,True,False,Preta,Rural,Aprovado,False,83.9,2.7,Médio,5168.5,1.7,False,False,False,False,False,Baixo,Regular,Média,False,Alta,False,True,Moderado,Ruim,Completa,Média,Boa,0.43978282329713725,False
1305,9° EF,False,Feminino,14,True,True,True,False,Branca,Urbana,Aprovado,False,81.0,7.9,Médio,7105.58,0.9,True,False,False,False,False,Alto,Bom,Alta,True,Média,False,True,Alto,Boa,Completa,Alta,Boa,0.361961171437973,False
1306,2° EM,False,Masculino,7,False,True,True,False,Parda,Urbana,Aprovado,False,84.6,9.3,Baixo,2247.72,0.3,False,False,False,False,False,Alto,Ruim,Alta,True,Alta,False,False,Alto,Boa,Completa,Alta,Boa,0.11056268509378084,True
1307,9° EF,False,Masculino,11,True,True,True,False,Parda,Urbana,Aprovado,False,85.1,5.1,Muito baixo,3152.6,3.1,False,False,False,False,False,Alto,Bom,Alta,True,Baixa,False,False,Moderado,Regular,Completa,Alta,Boa,0.31539980256663386,True
1308,1° EM,False,Feminino,14,False,True,False,True,Branca,Urbana,Aprovado,False,74.3,3.6,Médio,6975.9,0.2,False,True,False,False,False,Baixo,Regular,Média,True,Alta,True,False,Moderado,Boa,Completa,Alta,Boa,0.4427443237907207,False
1309,5° EF,False,Feminino,7,False,True,False,False,Parda,Rural,Aprovado,False,85.1,1.9,Médio,2453.29,2.2,False,False,False,False,False,Alto,Bom,Alta,False,Alta,False,False,Baixo,Boa,Parcial,Alta,Boa,0.47334649555774927,True
1310,1° EM,False,Feminino,15,False,True,True,False,Branca,Urbana,Aprovado,False,87.2,6.5,Baixo,3941.74,2.9,False,False,False,True,False,Alto,Bom,Baixa,False,Baixa,False,False,Moderado,Boa,Completa,Alta,Boa,0.5649884830536361,False
1311,2° EF,False,Feminino,19,True,True,True,False,Parda,Urbana,Em andamento,False,92.7,2.0,Médio,3251.92,0.5,False,False,False,False,False,Alto,Regular,Baixa,False,Média,False,False,Baixo,Boa,Completa,Alta,Boa,0.430898321816387,False
1312,2° EM,False,Masculino,19,True,True,True,False,Indígena,Urbana,Aprovado,False,91.3,6.1,Baixo,3929.83,1.1,False,False,True,False,False,Baixo,Bom,Baixa,True,Baixa,False,True,Baixo,Boa,Completa,Alta,Boa,0.23543928923988158,False
1313,7° EF,False,Feminino,15,True,True,True,True,Branca,Urbana,Evadido,False,92.4,7.5,Médio,6788.85,3.2,False,False,False,False,False,Médio,Regular,Alta,True,Alta,False,False,Baixo,Ruim,Parcial,Média,Boa,0.16090819348469892,False
1314,1° EM,False,Masculino,11,False,True,False,False,Parda,Urbana,Aprovado,False,65.4,9.1,Médio,4073.28,2.5,True,False,False,False,False,Médio,Bom,Alta,False,Média,False,False,Alto,Boa,Insuficiente,Alta,Ruim,0.37973017439947354,True
1315,6° EF,False,Masculino,6,False,True,False,False,Não declarada,Urbana,Reprovado,False,81.0,9.1,Muito baixo,5568.07,1.4,False,True,False,False,False,Alto,Bom,Alta,False,Baixa,False,False,Moderado,Boa,Completa,Média,Regular,0.13820335636722608,False
1316,8° EF,False,Feminino,17,True,True,True,False,Parda,Urbana,Aprovado,False,91.4,5.3,Baixo,1936.44,3.2,False,False,False,False,False,Médio,Bom,Alta,False,Média,False,False,Moderado,Regular,Completa,Alta,Regular,0.27443237907206325,False
1317,7° EF,False,Masculino,6,False,True,True,False,Parda,Rural,Aprovado,False,87.7,8.6,Médio,7560.06,3.2,False,False,False,False,False,Baixo,Bom,Alta,False,Alta,False,False,Baixo,Boa,Parcial,Baixa,Regular,0.12981243830207306,False
1318,9° EF,False,Feminino,11,False,True,True,False,Preta,Rural,Reprovado,False,63.9,8.0,Médio,4089.56,2.3,False,False,False,False,False,Alto,Bom,Alta,False,Baixa,False,False,Alto,Ruim,Parcial,Alta,Boa,0.2769002961500494,False
1319,2° EF,False,Feminino,15,False,True,True,False,Branca,Rural,Aprovado,False,94.6,8.8,Alto,6311.98,1.1,False,False,False,False,False,Baixo,Bom,Alta,False,Alta,False,True,Moderado,Boa,Completa,Alta,Ruim,0.08588351431391907,False
1320,1° EF,False,Feminino,19,False,True,False,False,Parda,Urbana,Aprovado,False,93.9,2.2,Médio,6924.96,1.6,False,False,False,False,False,Médio,Bom,Alta,True,Baixa,False,True,Alto,Regular,Parcial,Baixa,Regular,0.41510365251727543,True
1321,3° EF,False,Masculino,6,False,True,True,False,Amarela,Urbana,Aprovado,False,89.0,9.4,Alto,2811.61,2.3,True,False,False,False,False,Médio,Bom,Média,False,Alta,False,True,Baixo,Regular,Completa,Média,Ruim,0.24843698585060878,False
1322,2° EF,False,Feminino,13,True,True,True,False,Parda,Rural,Aprovado,False,74.1,6.8,Médio,8195.39,1.8,False,False,False,False,False,Baixo,Ruim,Média,True,Média,False,False,Alto,Boa,Completa,Alta,Boa,0.28578479763079967,False
1323,2° EM,True,Feminino,18,True,True,True,False,Parda,Urbana,Evadido,False,82.1,2.1,Muito baixo,2106.38,3.9,True,False,True,False,True,Médio,Regular,Baixa,True,Alta,False,False,Alto,Boa,Parcial,Média,Boa,0.6428101349128005,False
1324,3° EF,False,Masculino,9,True,True,True,False,Branca,Urbana,Aprovado,False,89.8,9.7,Muito baixo,4558.83,0.5,False,True,False,False,False,Alto,Bom,Alta,True,Média,False,False,Moderado,Boa,Parcial,Alta,Ruim,0.06515301085883521,False
1325,3° EM,False,Outro,6,False,True,True,False,Parda,Rural,Aprovado,False,94.1,9.6,Baixo,2593.67,0.5,False,True,False,False,False,Baixo,Bom,Média,False,Alta,False,False,Alto,Regular,Parcial,Alta,Boa,0.04886475814412641,False
1326,5° EF,False,Masculino,9,True,False,False,False,Branca,Urbana,Evadido,False,93.4,4.3,Médio,8655.0,2.2,False,False,False,False,False,Médio,Regular,Alta,True,Alta,False,False,Moderado,Regular,Completa,Média,Boa,0.31391905231984213,False
1327,3° EF,False,Masculino,15,False,True,True,False,Parda,Urbana,Em andamento,False,94.6,5.4,Baixo,7161.67,1.5,False,False,False,False,False,Médio,Ruim,Baixa,True,Média,False,False,Alto,Ruim,Parcial,Alta,Boa,0.2537018756169793,False
1328,1° EM,False,Masculino,11,False,True,True,False,Parda,Urbana,Aprovado,False,88.4,5.8,Alto,2798.56,1.4,False,True,False,False,False,Médio,Ruim,Alta,True,Alta,False,False,Baixo,Boa,Parcial,Alta,Regular,0.26456071076011844,True
1329,8° EF,False,Masculino,11,False,True,True,False,Parda,Urbana,Aprovado,False,78.2,5.6,Alto,3832.91,0.2,False,True,False,False,False,Alto,Bom,Média,True,Alta,False,False,Baixo,Boa,Parcial,Alta,Boa,0.3247778874629813,False
1330,6° EF,False,Masculino,11,False,True,False,True,Parda,Urbana,Aprovado,False,91.6,1.5,Alto,7597.2,2.0,False,True,False,False,False,Alto,Bom,Baixa,False,Média,False,False,Moderado,Boa,Completa,Alta,Boa,0.4610069101678185,True
1331,7° EF,False,Masculino,15,False,True,True,False,Parda,Urbana,Em andamento,False,90.6,8.3,Médio,6687.99,1.9,False,False,False,False,False,Médio,Bom,Média,False,Média,False,False,Moderado,Boa,Insuficiente,Média,Ruim,0.1303060217176703,False
1332,9° EF,False,Feminino,10,False,True,True,False,Parda,Urbana,Evadido,False,93.2,6.5,Médio,7247.14,2.7,False,False,True,False,False,Alto,Regular,Baixa,False,Baixa,False,False,Moderado,Boa,Insuficiente,Alta,Boa,0.20631786771964464,False
1333,3° EF,False,Masculino,19,False,True,True,False,Branca,Urbana,Aprovado,False,79.3,9.3,Médio,4658.33,2.1,False,False,False,False,False,Médio,Bom,Alta,True,Alta,False,False,Moderado,Ruim,Parcial,Média,Regular,0.13672260612043435,False
1334,3° EM,False,Feminino,16,False,True,True,False,Parda,Urbana,Aprovado,False,80.2,6.5,Baixo,6853.87,1.9,True,False,False,False,True,Alto,Bom,Alta,True,Baixa,False,False,Alto,Ruim,Parcial,Média,Ruim,0.435011516946364,False
1335,3° EM,False,Feminino,9,True,True,True,False,Parda,Urbana,Aprovado,False,96.7,0.7,Baixo,4222.0,3.2,False,True,False,False,False,Médio,Ruim,Baixa,True,Média,False,False,Moderado,Regular,Completa,Alta,Boa,0.47532082922013835,False
1336,8° EF,False,Masculino,6,True,True,True,False,Parda,Urbana,Aprovado,False,93.3,6.6,Baixo,2824.39,0.7,False,False,False,False,True,Baixo,Bom,Média,False,Alta,False,True,Alto,Boa,Completa,Alta,Boa,0.20088845014807508,True
1337,3° EF,False,Feminino,18,True,True,False,False,Preta,Rural,Reprovado,False,97.2,5.1,Muito alto,6185.51,2.5,False,True,False,False,False,Alto,Bom,Alta,False,Alta,False,False,Baixo,Boa,Parcial,Média,Boa,0.2556762092793683,True
1338,9° EF,False,Masculino,15,False,True,True,False,Parda,Urbana,Aprovado,False,93.5,4.3,Médio,8923.89,0.3,False,True,False,False,False,Alto,Bom,Média,False,Alta,False,False,Moderado,Regular,Parcial,Alta,Boa,0.3134254689042449,False
1339,1° EF,False,Masculino,15,False,False,True,False,Parda,Urbana,Aprovado,False,90.1,7.8,Baixo,3616.69,1.2,False,False,False,False,True,Médio,Bom,Baixa,False,Alta,True,False,Alto,Boa,Insuficiente,Baixa,Regular,0.15745310957551834,False
1340,1° EF,False,Masculino,12,True,False,True,False,Parda,Urbana,Em andamento,False,91.3,8.6,Médio,4816.0,0.8,False,False,False,False,False,Alto,Bom,Média,True,Alta,False,False,Alto,Regular,Completa,Média,Boa,0.11204343534057261,True
1341,4° EF,False,Feminino,6,True,True,True,False,Parda,Urbana,Em andamento,False,96.7,7.7,Médio,6515.1,2.8,True,False,True,False,False,Alto,Regular,Alta,False,Alta,False,True,Moderado,Ruim,Completa,Alta,Boa,0.29434024350115173,True
1342,6° EF,False,Masculino,11,False,True,True,False,Parda,Urbana,Aprovado,False,89.7,7.9,Médio,5458.35,1.9,False,False,False,False,False,Médio,Regular,Alta,False,Baixa,False,False,Moderado,Boa,Completa,Alta,Boa,0.15449160908193485,False
1343,2° EM,False,Feminino,7,False,True,False,False,Preta,Urbana,Aprovado,False,90.8,7.0,Médio,7866.41,2.0,False,False,False,False,False,Médio,Regular,Média,False,Baixa,False,False,Moderado,Boa,Completa,Baixa,Ruim,0.19348469891411654,False
1344,9° EF,False,Masculino,6,False,True,True,False,Parda,Urbana,Aprovado,True,78.8,5.7,Muito baixo,7214.91,0.9,False,False,False,False,False,Baixo,Bom,Alta,True,Média,False,True,Alto,Ruim,Parcial,Baixa,Boa,0.48140835801250415,False
1345,9° EF,False,Masculino,19,False,True,True,False,Branca,Urbana,Reprovado,False,87.4,5.1,Médio,1604.37,1.7,True,False,False,False,False,Médio,Ruim,Alta,False,Alta,False,False,Moderado,Boa,Completa,Alta,Regular,0.46857518920697605,True
1346,6° EF,False,Feminino,16,True,True,True,False,Parda,Urbana,Aprovado,False,92.6,7.7,Baixo,9102.61,1.2,False,False,False,False,False,Alto,Ruim,Média,False,Alta,False,True,Moderado,Regular,Insuficiente,Baixa,Boa,0.15004935834155975,False
1347,5° EF,False,Feminino,13,False,True,True,False,Branca,Urbana,Aprovado,False,82.5,9.4,Muito alto,7140.41,2.4,False,True,False,False,False,Médio,Regular,Alta,False,Média,False,False,Moderado,Boa,Completa,Alta,Ruim,0.11599210266535043,False
1348,5° EF,False,Masculino,9,False,True,True,False,Parda,Urbana,Aprovado,False,80.5,9.2,Médio,8029.72,1.0,False,False,False,False,False,Baixo,Bom,Alta,False,Baixa,True,False,Alto,Regular,Completa,Baixa,Regular,0.13573543928923992,False
1349,3° EM,False,Feminino,6,True,True,True,False,Branca,Urbana,Aprovado,False,83.7,8.1,Médio,6333.22,3.3,False,True,False,False,False,Médio,Bom,Média,False,Alta,False,False,Alto,Regular,Insuficiente,Média,Boa,0.17423494570582432,False
1350,1° EF,False,Outro,11,False,True,True,False,Parda,Rural,Reprovado,False,81.7,7.9,Médio,7968.96,0.3,True,False,False,False,False,Alto,Bom,Média,True,Média,False,False,Baixo,Regular,Insuficiente,Alta,Regular,0.35850608752879237,True
1351,2° EM,False,Masculino,17,True,True,True,False,Branca,Urbana,Reprovado,False,80.9,9.2,Médio,2035.74,1.2,False,False,False,False,False,Médio,Bom,Baixa,False,Alta,False,False,Moderado,Boa,Completa,Baixa,Boa,0.13376110562685098,False
1352,7° EF,False,Feminino,9,False,True,True,False,Parda,Urbana,Evadido,False,86.3,5.6,Médio,3912.89,3.7,False,False,False,False,False,Médio,Bom,Média,False,Média,False,False,Moderado,Boa,Completa,Alta,Regular,0.28479763079960524,True
1353,6° EF,False,Masculino,7,True,True,True,False,Parda,Urbana,Reprovado,False,97.2,6.6,Baixo,8129.56,1.6,False,False,False,False,False,Alto,Regular,Baixa,False,Média,False,False,Alto,Boa,Insuficiente,Alta,Ruim,0.18163869693978285,False
1354,9° EF,False,Masculino,9,False,True,False,False,Branca,Urbana,Evadido,False,88.1,8.6,Alto,2747.76,0.7,False,False,False,False,False,Médio,Bom,Baixa,False,Alta,False,False,Moderado,Regular,Completa,Alta,Ruim,0.12783810463968415,False
1355,6° EF,False,Feminino,17,False,True,False,False,Branca,Urbana,Aprovado,False,80.0,9.7,Médio,1763.44,2.2,False,False,True,True,False,Baixo,Regular,Alta,True,Alta,False,False,Baixo,Boa,Completa,Alta,Boa,0.44257979598552166,False
1356,2° EM,False,Feminino,6,True,True,False,False,Parda,Urbana,Aprovado,False,74.8,1.2,Baixo,7425.28,1.5,True,False,True,False,False,Alto,Bom,Média,True,Alta,False,False,Moderado,Regular,Completa,Alta,Regular,0.7232642316551499,False
1357,2° EM,False,Masculino,7,False,True,True,False,Parda,Rural,Reprovado,False,92.2,9.5,Alto,7803.07,1.2,False,False,False,False,False,Alto,Ruim,Baixa,True,Alta,False,True,Moderado,Boa,Completa,Alta,Ruim,0.0631786771964462,False
1358,6° EF,False,Masculino,7,False,True,True,False,Preta,Urbana,Aprovado,False,85.4,8.2,Alto,2436.68,0.9,False,True,False,False,False,Alto,Regular,Alta,False,Baixa,False,False,Baixo,Regular,Completa,Média,Regular,0.16090819348469892,False
1359,4° EF,False,Feminino,13,False,True,True,False,Branca,Urbana,Aprovado,False,95.0,2.2,Alto,7953.49,4.8,True,False,True,False,False,Alto,Bom,Média,True,Média,False,True,Moderado,Boa,Completa,Alta,Boa,0.5742020401447845,False
1360,8° EF,False,Masculino,7,False,True,True,False,Parda,Urbana,Aprovado,False,91.4,5.6,Médio,6616.92,1.7,False,False,False,False,False,Baixo,Bom,Alta,False,Alta,False,False,Moderado,Ruim,Parcial,Média,Boa,0.2596248766041461,True
1361,2° EM,False,Feminino,11,False,False,True,False,Parda,Urbana,Aprovado,False,94.4,7.2,Muito baixo,5287.48,0.1,False,False,False,False,False,Alto,Bom,Alta,False,Média,False,False,Alto,Regular,Completa,Média,Boa,0.16584402764067127,False
1362,3° EF,False,Feminino,16,False,True,False,False,Branca,Urbana,Aprovado,False,82.6,8.3,Muito alto,7761.31,3.5,True,False,False,False,False,Alto,Bom,Baixa,True,Média,True,False,Moderado,Boa,Completa,Média,Regular,0.33432050016452786,True
1363,8° EF,False,Masculino,8,False,True,True,False,Branca,Urbana,Aprovado,False,92.1,7.3,Alto,4483.25,2.6,False,False,False,False,False,Médio,Bom,Alta,False,Média,False,False,Alto,Boa,Completa,Média,Regular,0.1722606120434354,False
1364,8° EF,False,Masculino,14,False,True,True,True,Indígena,Rural,Aprovado,True,82.4,5.2,Baixo,2686.66,1.2,False,False,False,True,False,Médio,Bom,Alta,True,Baixa,False,True,Baixo,Boa,Parcial,Média,Boa,0.8173741362290228,True
1365,9° EF,False,Feminino,11,False,True,False,False,Parda,Urbana,Evadido,False,98.1,9.4,Médio,3411.33,1.1,False,False,False,False,False,Baixo,Bom,Média,False,Baixa,False,False,Baixo,Regular,Parcial,Baixa,Regular,0.03899308983218165,False
1366,2° EF,False,Masculino,16,True,True,True,False,Parda,Rural,Aprovado,False,90.9,5.4,Muito baixo,5168.49,2.7,False,False,False,False,False,Alto,Ruim,Baixa,False,Alta,True,False,Alto,Boa,Completa,Média,Ruim,0.271964461994077,False
1367,9° EF,False,Feminino,17,True,True,True,False,Parda,Urbana,Aprovado,False,84.0,8.0,Alto,5377.19,1.8,False,True,False,False,False,Médio,Bom,Baixa,False,Alta,False,True,Moderado,Boa,Parcial,Média,Regular,0.17769002961500496,False
1368,2° EM,False,Masculino,9,False,True,True,False,Parda,Urbana,Aprovado,False,82.5,2.8,Baixo,7564.55,0.1,False,False,True,False,False,Alto,Bom,Média,False,Média,False,True,Baixo,Regular,Completa,Média,Ruim,0.4417571569595263,False
1369,3° EF,False,Feminino,6,True,True,True,False,Parda,Rural,Em andamento,False,80.1,7.0,Médio,7451.07,3.8,False,False,False,False,False,Alto,Ruim,Baixa,False,Alta,False,False,Moderado,Regular,Completa,Alta,Regular,0.24629812438302076,False
1370,3° EF,False,Masculino,7,False,True,False,True,Branca,Rural,Aprovado,False,92.1,6.9,Médio,5776.26,1.6,False,False,False,False,False,Baixo,Bom,Alta,False,Média,False,False,Baixo,Ruim,Insuficiente,Média,Boa,0.19200394866732481,False
1371,3° EM,False,Outro,18,True,True,True,False,Amarela,Urbana,Aprovado,False,81.0,0.6,Muito baixo,7366.79,3.5,False,False,False,False,False,Alto,Regular,Baixa,True,Alta,False,True,Baixo,Ruim,Completa,Alta,Boa,0.5577492596248768,False
1372,3° EF,False,Feminino,7,False,True,False,False,Parda,Urbana,Aprovado,False,90.0,9.6,Médio,2668.95,3.3,False,False,False,False,False,Alto,Regular,Alta,True,Alta,False,False,Moderado,Regular,Completa,Baixa,Ruim,0.06910167818361306,False
1373,2° EM,False,Feminino,11,False,True,True,False,Amarela,Rural,Reprovado,False,82.4,7.0,Baixo,1538.7,1.0,False,False,False,False,False,Baixo,Bom,Alta,True,Alta,False,False,Alto,Regular,Completa,Alta,Regular,0.2349457058242843,True
1374,6° EF,False,Masculino,19,True,True,True,False,Parda,Urbana,Aprovado,False,91.4,7.2,Muito baixo,8107.33,3.0,False,False,False,False,False,Alto,Regular,Média,True,Alta,False,False,Alto,Ruim,Completa,Alta,Regular,0.18065153010858834,True
1375,3° EF,False,Feminino,15,False,True,True,False,Branca,Urbana,Aprovado,False,94.8,8.2,Médio,1742.01,1.3,False,False,False,False,False,Baixo,Bom,Alta,False,Alta,False,False,Moderado,Ruim,Completa,Média,Boa,0.1145113524185588,False
1376,2° EM,False,Masculino,8,False,True,True,False,Preta,Urbana,Aprovado,False,94.0,6.1,Alto,3106.94,0.1,True,False,False,False,False,Médio,Bom,Alta,False,Alta,False,False,Alto,Boa,Completa,Média,Ruim,0.38664034221783483,True
1377,6° EF,False,Masculino,11,False,True,False,False,Branca,Rural,Reprovado,True,93.6,5.2,Muito baixo,6685.12,1.6,False,False,False,False,False,Médio,Ruim,Média,False,Baixa,False,True,Baixo,Regular,Completa,Média,Boa,0.43303718328397506,False
1378,7° EF,False,Feminino,13,True,True,False,False,Parda,Urbana,Aprovado,False,80.0,2.2,Baixo,4405.07,2.4,False,False,False,False,False,Médio,Regular,Alta,True,Média,False,False,Alto,Regular,Completa,Alta,Boa,0.48371174728529126,True
1379,5° EF,False,Masculino,8,False,False,True,False,Amarela,Urbana,Evadido,False,75.6,8.7,Baixo,8128.7,1.5,False,False,False,False,False,Médio,Bom,Média,False,Alta,False,True,Alto,Regular,Completa,Média,Regular,0.1846001974333663,True
1380,8° EF,False,Masculino,15,True,True,True,False,Branca,Urbana,Aprovado,False,92.2,7.9,Baixo,3516.03,1.7,False,False,False,False,False,Baixo,Bom,Alta,True,Alta,False,False,Moderado,Boa,Completa,Média,Regular,0.14215202369200394,True
1381,3° EF,False,Feminino,9,False,True,True,False,Parda,Urbana,Aprovado,False,85.0,5.3,Médio,1234.08,3.1,False,False,False,False,False,Alto,Regular,Média,False,Alta,False,True,Baixo,Boa,Parcial,Baixa,Boa,0.30602171767028635,False
1382,5° EF,False,Feminino,13,False,True,False,False,Parda,Urbana,Evadido,True,86.5,1.4,Médio,3537.37,2.1,False,False,False,False,False,Médio,Ruim,Alta,False,Média,False,False,Alto,Boa,Insuficiente,Alta,Boa,0.6556433037183285,True
1383,3° EM,False,Masculino,15,False,True,False,False,Amarela,Urbana,Aprovado,False,70.6,9.7,Médio,5750.01,1.2,False,True,False,False,False,Alto,Bom,Alta,False,Alta,False,False,Moderado,Boa,Completa,Baixa,Ruim,0.15992102665350452,False
1384,4° EF,False,Feminino,7,False,True,False,False,Branca,Urbana,Aprovado,False,82.2,7.7,Médio,4137.81,2.7,False,False,False,False,False,Baixo,Regular,Alta,False,Alta,False,True,Alto,Boa,Completa,Média,Boa,0.20138203356367226,False
1385,8° EF,False,Feminino,7,False,True,False,False,Amarela,Urbana,Aprovado,True,70.9,8.0,Médio,5405.44,2.2,True,False,False,False,False,Alto,Bom,Média,False,Média,False,False,Baixo,Boa,Completa,Baixa,Ruim,0.5714050674564002,True
1386,4° EF,False,Masculino,10,False,True,False,False,Preta,Rural,Aprovado,False,96.4,4.4,Muito baixo,8130.97,0.5,False,False,True,False,False,Baixo,Bom,Alta,False,Alta,False,False,Alto,Boa,Completa,Média,Regular,0.2941757156959526,False
1387,1° EM,False,Feminino,9,False,True,True,False,Indígena,Rural,Aprovado,False,81.8,7.5,Alto,8417.2,2.4,False,True,False,False,False,Alto,Bom,Média,True,Alta,False,False,Moderado,Boa,Completa,Alta,Regular,0.21322803553800596,False
1388,2° EF,False,Masculino,15,True,True,True,False,Branca,Rural,Aprovado,False,89.2,5.6,Baixo,3260.76,2.4,False,False,False,False,False,Baixo,Bom,Média,True,Alta,True,False,Moderado,Regular,Parcial,Baixa,Boa,0.2704837117472853,True
1389,3° EM,False,Feminino,15,False,True,True,False,Amarela,Rural,Aprovado,False,71.6,8.4,Médio,4825.34,2.0,False,True,False,False,False,Alto,Ruim,Baixa,False,Alta,False,False,Alto,Boa,Completa,Alta,Ruim,0.21915103652517282,False
1390,6° EF,False,Masculino,12,False,True,True,False,Branca,Urbana,Aprovado,False,91.5,7.2,Médio,5519.26,2.9,False,False,False,False,False,Médio,Bom,Alta,False,Alta,False,False,Baixo,Boa,Completa,Alta,Regular,0.18015794669299112,False
1391,3° EF,False,Feminino,10,False,True,True,False,Parda,Urbana,Reprovado,False,83.9,6.0,Médio,8709.33,1.3,False,False,False,False,False,Médio,Ruim,Alta,False,Baixa,False,True,Moderado,Boa,Completa,Média,Regular,0.27690029615004935,False
1392,1° EF,False,Masculino,14,True,True,True,False,Branca,Urbana,Aprovado,False,96.9,5.6,Médio,9104.17,2.3,False,False,False,False,False,Médio,Regular,Alta,False,Alta,False,False,Alto,Regular,Parcial,Média,Ruim,0.23247778874629813,False
1393,3° EF,False,Masculino,11,False,True,True,False,Parda,Urbana,Aprovado,False,96.7,9.6,Muito baixo,3016.96,0.4,False,False,False,False,False,Baixo,Ruim,Alta,False,Alta,False,False,Alto,Boa,Completa,Baixa,Ruim,0.036031589338598236,False
1394,7° EF,False,Masculino,7,False,True,True,False,Parda,Urbana,Aprovado,False,84.0,9.4,Baixo,6937.65,2.4,False,True,False,False,False,Baixo,Bom,Alta,False,Alta,False,False,Alto,Boa,Parcial,Média,Regular,0.10858835143139191,False
1395,5° EF,False,Masculino,17,True,True,True,False,Branca,Urbana,Aprovado,False,97.0,8.7,Muito baixo,4154.5,4.0,False,False,False,False,False,Médio,Bom,Média,False,Média,False,False,Alto,Boa,Parcial,Alta,Regular,0.07897334649555779,False
1396,1° EM,False,Masculino,6,False,True,True,False,Parda,Urbana,Aprovado,False,99.9,7.9,Baixo,1204.07,1.0,False,False,True,False,False,Alto,Ruim,Alta,False,Alta,False,False,Moderado,Ruim,Insuficiente,Alta,Boa,0.10414610069101675,False
1397,6° EF,False,Masculino,18,False,True,False,False,Amarela,Rural,Aprovado,False,95.1,5.6,Baixo,1213.2,1.2,False,False,False,True,False,Alto,Ruim,Média,True,Alta,False,False,Alto,Regular,Completa,Média,Boa,0.5704179006252058,True
1398,3° EF,False,Feminino,11,False,True,False,False,Branca,Rural,Reprovado,False,95.6,5.6,Muito baixo,4812.78,1.3,False,True,False,False,False,Alto,Bom,Baixa,False,Alta,False,True,Moderado,Boa,Completa,Média,Boa,0.23889437314906228,False
1399,8° EF,False,Masculino,14,False,False,False,False,Parda,Urbana,Em andamento,False,81.9,7.9,Médio,5034.26,2.1,False,False,False,False,False,Médio,Regular,Baixa,False,Média,False,False,Moderado,Boa,Completa,Alta,Regular,0.19299111549851922,True
1400,9° EF,False,Feminino,19,True,True,True,False,Preta,Urbana,Aprovado,False,89.6,2.6,Alto,1319.41,0.9,False,False,False,False,False,Médio,Bom,Alta,False,Alta,False,False,Alto,Regular,Completa,Média,Boa,0.4165844027640673,False
1401,3° EF,False,Masculino,14,True,True,True,False,Branca,Rural,Aprovado,False,74.2,0.6,Baixo,6618.2,2.4,True,False,False,False,False,Alto,Regular,Baixa,False,Média,False,False,Alto,Ruim,Completa,Média,Ruim,0.7558407370845674,True
1402,3° EF,False,Masculino,6,False,True,True,True,Parda,Rural,Reprovado,False,75.9,5.9,Médio,3484.31,2.8,False,False,False,False,False,Médio,Ruim,Baixa,False,Baixa,False,False,Alto,Regular,Parcial,Baixa,Ruim,0.3213228035538006,False
1403,1° EF,False,Feminino,18,False,True,True,False,Parda,Urbana,Aprovado,False,100.0,6.6,Alto,5605.0,2.5,False,False,False,False,False,Baixo,Regular,Média,True,Alta,False,False,Alto,Regular,Parcial,Alta,Boa,0.16781836130306027,False
1404,9° EF,False,Masculino,13,False,True,False,False,Indígena,Urbana,Em andamento,False,84.0,8.3,Baixo,3539.47,0.2,False,False,False,False,False,Baixo,Bom,Alta,True,Média,False,False,Moderado,Ruim,Completa,Média,Boa,0.16288252714708784,False
1405,8° EF,False,Feminino,19,False,True,True,False,Amarela,Urbana,Evadido,False,93.3,5.6,Médio,2472.43,3.0,True,False,False,False,False,Alto,Bom,Baixa,False,Alta,False,False,Moderado,Boa,Completa,Alta,Regular,0.4147745969068773,False
1406,6° EF,False,Masculino,10,False,True,True,False,Parda,Urbana,Aprovado,False,94.6,7.2,Baixo,4386.94,2.9,False,False,False,False,False,Baixo,Bom,Baixa,False,Média,False,False,Moderado,Regular,Completa,Alta,Boa,0.16485686080947684,False
1407,1° EM,False,Masculino,18,False,True,True,False,Branca,Urbana,Reprovado,False,95.9,4.0,Médio,2991.97,2.8,False,False,False,False,False,Alto,Bom,Baixa,False,Média,False,True,Moderado,Regular,Insuficiente,Baixa,Boa,0.31638696939782823,False
1408,1° EM,False,Feminino,17,False,True,True,False,Branca,Urbana,Aprovado,False,99.9,5.3,Baixo,5404.87,2.4,True,True,False,True,False,Médio,Ruim,Média,True,Alta,False,False,Baixo,Boa,Parcial,Média,Regular,0.7260612043435343,True
1409,7° EF,False,Feminino,9,False,True,True,False,Parda,Urbana,Reprovado,False,81.7,6.9,Baixo,2725.22,2.2,True,False,False,False,False,Alto,Regular,Alta,True,Baixa,False,False,Alto,Boa,Completa,Baixa,Ruim,0.407864429088516,True
1410,2° EM,False,Feminino,8,False,True,True,False,Parda,Rural,Aprovado,False,71.7,9.1,Baixo,5194.34,3.0,True,False,False,False,False,Alto,Bom,Alta,True,Alta,False,False,Baixo,Regular,Parcial,Alta,Regular,0.34863441921684774,False
1411,3° EF,False,Feminino,7,False,True,True,False,Parda,Urbana,Aprovado,False,86.0,6.0,Médio,2394.62,3.9,False,True,False,False,False,Alto,Bom,Média,False,Alta,False,False,Moderado,Boa,Completa,Média,Boa,0.26653504442250747,False
1412,2° EF,False,Masculino,13,False,True,True,False,Branca,Urbana,Evadido,False,77.7,9.9,Baixo,6490.96,1.0,False,False,False,False,False,Médio,Bom,Média,False,Média,False,False,Alto,Ruim,Parcial,Média,Boa,0.11500493583415596,False
1413,4° EF,False,Masculino,10,False,True,True,False,Branca,Urbana,Reprovado,False,69.2,6.6,Médio,7152.66,3.1,False,False,False,False,False,Alto,Bom,Baixa,False,Alta,False,False,Moderado,Boa,Completa,Média,Boa,0.319842053307009,True
1414,1° EF,False,Feminino,15,True,True,True,False,Parda,Urbana,Aprovado,False,84.8,1.1,Muito baixo,2019.88,1.9,False,False,False,False,False,Médio,Bom,Alta,False,Média,False,False,Moderado,Boa,Completa,Média,Regular,0.51431391905232,False
1415,7° EF,False,Feminino,15,False,True,False,False,Branca,Urbana,Aprovado,False,94.1,8.2,Alto,4870.5,1.9,False,True,False,False,False,Médio,Bom,Média,False,Baixa,False,True,Baixo,Boa,Completa,Alta,Boa,0.11796643632773948,False
1416,3° EM,False,Masculino,15,False,True,True,False,Parda,Rural,Reprovado,False,89.4,7.3,Médio,1704.66,0.5,False,False,False,False,False,Médio,Bom,Alta,False,Alta,False,False,Baixo,Ruim,Completa,Média,Boa,0.1855873642645607,True
1417,1° EF,False,Masculino,12,True,True,False,False,Parda,Urbana,Reprovado,False,83.7,6.8,Baixo,5910.38,1.7,False,False,False,False,False,Médio,Regular,Alta,False,Média,False,False,Baixo,Regular,Parcial,Baixa,Boa,0.23840078973346499,False
1418,2° EF,False,Masculino,8,True,True,True,False,Parda,Urbana,Reprovado,False,91.3,7.5,Baixo,3248.24,1.0,False,False,False,False,False,Médio,Bom,Alta,False,Média,False,False,Alto,Regular,Insuficiente,Alta,Ruim,0.16633761105626854,False
1419,6° EF,False,Outro,9,True,True,True,False,Amarela,Urbana,Aprovado,False,81.4,6.2,Baixo,5347.63,1.5,False,False,False,False,False,Alto,Bom,Alta,True,Alta,False,False,Alto,Ruim,Parcial,Alta,Regular,0.27936821322803557,False
1420,3° EM,False,Masculino,14,True,True,True,True,Branca,Rural,Aprovado,False,67.5,4.8,Alto,5266.57,0.9,False,False,False,False,False,Alto,Regular,Baixa,False,Alta,False,False,Moderado,Boa,Completa,Média,Boa,0.41707798617966446,False
1421,4° EF,False,Masculino,7,True,True,True,False,Parda,Urbana,Aprovado,False,93.7,7.5,Médio,8511.87,1.6,False,False,False,False,False,Alto,Regular,Média,False,Alta,False,False,Alto,Boa,Parcial,Baixa,Regular,0.15449160908193485,False
1422,7° EF,False,Masculino,12,False,True,True,False,Parda,Rural,Reprovado,False,90.6,0.4,Baixo,5518.78,1.6,False,False,False,False,False,Médio,Regular,Alta,True,Baixa,True,False,Alto,Boa,Completa,Alta,Boa,0.5202369200394867,False
1423,1° EF,False,Masculino,14,True,True,True,False,Branca,Urbana,Aprovado,False,93.6,7.6,Muito baixo,5789.28,2.1,True,False,False,False,False,Alto,Ruim,Alta,False,Baixa,False,True,Moderado,Regular,Completa,Baixa,Regular,0.31457716354063847,True
1424,2° EF,False,Masculino,16,False,True,True,False,Parda,Urbana,Em andamento,False,71.6,5.9,Alto,4342.91,0.4,False,False,True,False,False,Alto,Bom,Média,True,Alta,False,False,Baixo,Boa,Parcial,Média,Boa,0.3425468904244818,False
1425,3° EM,False,Masculino,6,False,True,False,False,Parda,Urbana,Em andamento,False,95.4,7.2,Muito baixo,8709.07,0.6,False,False,False,False,False,Alto,Bom,Alta,True,Alta,False,False,Moderado,Ruim,Completa,Média,Boa,0.1609081934846989,False
1426,3° EM,False,Feminino,7,False,True,True,False,Parda,Urbana,Evadido,False,90.5,6.9,Alto,7338.08,2.4,False,False,False,False,False,Médio,Bom,Alta,True,Média,False,False,Baixo,Ruim,Completa,Média,Regular,0.19990128331688056,False
1427,1° EF,False,Masculino,7,False,True,True,False,Branca,Rural,Evadido,False,89.3,9.3,Médio,3415.74,1.2,False,False,False,False,True,Alto,Bom,Média,False,Alta,False,False,Alto,Boa,Parcial,Baixa,Regular,0.08736426456071074,False
1428,3° EM,False,Feminino,11,True,True,True,False,Branca,Urbana,Aprovado,False,90.6,1.6,Médio,7872.65,3.1,False,False,False,False,False,Baixo,Ruim,Baixa,False,Baixa,False,False,Alto,Boa,Parcial,Baixa,Regular,0.4610069101678185,True
1429,8° EF,False,Masculino,8,True,True,True,False,Parda,Rural,Aprovado,False,96.0,7.8,Médio,4588.11,2.2,False,False,False,False,False,Médio,Bom,Alta,False,Alta,False,False,Moderado,Ruim,Completa,Média,Boa,0.12833168805528136,False
1430,2° EM,True,Feminino,11,False,True,True,False,Branca,Urbana,Evadido,False,77.1,8.9,Baixo,2832.55,3.6,False,False,False,False,False,Baixo,Regular,Média,True,Alta,False,False,Baixo,Regular,Completa,Alta,Regular,0.167324777887463,False
1431,6° EF,False,Masculino,8,False,True,True,False,Branca,Urbana,Aprovado,False,89.7,4.5,Médio,7702.59,3.4,False,False,False,True,False,Médio,Regular,Alta,False,Média,True,True,Alto,Boa,Insuficiente,Alta,Regular,0.6513655807831525,True
1432,7° EF,False,Feminino,6,True,True,True,False,Branca,Rural,Aprovado,False,99.7,7.2,Médio,2645.79,1.7,False,False,False,False,False,Baixo,Ruim,Alta,False,Alta,False,False,Moderado,Boa,Completa,Alta,Boa,0.13968410661401778,False
1433,6° EF,False,Feminino,6,True,True,True,False,Parda,Urbana,Aprovado,False,93.5,5.6,Baixo,6731.56,1.4,False,False,False,False,False,Alto,Ruim,Alta,False,Alta,False,False,Alto,Boa,Completa,Alta,Boa,0.2492596248766042,True
1434,8° EF,False,Masculino,18,True,True,True,False,Branca,Urbana,Evadido,False,86.7,5.4,Médio,3457.51,2.9,False,False,True,False,False,Alto,Bom,Média,False,Alta,False,True,Baixo,Regular,Completa,Alta,Ruim,0.2926949654491609,False
1435,2° EF,False,Masculino,13,True,False,True,False,Branca,Urbana,Reprovado,False,92.4,9.9,Médio,3512.14,2.5,False,False,False,False,False,Alto,Regular,Baixa,True,Alta,False,False,Alto,Regular,Completa,Alta,Boa,0.042448173741362255,False
1436,1° EF,False,Masculino,16,True,True,True,False,Branca,Urbana,Em andamento,True,85.5,5.2,Baixo,3503.01,1.8,False,False,False,False,False,Alto,Regular,Alta,False,Alta,False,False,Alto,Boa,Insuficiente,Alta,Boa,0.4730174399473511,True
1437,4° EF,False,Feminino,18,False,True,False,False,Parda,Urbana,Aprovado,False,81.3,8.0,Médio,6926.39,3.4,False,False,False,False,False,Alto,Ruim,Média,False,Alta,False,False,Moderado,Boa,Completa,Baixa,Regular,0.19101678183613036,False
1438,9° EF,False,Feminino,13,False,True,True,False,Preta,Urbana,Aprovado,False,90.1,8.3,Baixo,2972.45,1.8,False,False,False,False,False,Médio,Regular,Baixa,False,Alta,False,False,Alto,Boa,Completa,Média,Regular,0.13277393879565647,False
1439,3° EF,False,Masculino,14,True,True,False,False,Parda,Urbana,Aprovado,False,97.8,1.0,Muito alto,1146.62,2.0,False,False,False,False,False,Médio,Bom,Média,False,Média,True,False,Moderado,Regular,Completa,Média,Boa,0.4550839091806516,True
1440,9° EF,False,Feminino,7,True,True,False,False,Parda,Rural,Aprovado,False,97.8,7.8,Médio,6843.99,2.0,False,False,False,False,False,Alto,Bom,Alta,False,Alta,False,False,Baixo,Regular,Parcial,Baixa,Regular,0.11944718657453114,False
1441,3° EM,False,Masculino,17,True,True,True,False,Parda,Urbana,Aprovado,False,84.4,7.6,Médio,2504.74,1.1,False,False,False,False,False,Médio,Bom,Baixa,False,Baixa,False,True,Moderado,Regular,Completa,Alta,Regular,0.19545903257650543,True
1442,2° EF,False,Masculino,7,True,True,False,False,Parda,Rural,Reprovado,False,88.6,5.9,Muito baixo,1972.73,2.1,False,False,False,True,False,Baixo,Bom,Alta,False,Média,False,False,Baixo,Boa,Completa,Alta,Regular,0.5876933201711091,True
1443,9° EF,False,Outro,13,False,True,True,False,Parda,Rural,Em andamento,False,80.8,9.8,Médio,3033.78,3.4,False,False,False,False,False,Baixo,Ruim,Alta,True,Alta,False,False,Moderado,Regular,Parcial,Média,Boa,0.10463968410661402,True
1444,6° EF,False,Masculino,17,False,True,True,False,Branca,Rural,Aprovado,False,99.8,5.7,Alto,4169.41,2.4,False,False,False,False,False,Alto,Ruim,Alta,True,Alta,False,False,Alto,Regular,Completa,Média,Boa,0.21322803553800598,False
1445,2° EM,False,Masculino,12,False,False,True,False,Preta,Urbana,Aprovado,False,99.4,2.5,Baixo,4935.13,2.0,False,False,False,False,False,Alto,Regular,Baixa,False,Média,True,False,Moderado,Ruim,Parcial,Baixa,Boa,0.3731490621915104,True
1446,3° EF,False,Feminino,19,False,True,False,False,Parda,Urbana,Evadido,False,91.2,6.8,Baixo,1494.88,1.8,False,False,False,False,False,Alto,Regular,Média,True,Média,False,False,Moderado,Ruim,Parcial,Alta,Boa,0.2013820335636723,False
1447,9° EF,False,Feminino,17,True,True,True,False,Branca,Urbana,Aprovado,True,94.6,8.2,Médio,8880.5,2.3,False,False,True,False,False,Baixo,Bom,Alta,False,Alta,False,False,Alto,Regular,Completa,Média,Regular,0.28002632444883196,False
1448,1° EM,False,Feminino,14,True,True,True,False,Indígena,Urbana,Aprovado,False,92.6,6.8,Médio,6850.58,2.7,False,False,False,False,False,Baixo,Bom,Alta,False,Média,False,False,Baixo,Regular,Completa,Alta,Boa,0.194471865745311,False
1449,3° EM,False,Feminino,8,False,True,True,False,Branca,Urbana,Aprovado,False,90.0,7.0,Médio,3717.13,2.6,False,False,False,False,False,Alto,Bom,Baixa,False,Média,False,False,Moderado,Regular,Parcial,Alta,Ruim,0.1974333662388944,False
1450,9° EF,False,Masculino,11,False,True,True,False,Parda,Urbana,Aprovado,False,73.0,5.8,Baixo,3681.27,1.7,True,False,False,False,False,Baixo,Bom,Alta,True,Alta,True,False,Alto,Regular,Completa,Baixa,Boa,0.5051003619611716,True
1451,6° EF,False,Feminino,18,True,True,True,False,Parda,Rural,Aprovado,False,87.0,5.4,Muito baixo,4716.89,2.3,False,True,False,False,False,Médio,Bom,Baixa,True,Média,False,True,Alto,Boa,Completa,Baixa,Regular,0.29121421520236923,False
1452,8° EF,False,Masculino,13,False,True,False,False,Parda,Urbana,Aprovado,False,91.7,3.2,Alto,6134.2,2.5,False,False,False,False,False,Médio,Ruim,Alta,False,Alta,False,False,Alto,Boa,Completa,Alta,Boa,0.3766041461006911,False
1453,2° EM,True,Feminino,19,True,True,True,False,Branca,Urbana,Evadido,False,79.5,0.3,Médio,500.33,2.0,True,False,False,False,True,Médio,Bom,Baixa,True,Alta,True,True,Moderado,Ruim,Parcial,Média,Boa,0.744488318525831,True
1454,7° EF,False,Masculino,9,False,True,False,False,Indígena,Rural,Reprovado,False,85.2,6.6,Alto,2646.27,2.2,False,True,False,False,False,Médio,Bom,Alta,False,Alta,False,False,Baixo,Regular,Completa,Média,Boa,0.24086870681145117,True
1455,1° EF,False,Masculino,10,True,True,True,False,Parda,Urbana,Em andamento,False,98.1,8.4,Baixo,7994.08,0.2,False,False,False,False,False,Baixo,Bom,Média,False,Média,False,True,Alto,Boa,Completa,Alta,Ruim,0.08835143139190527,False
1456,3° EM,False,Feminino,18,False,True,True,False,Branca,Rural,Aprovado,False,79.2,7.0,Muito alto,3183.24,2.5,False,False,False,False,False,Alto,Regular,Alta,False,Baixa,False,False,Alto,Ruim,Parcial,Alta,Boa,0.25074037512339586,False
1457,9° EF,False,Feminino,15,False,True,True,False,Preta,Urbana,Em andamento,False,88.0,5.4,Baixo,4171.76,2.7,False,False,False,False,False,Alto,Ruim,Média,False,Média,False,True,Alto,Ruim,Completa,Baixa,Regular,0.28627838104639686,False
1458,9° EF,False,Feminino,9,True,True,True,False,Parda,Urbana,Aprovado,False,92.1,5.3,Baixo,8088.49,2.7,False,False,False,False,False,Alto,Bom,Alta,False,Média,True,False,Alto,Regular,Completa,Alta,Boa,0.27097729516288266,False
1459,3° EF,False,Masculino,7,False,True,True,False,Parda,Rural,Aprovado,False,92.2,6.8,Baixo,6428.53,1.6,False,False,False,False,False,Baixo,Bom,Alta,True,Média,False,True,Moderado,Ruim,Completa,Média,Boa,0.19644619940769992,False
1460,8° EF,False,Masculino,6,False,True,False,False,Amarela,Urbana,Reprovado,False,91.1,8.2,Médio,3864.83,2.3,False,True,False,False,False,Médio,Bom,Baixa,False,Média,False,False,Alto,Regular,Parcial,Alta,Ruim,0.13277393879565655,False
1461,5° EF,False,Masculino,15,False,True,False,False,Branca,Urbana,Aprovado,False,82.7,7.1,Médio,6592.45,3.4,False,False,False,False,False,Médio,Bom,Baixa,False,Baixa,False,False,Baixo,Ruim,Completa,Média,Boa,0.22852912142152026,False
1462,8° EF,False,Masculino,10,False,True,True,False,Parda,Urbana,Aprovado,False,78.8,6.1,Médio,1296.39,3.4,False,False,False,False,False,Médio,Ruim,Média,False,Média,False,False,Moderado,Regular,Parcial,Alta,Boa,0.29713721618953604,False
1463,2° EF,False,Feminino,9,False,True,True,False,Parda,Rural,Aprovado,False,90.9,7.1,Médio,7006.74,2.0,False,False,False,False,False,Alto,Bom,Alta,False,Alta,False,False,Moderado,Ruim,Parcial,Baixa,Boa,0.1880552813425469,False
1464,8° EF,False,Feminino,6,False,True,False,False,Branca,Urbana,Aprovado,True,90.1,6.3,Baixo,5023.74,2.1,False,False,False,False,False,Alto,Ruim,Alta,False,Média,False,False,Moderado,Ruim,Completa,Alta,Boa,0.3960184271141824,False
1465,3° EM,False,Outro,19,False,True,True,False,Parda,Urbana,Aprovado,False,79.7,8.9,Baixo,7625.18,3.1,False,False,False,True,True,Médio,Bom,Alta,True,Baixa,False,False,Alto,Boa,Completa,Baixa,Boa,0.4835472194800922,True
1466,1° EF,False,Masculino,8,True,True,True,False,Branca,Rural,Aprovado,False,92.4,5.2,Baixo,8753.4,0.5,True,False,False,False,False,Alto,Bom,Média,False,Média,False,False,Alto,Regular,Completa,Baixa,Ruim,0.43896018427114186,False
1467,3° EM,False,Feminino,11,True,True,True,False,Parda,Urbana,Aprovado,False,87.0,5.3,Baixo,8523.3,1.7,False,False,False,False,False,Alto,Ruim,Baixa,True,Alta,False,False,Moderado,Boa,Completa,Alta,Boa,0.29615004935834166,True
1468,5° EF,False,Masculino,11,False,False,True,False,Branca,Rural,Evadido,False,91.6,8.4,Baixo,8391.52,3.3,False,False,False,False,False,Baixo,Bom,Alta,True,Média,False,True,Baixo,Ruim,Insuficiente,Alta,Regular,0.12043435340572561,False
1469,2° EM,False,Masculino,18,False,True,True,False,Branca,Rural,Aprovado,False,95.4,6.5,Médio,5224.37,3.0,False,False,False,False,False,Alto,Regular,Alta,False,Média,False,True,Baixo,Boa,Parcial,Alta,Ruim,0.19545903257650543,False
1470,1° EM,False,Masculino,13,True,True,False,False,Parda,Urbana,Aprovado,False,79.3,5.6,Médio,4011.82,2.4,False,False,False,False,False,Médio,Bom,Alta,True,Alta,False,True,Moderado,Boa,Completa,Média,Boa,0.3193484698914117,True
1471,7° EF,False,Masculino,7,False,True,True,False,Parda,Urbana,Aprovado,False,68.6,9.6,Médio,4848.43,0.5,False,False,False,False,False,Médio,Ruim,Baixa,False,Baixa,True,False,Alto,Ruim,Completa,Média,Ruim,0.1747285291214216,False
1472,9° EF,False,Masculino,11,False,True,True,False,Parda,Urbana,Reprovado,False,94.0,7.1,Baixo,6641.87,2.0,False,False,False,False,False,Alto,Ruim,Alta,False,Baixa,True,True,Baixo,Regular,Completa,Alta,Regular,0.17275419545903262,True
1473,2° EM,False,Feminino,7,False,True,True,False,Branca,Rural,Evadido,False,90.3,9.3,Baixo,8189.99,1.4,False,False,False,False,False,Alto,Bom,Alta,False,Alta,False,False,Alto,Boa,Parcial,Baixa,Boa,0.08242843040473839,False
1474,5° EF,False,Feminino,15,False,True,True,False,Branca,Rural,Aprovado,False,92.2,1.1,Médio,2790.28,2.3,False,False,True,False,False,Baixo,Regular,Baixa,False,Média,False,False,Alto,Regular,Completa,Baixa,Boa,0.47778874629812446,True
1475,4° EF,False,Feminino,8,True,True,False,False,Branca,Rural,Aprovado,False,95.4,7.1,Muito baixo,8462.72,1.2,False,True,False,False,False,Médio,Ruim,Alta,False,Baixa,True,False,Alto,Regular,Completa,Média,Boa,0.16584402764067127,False
1476,8° EF,False,Feminino,13,True,True,False,False,Branca,Urbana,Aprovado,False,94.5,8.4,Alto,7641.11,1.0,False,False,False,False,False,Médio,Bom,Baixa,False,Média,False,False,Baixo,Boa,Parcial,Baixa,Ruim,0.10612043435340575,False
1477,1° EM,False,Feminino,18,False,True,True,False,Parda,Urbana,Aprovado,False,98.7,5.0,Médio,8946.56,0.1,False,False,False,False,False,Médio,Ruim,Alta,False,Média,False,False,Moderado,Boa,Completa,Média,Ruim,0.253208292201382,False
1478,1° EM,False,Outro,14,True,True,True,False,Parda,Urbana,Aprovado,False,88.8,8.1,Baixo,8160.11,3.2,True,False,False,False,False,Alto,Bom,Alta,False,Baixa,False,True,Baixo,Boa,Completa,Alta,Boa,0.313589996709444,False
1479,1° EM,False,Feminino,7,False,True,True,False,Preta,Urbana,Evadido,False,87.8,6.4,Muito baixo,3372.12,1.6,False,False,False,False,False,Médio,Regular,Alta,False,Média,False,False,Moderado,Ruim,Completa,Alta,Boa,0.23790720631786777,False
1480,6° EF,False,Masculino,6,False,True,True,False,Branca,Urbana,Reprovado,False,85.8,9.9,Médio,1984.48,2.2,False,False,True,False,False,Médio,Ruim,Alta,False,Média,False,False,Moderado,Ruim,Completa,Média,Regular,0.07502467917077986,True
1481,1° EM,False,Feminino,12,False,True,True,False,Branca,Urbana,Reprovado,False,78.7,5.8,Médio,2034.61,2.0,False,False,False,False,False,Alto,Regular,Alta,False,Alta,False,False,Baixo,Regular,Parcial,Média,Ruim,0.3124383020730504,True
1482,2° EF,False,Feminino,8,True,True,True,False,Parda,Urbana,Reprovado,False,89.5,8.9,Baixo,3462.14,0.9,False,False,False,False,False,Médio,Bom,Baixa,False,Baixa,False,True,Baixo,Boa,Completa,Alta,Boa,0.10612043435340572,True
1483,7° EF,False,Masculino,11,False,True,True,False,Parda,Urbana,Aprovado,False,82.7,5.3,Médio,6038.01,0.7,False,False,False,False,False,Alto,Ruim,Média,False,Média,False,True,Alto,Ruim,Completa,Alta,Regular,0.3173741362290228,False
1484,1° EF,False,Feminino,17,False,False,True,False,Parda,Urbana,Aprovado,True,97.6,8.1,Médio,7554.5,1.0,False,False,False,False,True,Médio,Bom,Média,True,Alta,False,True,Moderado,Boa,Parcial,Alta,Boa,0.2701546561368872,False
1485,4° EF,False,Masculino,7,False,True,True,False,Preta,Rural,Aprovado,False,89.8,8.4,Médio,8311.64,1.3,False,False,False,False,False,Médio,Bom,Alta,False,Média,False,False,Baixo,Boa,Completa,Baixa,Ruim,0.12931885488647585,False
1486,5° EF,False,Masculino,13,False,True,True,False,Preta,Urbana,Evadido,False,90.0,3.0,Baixo,6114.33,2.4,False,True,True,False,False,Médio,Bom,Baixa,False,Baixa,False,False,Moderado,Ruim,Completa,Alta,Ruim,0.3948667324777888,True
1487,5° EF,False,Feminino,18,False,True,False,False,Branca,Urbana,Aprovado,False,84.7,2.1,Alto,1184.31,1.2,False,False,False,False,False,Alto,Bom,Média,False,Média,False,False,Moderado,Regular,Completa,Média,Regular,0.46544916090819355,False
1488,9° EF,False,Masculino,14,True,True,False,False,Branca,Urbana,Aprovado,False,72.9,5.9,Médio,2625.43,3.7,False,False,True,True,False,Médio,Ruim,Alta,False,Baixa,False,False,Alto,Boa,Completa,Média,Boa,0.665185916419875,False
1489,5° EF,False,Feminino,8,True,True,False,False,Parda,Urbana,Aprovado,False,70.7,9.5,Muito baixo,1934.8,3.0,False,False,False,False,False,Médio,Ruim,Alta,False,Alta,False,False,Moderado,Boa,Parcial,Alta,Regular,0.16929911154985194,False
1490,6° EF,False,Feminino,14,False,True,True,False,Branca,Urbana,Reprovado,False,86.3,7.1,Médio,4037.2,2.8,False,False,False,False,False,Alto,Ruim,Alta,False,Alta,False,False,Alto,Ruim,Completa,Alta,Boa,0.21076011846001982,False
1491,3° EF,False,Outro,18,False,True,True,False,Branca,Rural,Em andamento,False,75.3,2.7,Baixo,5138.08,1.9,False,True,False,False,False,Baixo,Bom,Alta,True,Média,False,False,Alto,Ruim,Completa,Baixa,Boa,0.48223099703849964,False
1492,5° EF,False,Masculino,12,True,True,False,False,Parda,Rural,Aprovado,False,90.3,9.5,Baixo,1485.53,3.5,False,False,False,True,False,Alto,Regular,Alta,False,Baixa,False,True,Alto,Regular,Parcial,Média,Regular,0.40161237249095105,True
1493,3° EF,False,Feminino,11,False,True,False,False,Parda,Rural,Evadido,False,96.5,7.9,Alto,3918.79,1.8,False,False,False,False,False,Baixo,Bom,Média,True,Alta,False,False,Moderado,Boa,Completa,Alta,Boa,0.1209279368213228,True
1494,1° EF,False,Masculino,18,False,True,True,False,Parda,Urbana,Aprovado,False,96.5,5.9,Baixo,2568.5,2.0,False,False,False,False,False,Baixo,Regular,Alta,False,Alta,False,True,Moderado,Boa,Completa,Alta,Boa,0.21964461994077,True
1495,8° EF,False,Feminino,11,False,True,False,False,Branca,Urbana,Aprovado,False,91.4,0.2,Médio,6300.3,2.2,False,False,False,False,False,Alto,Ruim,Média,True,Média,False,False,Alto,Ruim,Insuficiente,Baixa,Regular,0.5261599210266537,False
1496,8° EF,False,Feminino,10,False,True,False,False,Parda,Urbana,Aprovado,False,80.8,7.7,Médio,4842.34,2.7,False,False,False,False,False,Médio,Bom,Baixa,True,Alta,False,False,Baixo,Ruim,Completa,Alta,Boa,0.20829220138203358,True
1497,8° EF,False,Feminino,16,False,True,True,False,Indígena,Urbana,Aprovado,False,96.0,5.2,Médio,5089.95,2.6,False,False,False,False,False,Alto,Regular,Alta,False,Média,True,False,Moderado,Regular,Completa,Alta,Ruim,0.2566633761105627,True
1498,6° EF,False,Masculino,15,False,True,False,False,Parda,Urbana,Aprovado,False,96.6,8.7,Médio,4550.58,1.5,False,False,False,False,False,Médio,Regular,Alta,False,Média,False,False,Moderado,Regular,Parcial,Média,Boa,0.08094768015794675,False
1499,5° EF,False,Feminino,15,False,True,True,False,Branca,Rural,Aprovado,False,80.3,9.7,Baixo,8764.42,1.5,False,False,False,False,False,Baixo,Regular,Baixa,False,Média,False,False,Alto,Regular,Parcial,Baixa,Boa,0.11204343534057261,True
1500,2° EM,False,Masculino,12,False,True,False,True,Parda,Urbana,Aprovado,False,93.1,6.2,Muito baixo,2852.08,2.6,False,False,True,False,False,Médio,Bom,Média,False,Baixa,False,True,Baixo,Boa,Parcial,Baixa,Ruim,0.221618953603159,True
1501,7° EF,False,Outro,6,False,True,True,False,Parda,Urbana,Aprovado,False,83.0,0.9,Baixo,5260.21,2.7,False,False,False,False,False,Alto,Ruim,Alta,False,Baixa,False,False,Baixo,Boa,Parcial,Baixa,Ruim,0.5330700888450148,False
1502,6° EF,False,Masculino,19,False,True,True,False,Branca,Urbana,Evadido,True,94.5,9.3,Médio,7009.73,1.6,True,False,False,False,False,Baixo,Regular,Alta,False,Baixa,False,False,Moderado,Boa,Completa,Baixa,Boa,0.3907535373478118,True
1503,1° EF,False,Masculino,16,False,False,True,False,Branca,Rural,Aprovado,False,99.9,5.8,Muito baixo,5580.68,0.4,False,False,False,False,False,Baixo,Bom,Média,False,Média,False,False,Moderado,Boa,Completa,Baixa,Ruim,0.20779861796643637,False
1504,5° EF,False,Feminino,11,True,True,True,False,Indígena,Urbana,Aprovado,False,70.4,5.0,Baixo,8549.08,1.8,False,False,False,False,False,Médio,Bom,Alta,True,Baixa,False,False,Alto,Ruim,Completa,Baixa,Ruim,0.3928923988153998,True
1505,5° EF,False,Masculino,12,False,True,False,False,Amarela,Rural,Aprovado,False,96.9,5.4,Alto,4154.0,2.6,False,False,False,False,False,Alto,Ruim,Alta,True,Alta,True,False,Moderado,Boa,Insuficiente,Baixa,Boa,0.24234945705824282,False
1506,5° EF,False,Masculino,18,False,True,True,False,Indígena,Urbana,Em andamento,False,90.6,6.6,Baixo,4837.59,3.8,False,False,False,False,False,Baixo,Bom,Média,False,Alta,False,False,Alto,Ruim,Parcial,Média,Ruim,0.2142152023692005,False
1507,7° EF,False,Masculino,9,False,True,True,False,Parda,Rural,Aprovado,False,99.1,5.4,Baixo,1845.44,0.8,False,False,False,False,False,Médio,Regular,Média,True,Média,False,True,Alto,Regular,Completa,Média,Regular,0.23149062191510367,True
1508,7° EF,False,Feminino,14,True,True,True,False,Preta,Urbana,Em andamento,False,87.2,6.7,Baixo,5996.66,1.6,False,False,False,True,False,Médio,Regular,Alta,False,Média,False,True,Baixo,Regular,Completa,Média,Regular,0.5551168147416914,False
1509,8° EF,False,Masculino,10,True,True,True,False,Branca,Urbana,Aprovado,False,95.6,5.2,Baixo,3438.12,1.6,False,False,False,False,False,Alto,Regular,Alta,False,Média,False,False,Alto,Regular,Completa,Alta,Boa,0.2586377097729517,False
1510,1° EM,False,Feminino,13,True,False,False,False,Branca,Rural,Aprovado,False,73.8,6.5,Alto,2417.99,3.4,False,False,False,False,False,Alto,Ruim,Alta,False,Média,False,True,Moderado,Boa,Parcial,Média,Ruim,0.3020730503455084,False
1511,1° EM,False,Masculino,19,False,True,True,False,Parda,Urbana,Aprovado,False,84.2,9.5,Médio,5482.47,2.0,False,False,False,True,False,Alto,Ruim,Média,False,Alta,False,True,Alto,Boa,Completa,Alta,Regular,0.4317209608423825,True
1512,9° EF,False,Masculino,6,False,True,False,False,Parda,Urbana,Aprovado,False,74.1,9.4,Baixo,5385.0,1.1,False,True,False,False,False,Alto,Bom,Alta,False,Baixa,False,False,Alto,Regular,Completa,Alta,Regular,0.1574531095755183,False
1513,3° EM,False,Feminino,12,False,True,True,False,Branca,Urbana,Reprovado,False,99.2,8.5,Alto,1744.54,2.6,False,True,False,False,False,Médio,Bom,Alta,False,Alta,False,False,Moderado,Boa,Parcial,Alta,Boa,0.07798617966436328,False
1514,1° EF,False,Feminino,19,False,True,False,False,Parda,Urbana,Em andamento,False,94.9,4.9,Médio,6708.23,1.6,False,False,False,False,False,Baixo,Ruim,Alta,False,Média,False,False,Baixo,Boa,Parcial,Alta,Boa,0.27690029615004935,False
1515,3° EF,False,Masculino,6,False,True,False,False,Preta,Urbana,Aprovado,False,95.7,5.3,Médio,6114.48,0.8,False,False,False,False,False,Alto,Bom,Alta,False,Alta,True,False,Alto,Regular,Parcial,Baixa,Regular,0.2532082922013821,False
1516,1° EF,False,Masculino,11,False,True,False,False,Branca,Urbana,Aprovado,False,98.0,7.9,Médio,2646.96,1.1,False,False,False,False,False,Médio,Bom,Alta,False,Alta,False,False,Baixo,Boa,Insuficiente,Alta,Ruim,0.11352418558736427,False
1517,8° EF,False,Feminino,15,False,True,True,False,Parda,Urbana,Aprovado,False,75.4,8.8,Alto,4883.52,3.7,False,False,True,False,False,Médio,Regular,Média,True,Média,False,False,Alto,Regular,Parcial,Média,Boa,0.1806515301085883,False
1518,2° EM,False,Masculino,13,False,True,False,False,Branca,Rural,Aprovado,False,85.4,6.7,Alto,6884.55,2.4,True,False,False,False,False,Alto,Ruim,Alta,False,Média,False,False,Alto,Boa,Completa,Média,Regular,0.399473511023363,False
1519,3° EF,False,Masculino,7,True,True,True,False,Indígena,Urbana,Evadido,True,74.4,5.9,Médio,5362.07,2.1,False,False,False,False,False,Médio,Bom,Média,False,Alta,False,False,Moderado,Boa,Parcial,Alta,Regular,0.4932543599868378,False
1520,2° EM,False,Feminino,6,True,True,False,False,Branca,Urbana,Aprovado,False,80.7,6.3,Médio,4293.74,1.8,False,False,False,False,False,Alto,Bom,Alta,False,Média,False,True,Alto,Boa,Parcial,Média,Boa,0.2778874629812439,False
1521,1° EF,False,Feminino,10,False,True,True,False,Parda,Urbana,Reprovado,False,81.3,8.2,Baixo,3710.31,2.3,False,False,False,False,False,Alto,Bom,Baixa,False,Alta,False,False,Baixo,Boa,Completa,Média,Boa,0.18114511352418566,False
1522,3° EM,False,Masculino,8,False,True,True,False,Parda,Rural,Em andamento,False,87.3,7.5,Alto,6007.78,2.3,False,False,False,False,False,Baixo,Bom,Alta,False,Alta,False,False,Moderado,Boa,Parcial,Baixa,Regular,0.18608094768015798,False
1523,5° EF,False,Feminino,14,False,False,True,False,Parda,Rural,Aprovado,False,82.5,8.1,Alto,8629.54,2.3,False,False,False,False,False,Médio,Regular,Alta,False,Média,False,False,Alto,Boa,Parcial,Média,Regular,0.18015794669299118,False
1524,2° EF,False,Masculino,17,False,True,False,False,Parda,Urbana,Aprovado,False,76.3,7.1,Muito alto,6497.1,2.1,False,False,False,False,False,Alto,Regular,Média,False,Alta,False,False,Alto,Boa,Completa,Média,Regular,0.2601184600197434,True
1525,6° EF,False,Feminino,13,False,True,True,False,Parda,Urbana,Aprovado,False,79.2,6.0,Médio,1735.56,2.9,False,False,False,False,False,Médio,Ruim,Alta,False,Baixa,False,False,Baixo,Boa,Completa,Alta,Ruim,0.30009871668311944,False
1526,3° EF,False,Feminino,10,False,True,True,False,Branca,Urbana,Evadido,False,78.4,8.6,Médio,4813.73,2.0,True,False,False,False,False,Alto,Bom,Alta,True,Média,False,False,Alto,Boa,Completa,Média,Boa,0.34024350115169466,False
1527,4° EF,False,Masculino,6,False,True,True,False,Branca,Urbana,Aprovado,False,99.1,8.5,Alto,8244.44,1.0,False,False,False,False,False,Alto,Bom,Alta,False,Média,False,False,Moderado,Boa,Completa,Média,Regular,0.07847976307996055,False
1528,4° EF,False,Masculino,13,False,True,True,False,Branca,Urbana,Aprovado,False,93.6,5.2,Muito alto,1892.81,1.4,True,False,False,False,False,Alto,Ruim,Alta,False,Média,False,False,Alto,Ruim,Completa,Alta,Boa,0.43303718328397506,False
1529,1° EM,False,Masculino,15,False,True,True,False,Branca,Urbana,Aprovado,False,98.9,7.7,Baixo,9026.47,0.0,False,False,False,False,False,Alto,Regular,Média,False,Alta,False,False,Moderado,Regular,Completa,Alta,Boa,0.11895360315893384,False
1530,7° EF,False,Masculino,7,False,True,False,False,Branca,Urbana,Aprovado,False,86.7,9.7,Alto,8708.99,4.0,False,False,False,False,False,Baixo,Bom,Média,False,Média,False,True,Moderado,Regular,Insuficiente,Alta,Regular,0.08045409674234949,False
1531,4° EF,False,Feminino,8,False,True,True,True,Parda,Urbana,Aprovado,False,82.7,8.6,Médio,1763.7,2.9,False,False,False,False,False,Médio,Bom,Média,False,Baixa,False,False,Moderado,Regular,Completa,Média,Ruim,0.15449160908193488,False
1532,8° EF,False,Feminino,14,True,True,True,False,Parda,Urbana,Aprovado,False,94.4,9.3,Baixo,8584.12,1.2,False,False,False,True,False,Médio,Bom,Alta,True,Alta,False,False,Alto,Boa,Completa,Baixa,Regular,0.391247120763409,False
1533,9° EF,False,Masculino,13,True,True,True,False,Branca,Rural,Aprovado,False,84.0,3.0,Baixo,4035.67,1.7,False,False,False,False,True,Alto,Bom,Alta,True,Média,False,False,Moderado,Boa,Completa,Média,Boa,0.424481737413623,True
1534,4° EF,False,Feminino,11,False,True,True,False,Branca,Urbana,Aprovado,False,83.3,2.5,Médio,7876.63,1.4,False,False,False,False,False,Alto,Bom,Baixa,False,Baixa,False,False,Baixo,Boa,Completa,Média,Boa,0.45261599210266545,False
1535,5° EF,False,Feminino,6,False,True,False,False,Branca,Urbana,Aprovado,False,81.4,0.9,Médio,4476.34,3.5,False,True,False,False,False,Baixo,Regular,Alta,False,Alta,False,True,Alto,Ruim,Completa,Baixa,Regular,0.5409674234945705,False
1536,2° EF,False,Masculino,12,True,True,True,False,Parda,Urbana,Aprovado,False,77.7,5.9,Alto,4655.57,0.6,False,False,False,False,False,Baixo,Bom,Média,True,Alta,False,False,Moderado,Boa,Completa,Média,Boa,0.31243830207305034,True
1537,3° EF,False,Feminino,9,False,True,False,False,Parda,Urbana,Aprovado,True,82.1,7.2,Baixo,6198.0,2.1,False,False,False,False,False,Baixo,Bom,Alta,False,Média,False,False,Baixo,Boa,Completa,Alta,Regular,0.39108259295821,True
1538,9° EF,False,Masculino,12,False,True,True,False,Preta,Rural,Aprovado,False,84.7,5.4,Médio,7316.48,1.9,False,False,False,False,False,Baixo,Ruim,Média,False,Média,False,False,Alto,Boa,Parcial,Média,Boa,0.30256663376110565,False
1539,3° EF,False,Masculino,16,False,True,True,False,Parda,Rural,Reprovado,False,91.7,8.9,Muito baixo,1408.9,2.8,False,False,False,False,False,Médio,Ruim,Baixa,False,Média,False,False,Baixo,Boa,Completa,Média,Regular,0.09526159921026651,False
1540,7° EF,False,Feminino,11,False,True,True,False,Não declarada,Rural,Reprovado,False,73.8,9.2,Médio,5870.29,1.9,False,False,False,False,False,Alto,Bom,Baixa,False,Alta,False,False,Alto,Boa,Completa,Média,Regular,0.16880552813425476,False
1541,9° EF,False,Outro,19,False,True,False,False,Parda,Urbana,Aprovado,True,80.7,6.5,Muito baixo,2628.75,0.2,False,False,False,False,False,Alto,Regular,Alta,False,Baixa,False,True,Baixo,Boa,Parcial,Alta,Boa,0.43254359986837787,True
1542,2° EF,False,Masculino,6,True,False,True,False,Parda,Rural,Em andamento,False,94.7,6.0,Muito baixo,3898.62,1.7,False,False,False,False,False,Médio,Regular,Alta,False,Alta,False,False,Moderado,Boa,Completa,Baixa,Regular,0.2235932872655479,False
1543,7° EF,False,Feminino,6,True,True,True,False,Parda,Urbana,Aprovado,True,78.4,7.1,Alto,3914.73,1.0,False,False,False,False,False,Médio,Regular,Alta,False,Alta,False,False,Baixo,Ruim,Parcial,Alta,Boa,0.41428101349128016,False
1544,3° EF,False,Feminino,16,True,True,True,False,Não declarada,Urbana,Reprovado,False,84.4,8.9,Médio,4880.53,2.1,False,False,False,True,False,Alto,Bom,Alta,False,Alta,False,False,Baixo,Ruim,Parcial,Baixa,Boa,0.46034879894702213,True
1545,3° EM,False,Masculino,6,True,True,True,False,Branca,Urbana,Evadido,False,96.1,5.2,Baixo,3804.41,3.4,False,False,False,False,False,Médio,Bom,Média,False,Baixa,False,False,Moderado,Boa,Completa,Média,Regular,0.2561697926949655,False
1546,6° EF,False,Masculino,7,True,True,True,False,Preta,Urbana,Aprovado,False,78.8,4.6,Baixo,1995.69,0.3,True,False,False,False,False,Médio,Bom,Média,False,Baixa,False,False,Baixo,Regular,Completa,Média,Boa,0.5357025337282002,False
1547,1° EM,False,Masculino,16,False,True,True,False,Parda,Urbana,Aprovado,True,75.2,7.4,Médio,2300.91,1.2,False,False,False,False,False,Médio,Regular,Alta,True,Média,False,False,Moderado,Regular,Parcial,Baixa,Ruim,0.4152681803224745,False
1548,7° EF,False,Feminino,14,False,True,True,False,Preta,Urbana,Aprovado,False,87.7,6.2,Médio,1406.09,1.4,False,False,True,False,False,Alto,Ruim,Alta,False,Baixa,False,True,Baixo,Regular,Completa,Média,Regular,0.24827245804540968,False
1549,1° EF,False,Feminino,11,False,True,True,False,Amarela,Rural,Aprovado,False,83.4,7.1,Alto,4890.01,1.6,False,False,False,False,False,Alto,Ruim,Baixa,True,Média,False,False,Baixo,Boa,Completa,Média,Regular,0.2250740375123396,False
1550,8° EF,False,Masculino,14,False,True,False,False,Parda,Urbana,Aprovado,False,89.3,6.8,Muito alto,8751.88,2.7,False,False,False,False,False,Alto,Bom,Média,False,Média,False,True,Baixo,Regular,Completa,Média,Regular,0.21076011846001977,False
1551,3° EM,False,Feminino,17,True,True,True,False,Branca,Urbana,Aprovado,False,94.6,1.0,Baixo,2062.0,1.8,False,False,False,False,False,Médio,Regular,Baixa,False,Alta,False,True,Moderado,Regular,Parcial,Média,Boa,0.47087857847976317,False
1552,8° EF,False,Masculino,7,False,True,True,False,Branca,Urbana,Aprovado,False,78.0,8.8,Médio,8686.62,2.4,False,False,False,False,False,Alto,Bom,Média,True,Baixa,False,True,Baixo,Regular,Parcial,Baixa,Boa,0.16781836130306022,False
1553,1° EM,False,Feminino,12,False,True,False,False,Preta,Urbana,Aprovado,False,89.7,5.1,Alto,6988.54,1.4,False,False,False,False,False,Alto,Bom,Alta,False,Alta,False,False,Moderado,Ruim,Parcial,Média,Boa,0.29269496544916096,False
1554,2° EM,False,Masculino,18,False,True,True,False,Parda,Urbana,Aprovado,False,88.1,1.2,Médio,6223.96,2.2,True,False,False,False,False,Médio,Bom,Alta,False,Baixa,False,False,Moderado,Boa,Completa,Baixa,Regular,0.6576176373807175,False
1555,3° EF,False,Masculino,6,False,True,False,False,Parda,Rural,Reprovado,False,78.3,8.2,Médio,6286.01,2.8,False,False,False,False,False,Médio,Regular,Média,False,Média,False,True,Baixo,Boa,Completa,Média,Regular,0.19595261599210273,False
1556,3° EF,False,Feminino,7,False,True,True,False,Branca,Urbana,Aprovado,False,90.6,9.8,Médio,7733.21,1.3,False,False,False,False,False,Baixo,Ruim,Alta,False,Baixa,False,True,Baixo,Boa,Completa,Alta,Boa,0.0562685093780849,False
1557,8° EF,False,Feminino,13,False,True,True,False,Preta,Urbana,Reprovado,False,82.6,5.4,Médio,1992.17,2.8,False,False,False,False,False,Médio,Bom,Alta,False,Baixa,False,True,Alto,Boa,Insuficiente,Baixa,Boa,0.3129318854886476,False
1558,5° EF,False,Masculino,11,True,True,True,False,Branca,Urbana,Evadido,False,87.7,6.8,Alto,5165.22,2.1,False,False,True,False,False,Alto,Bom,Alta,True,Alta,False,False,Alto,Boa,Completa,Baixa,Boa,0.21865745310957554,False
1559,1° EM,False,Masculino,18,True,True,True,False,Indígena,Rural,Evadido,False,75.2,7.2,Médio,6699.26,3.0,False,False,False,False,False,Alto,Bom,Alta,True,Alta,True,False,Alto,Regular,Completa,Baixa,Boa,0.2606120434353406,False
1560,2° EM,False,Feminino,6,False,True,True,False,Parda,Urbana,Reprovado,False,87.1,8.7,Alto,5819.76,1.8,False,False,False,False,True,Alto,Regular,Baixa,False,Alta,False,False,Alto,Ruim,Insuficiente,Média,Boa,0.12783810463968417,False
1561,5° EF,False,Feminino,14,False,True,True,False,Parda,Urbana,Aprovado,False,83.5,7.4,Alto,7781.48,2.4,True,True,False,False,False,Baixo,Regular,Alta,False,Baixa,False,False,Moderado,Boa,Insuficiente,Baixa,Regular,0.374300756827904,False
1562,3° EF,False,Feminino,7,False,True,True,False,Branca,Rural,Reprovado,False,95.0,6.8,Médio,1715.82,2.0,False,False,False,False,False,Médio,Regular,Alta,False,Média,False,False,Alto,Regular,Completa,Baixa,Regular,0.18262586377097734,True
1563,1° EM,False,Feminino,7,False,True,True,False,Parda,Urbana,Em andamento,False,73.3,6.0,Médio,6648.29,1.9,False,False,False,False,False,Alto,Ruim,Alta,True,Alta,False,True,Alto,Boa,Completa,Média,Boa,0.32922013820335644,False
1564,4° EF,False,Masculino,6,False,True,False,False,Parda,Urbana,Aprovado,False,86.2,1.4,Médio,5398.7,2.3,False,False,False,False,False,Médio,Ruim,Baixa,False,Alta,False,False,Moderado,Boa,Parcial,Alta,Boa,0.4925962487660415,False
1565,1° EM,False,Feminino,9,False,True,True,False,Parda,Urbana,Aprovado,False,87.1,6.9,Baixo,4163.51,2.5,False,False,False,False,False,Baixo,Bom,Média,False,Alta,False,True,Baixo,Regular,Completa,Alta,Ruim,0.21668311944718663,True
1566,6° EF,False,Feminino,16,False,True,True,False,Branca,Urbana,Aprovado,False,92.8,5.9,Médio,3853.37,0.8,False,False,False,False,False,Médio,Ruim,Alta,False,Média,False,False,Moderado,Regular,Completa,Alta,Regular,0.23790720631786771,False
1567,8° EF,False,Masculino,11,False,True,True,False,Branca,Rural,Aprovado,False,89.6,7.5,Médio,6091.04,3.4,False,False,False,False,False,Alto,Bom,Alta,True,Média,False,False,Moderado,Regular,Parcial,Baixa,Boa,0.1747285291214216,False
1568,2° EF,False,Feminino,7,False,True,True,False,Branca,Rural,Em andamento,False,91.5,6.5,Médio,8245.8,0.1,False,True,False,False,False,Alto,Regular,Média,False,Média,False,False,Alto,Boa,Completa,Média,Boa,0.21470878578479768,False
1569,8° EF,False,Feminino,13,True,True,False,False,Branca,Urbana,Evadido,False,94.0,8.9,Médio,5096.8,1.3,False,False,False,False,False,Alto,Regular,Média,False,Baixa,False,False,Moderado,Ruim,Parcial,Alta,Boa,0.08390918065153011,False
1570,6° EF,False,Masculino,16,False,True,True,False,Parda,Urbana,Aprovado,False,96.0,7.4,Médio,7717.23,1.9,False,False,True,False,False,Médio,Bom,Baixa,False,Alta,False,False,Baixo,Regular,Completa,Alta,Boa,0.14807502467917077,True
1571,7° EF,False,Feminino,7,True,True,False,False,Branca,Urbana,Reprovado,False,83.7,7.4,Baixo,4346.92,2.4,False,False,False,True,False,Baixo,Bom,Alta,False,Alta,False,False,Moderado,Boa,Completa,Alta,Regular,0.5378413951957881,False
1572,3° EF,False,Feminino,11,False,True,False,False,Branca,Urbana,Aprovado,False,88.8,7.8,Médio,1956.08,3.6,False,False,False,False,False,Médio,Regular,Média,True,Média,False,False,Baixo,Boa,Completa,Alta,Ruim,0.16386969397828238,True
1573,9° EF,False,Feminino,16,False,True,True,False,Branca,Urbana,Aprovado,False,95.4,9.2,Médio,1629.96,0.1,False,False,False,False,False,Alto,Bom,Alta,True,Alta,False,False,Moderado,Ruim,Completa,Alta,Boa,0.06219151036525174,False
1574,2° EM,False,Feminino,8,False,True,False,False,Preta,Urbana,Aprovado,False,99.6,7.7,Baixo,1548.83,1.5,True,False,False,False,False,Alto,Bom,Alta,False,Média,False,False,Alto,Boa,Insuficiente,Média,Regular,0.2800263244488319,False
1575,3° EF,False,Feminino,16,False,True,False,False,Branca,Urbana,Aprovado,False,96.7,6.2,Alto,4171.4,0.1,True,False,False,False,False,Alto,Bom,Média,True,Alta,False,False,Alto,Boa,Parcial,Média,Boa,0.3683777558407371,False
1576,2° EF,False,Masculino,10,False,True,True,False,Branca,Urbana,Aprovado,False,85.1,7.3,Baixo,3829.14,2.0,False,False,False,False,False,Alto,Regular,Baixa,False,Baixa,False,False,Alto,Regular,Completa,Média,Regular,0.2068114511352419,False
1577,1° EF,False,Feminino,16,False,True,False,False,Branca,Urbana,Reprovado,False,80.2,9.7,Médio,6865.52,2.3,False,False,False,False,True,Alto,Ruim,Alta,False,Alta,False,False,Moderado,Boa,Parcial,Média,Ruim,0.11253701875616984,False
1578,8° EF,False,Feminino,19,False,True,True,False,Branca,Urbana,Aprovado,False,87.8,6.6,Muito baixo,7064.0,3.6,True,False,False,False,False,Médio,Bom,Baixa,False,Média,False,True,Alto,Regular,Completa,Alta,Boa,0.39256334320500175,False
1579,8° EF,False,Masculino,14,False,True,True,False,Branca,Urbana,Aprovado,False,93.2,5.9,Médio,1545.0,2.1,True,False,False,False,False,Alto,Ruim,Baixa,False,Média,False,False,Alto,Regular,Completa,Alta,Ruim,0.40046067785455747,False
1580,7° EF,False,Masculino,9,False,True,True,False,Parda,Rural,Reprovado,False,87.8,6.2,Baixo,2903.03,3.0,False,False,False,False,False,Alto,Regular,Alta,True,Alta,False,False,Moderado,Regular,Parcial,Baixa,Ruim,0.2477788746298125,True
1581,3° EF,False,Feminino,19,True,True,True,False,Parda,Urbana,Aprovado,False,87.6,8.2,Baixo,3326.86,2.6,False,True,False,False,False,Alto,Bom,Alta,False,Alta,False,False,Alto,Boa,Completa,Baixa,Boa,0.1500493583415598,False
1582,5° EF,False,Feminino,12,False,False,True,False,Branca,Urbana,Aprovado,False,95.4,9.1,Alto,5507.04,1.6,False,False,False,False,False,Alto,Bom,Alta,True,Média,False,False,Moderado,Ruim,Completa,Média,Regular,0.06712734452122408,False
1583,8° EF,False,Feminino,7,False,True,False,False,Branca,Urbana,Aprovado,False,84.9,7.2,Baixo,2292.02,0.6,True,False,False,False,False,Baixo,Regular,Média,False,Média,False,False,Moderado,Ruim,Completa,Média,Regular,0.3772622573214874,True
1584,6° EF,False,Masculino,16,True,True,True,False,Parda,Rural,Aprovado,False,95.9,8.4,Baixo,2207.69,2.3,False,True,False,False,False,Baixo,Regular,Alta,False,Alta,False,True,Baixo,Boa,Parcial,Média,Ruim,0.0992102665350444,False
1585,3° EM,False,Outro,16,False,True,False,False,Parda,Urbana,Aprovado,False,85.9,5.5,Médio,8666.87,0.5,False,False,False,False,False,Alto,Bom,Alta,True,Alta,False,False,Moderado,Boa,Completa,Média,Boa,0.2917077986179665,False
1586,2° EF,False,Feminino,15,False,True,True,False,Branca,Rural,Aprovado,False,84.1,6.8,Médio,7553.56,3.3,False,False,False,False,False,Alto,Bom,Média,False,Média,False,False,Alto,Ruim,Completa,Alta,Regular,0.2364264560710761,False
1587,9° EF,False,Feminino,13,False,True,True,False,Parda,Urbana,Aprovado,False,87.0,6.5,Baixo,2580.27,1.8,False,False,False,False,False,Alto,Ruim,Baixa,False,Alta,False,False,Moderado,Boa,Parcial,Alta,Regular,0.23692003948667328,False
1588,5° EF,False,Masculino,9,False,True,True,False,Parda,Urbana,Aprovado,False,93.6,2.4,Médio,4382.1,3.2,False,False,False,False,False,Alto,Regular,Média,False,Média,False,False,Moderado,Regular,Parcial,Alta,Boa,0.40671273445212247,True
1589,6° EF,False,Outro,7,True,True,True,False,Parda,Urbana,Evadido,False,77.5,9.3,Médio,3975.77,1.5,False,False,False,False,False,Médio,Regular,Baixa,True,Alta,False,False,Moderado,Boa,Parcial,Média,Regular,0.1456071076011846,False
1590,9° EF,False,Outro,7,False,True,True,False,Parda,Urbana,Reprovado,False,80.3,6.0,Muito alto,7448.29,2.3,False,False,False,False,False,Médio,Bom,Média,False,Alta,False,False,Baixo,Regular,Completa,Alta,Regular,0.29466929911154993,True
1591,9° EF,False,Masculino,10,True,True,True,False,Branca,Urbana,Reprovado,False,98.4,5.8,Baixo,5208.76,2.2,False,False,True,False,False,Alto,Ruim,Alta,False,Baixa,False,False,Moderado,Ruim,Completa,Alta,Boa,0.21520236920039484,False
1592,3° EM,False,Masculino,14,False,True,True,False,Parda,Urbana,Aprovado,False,79.5,9.3,Alto,2159.1,2.0,True,False,False,False,False,Baixo,Regular,Baixa,False,Alta,False,True,Baixo,Boa,Completa,Média,Regular,0.30026324448831854,False
1593,2° EF,False,Masculino,12,False,True,False,False,Preta,Urbana,Aprovado,False,89.4,6.8,Médio,7033.45,1.6,False,True,False,False,False,Alto,Regular,Baixa,False,Média,False,False,Alto,Boa,Insuficiente,Média,Regular,0.2102665350444225,False
1594,2° EF,False,Feminino,10,False,True,True,False,Parda,Urbana,Em andamento,False,89.7,8.1,Médio,4304.9,2.4,False,False,False,False,False,Médio,Bom,Alta,False,Média,False,True,Baixo,Boa,Completa,Média,Boa,0.14461994076999016,False
1595,9° EF,False,Feminino,18,False,True,True,False,Parda,Urbana,Aprovado,False,87.8,6.2,Baixo,3236.43,1.1,False,False,False,False,False,Médio,Bom,Baixa,True,Alta,False,False,Alto,Boa,Parcial,Alta,Ruim,0.2477788746298125,False
1596,7° EF,False,Masculino,6,False,True,True,False,Preta,Urbana,Em andamento,False,91.1,8.5,Médio,4134.3,0.8,True,False,False,False,False,Alto,Regular,Alta,False,Média,False,False,Moderado,Ruim,Completa,Baixa,Boa,0.2824942415268181,False
1597,4° EF,False,Feminino,7,False,True,True,False,Parda,Urbana,Aprovado,False,81.3,5.4,Muito baixo,5109.41,3.2,False,False,False,True,False,Alto,Regular,Média,False,Alta,True,False,Baixo,Regular,Completa,Alta,Boa,0.6484040802895691,True
1598,1° EF,False,Feminino,17,False,True,True,False,Amarela,Urbana,Reprovado,False,89.1,8.6,Muito baixo,3876.02,2.7,False,True,False,False,False,Alto,Ruim,Média,True,Alta,False,False,Moderado,Regular,Parcial,Média,Ruim,0.1229022704837118,False
1599,2° EF,False,Feminino,13,False,True,False,False,Branca,Urbana,Reprovado,False,85.1,3.8,Médio,3068.79,2.1,False,False,False,False,False,Alto,Regular,Média,False,Média,False,False,Alto,Boa,Completa,Alta,Regular,0.3795656465942745,False
1600,2° EM,False,Feminino,15,False,True,False,False,Parda,Urbana,Aprovado,False,91.4,9.8,Médio,4317.77,3.7,False,False,False,False,False,Alto,Bom,Baixa,False,Média,False,True,Alto,Boa,Completa,Média,Boa,0.052319842053306954,False
1601,3° EF,False,Feminino,6,True,True,True,False,Parda,Urbana,Aprovado,False,78.2,5.3,Baixo,1292.32,1.7,False,True,False,False,False,Alto,Bom,Média,True,Baixa,True,False,Moderado,Boa,Parcial,Baixa,Regular,0.3395853899308984,True
1602,4° EF,False,Masculino,11,False,True,True,False,Parda,Rural,Aprovado,False,89.5,5.2,Muito baixo,7300.69,3.3,False,False,False,False,False,Alto,Bom,Baixa,False,Alta,False,False,Moderado,Boa,Completa,Média,Regular,0.28874629812438307,True
1603,3° EF,False,Feminino,6,False,True,True,True,Parda,Rural,Aprovado,False,79.9,7.6,Baixo,2502.82,2.2,False,False,False,False,True,Alto,Bom,Alta,False,Baixa,False,False,Moderado,Boa,Completa,Baixa,Boa,0.2176702862783811,False
1604,5° EF,False,Masculino,7,True,True,False,False,Parda,Urbana,Aprovado,False,82.8,5.8,Médio,1489.57,1.0,False,False,False,False,False,Médio,Regular,Média,False,Alta,False,False,Moderado,Regular,Completa,Baixa,Boa,0.2922013820335637,False
1605,1° EF,False,Masculino,6,False,True,True,False,Parda,Urbana,Aprovado,False,81.0,6.6,Médio,6353.17,3.8,False,False,False,False,False,Médio,Bom,Alta,False,Alta,False,False,Baixo,Boa,Completa,Baixa,Boa,0.2615992102665351,False
1606,7° EF,False,Feminino,13,False,True,False,False,Parda,Urbana,Em andamento,False,79.8,5.3,Baixo,7312.16,3.0,False,False,False,False,False,Baixo,Bom,Alta,False,Alta,False,False,Baixo,Boa,Completa,Média,Regular,0.33168805528134265,True
1607,1° EF,False,Outro,17,False,True,False,False,Parda,Urbana,Em andamento,False,95.1,6.0,Alto,7630.34,1.9,False,False,False,False,False,Médio,Bom,Baixa,False,Média,False,False,Moderado,Boa,Parcial,Baixa,Regular,0.221618953603159,False
1608,1° EM,False,Feminino,10,False,True,True,False,Preta,Urbana,Aprovado,False,82.9,3.1,Baixo,5075.53,2.7,True,False,False,False,False,Alto,Regular,Alta,False,Média,False,False,Alto,Ruim,Completa,Alta,Boa,0.5895031260282988,False
1609,3° EF,False,Feminino,16,False,True,False,False,Parda,Rural,Aprovado,False,97.7,9.1,Médio,2777.38,1.6,False,False,False,False,False,Alto,Regular,Média,False,Média,True,False,Moderado,Ruim,Insuficiente,Alta,Boa,0.05577492596248767,False
1610,7° EF,False,Feminino,15,False,True,False,False,Branca,Urbana,Em andamento,False,99.0,9.7,Muito baixo,7019.38,2.8,False,False,False,False,False,Médio,Bom,Alta,False,Média,True,False,Baixo,Regular,Completa,Alta,Boa,0.019743336623889475,False
1611,2° EM,False,Feminino,14,False,True,True,False,Preta,Urbana,Evadido,False,89.5,7.7,Muito baixo,6720.17,0.4,False,False,False,False,False,Médio,Bom,Baixa,False,Baixa,False,False,Alto,Ruim,Completa,Média,Boa,0.16535044422507406,False
1612,8° EF,False,Masculino,8,True,True,False,False,Branca,Urbana,Aprovado,False,78.3,1.5,Médio,3103.61,1.0,False,False,False,False,False,Alto,Bom,Alta,False,Alta,False,False,Moderado,Boa,Completa,Média,Ruim,0.5266535044422508,True
1613,7° EF,False,Masculino,13,False,True,True,False,Parda,Rural,Evadido,False,85.2,9.9,Alto,8344.8,3.0,False,False,False,False,False,Médio,Regular,Alta,False,Alta,False,True,Moderado,Boa,Completa,Média,Ruim,0.07798617966436325,False
1614,4° EF,False,Masculino,12,False,True,False,False,Branca,Urbana,Aprovado,False,94.4,7.3,Médio,1971.85,1.8,False,False,False,False,False,Alto,Regular,Média,False,Alta,False,False,Baixo,Boa,Completa,Baixa,Regular,0.16090819348469892,True
1615,4° EF,False,Feminino,10,True,True,False,False,Parda,Urbana,Aprovado,False,85.0,8.3,Muito baixo,8977.12,2.2,True,True,False,False,False,Médio,Regular,Média,True,Alta,False,False,Alto,Boa,Parcial,Média,Boa,0.3224744981901942,False
1616,8° EF,False,Feminino,18,True,True,False,False,Branca,Urbana,Aprovado,False,75.5,2.2,Muito baixo,8000.56,0.7,False,False,False,False,False,Alto,Bom,Alta,False,Média,False,False,Moderado,Regular,Completa,Alta,Boa,0.5059230009871669,True
1617,3° EM,False,Feminino,13,False,True,True,False,Parda,Urbana,Reprovado,False,89.2,2.7,Médio,6625.94,3.8,False,False,False,False,False,Baixo,Bom,Baixa,False,Média,False,False,Baixo,Boa,Completa,Média,Boa,0.4136229022704838,False
1618,8° EF,False,Masculino,6,False,True,True,False,Parda,Urbana,Aprovado,False,95.6,5.9,Médio,8626.68,3.2,False,False,True,False,False,Médio,Bom,Baixa,True,Média,False,False,Baixo,Boa,Completa,Média,Boa,0.22408687068114513,False
1619,7° EF,False,Feminino,7,False,True,True,False,Amarela,Urbana,Aprovado,False,94.4,9.6,Médio,6900.41,1.8,False,False,True,False,False,Médio,Bom,Baixa,False,Média,False,False,Alto,Regular,Parcial,Baixa,Regular,0.04738400789733464,False
1620,9° EF,False,Feminino,11,True,True,False,False,Parda,Urbana,Aprovado,False,79.5,8.3,Médio,2658.45,1.6,False,False,False,False,False,Médio,Bom,Alta,False,Baixa,False,False,Alto,Regular,Completa,Média,Regular,0.18509378084896344,False
1621,6° EF,False,Masculino,18,True,True,False,False,Indígena,Rural,Aprovado,False,91.7,9.7,Alto,4665.95,3.0,False,False,True,False,False,Alto,Regular,Média,False,Alta,False,False,Alto,Boa,Completa,Baixa,Regular,0.05577492596248769,False
1622,1° EF,False,Feminino,13,False,True,True,False,Indígena,Urbana,Aprovado,False,81.1,2.7,Alto,1709.69,4.0,False,False,False,False,False,Alto,Bom,Alta,False,Alta,False,True,Alto,Boa,Parcial,Alta,Boa,0.4536031589338599,True
1623,7° EF,False,Feminino,15,True,True,True,False,Amarela,Urbana,Em andamento,False,81.0,5.1,Médio,4247.23,3.0,False,False,False,False,False,Médio,Ruim,Média,False,Alta,False,False,Alto,Ruim,Completa,Alta,Boa,0.33563672260612054,False
1624,3° EM,False,Feminino,9,False,False,True,False,Branca,Urbana,Aprovado,False,96.3,9.6,Alto,7054.28,4.2,False,False,True,False,False,Médio,Bom,Alta,False,Média,True,False,Moderado,Boa,Completa,Alta,Boa,0.0380059230009872,True
1625,3° EF,False,Masculino,6,False,True,True,False,Branca,Urbana,Aprovado,False,81.9,4.1,Alto,4221.59,1.1,True,False,False,False,False,Alto,Bom,Baixa,False,Alta,False,False,Moderado,Regular,Parcial,Média,Ruim,0.5450806186245477,False
1626,9° EF,False,Masculino,8,True,True,True,False,Parda,Urbana,Aprovado,False,82.3,9.7,Baixo,3773.76,1.2,False,False,False,False,False,Alto,Ruim,Alta,True,Baixa,False,True,Alto,Boa,Parcial,Alta,Regular,0.10217176702862789,False
1627,3° EF,False,Feminino,7,True,True,True,False,Parda,Urbana,Aprovado,False,57.4,6.8,Baixo,5887.84,0.8,False,False,False,False,False,Alto,Bom,Alta,True,Alta,False,False,Moderado,Ruim,Completa,Média,Ruim,0.3682132280355381,False
1628,7° EF,False,Masculino,12,False,True,False,False,Parda,Rural,Aprovado,False,96.2,6.1,Médio,8095.93,2.4,False,False,False,False,False,Médio,Ruim,Baixa,False,Baixa,False,False,Moderado,Ruim,Completa,Média,Boa,0.21125370187561698,False
1629,2° EF,False,Feminino,7,True,True,True,False,Parda,Rural,Aprovado,False,94.3,0.2,Médio,1518.91,2.2,False,False,False,True,False,Alto,Ruim,Baixa,True,Alta,False,False,Alto,Boa,Completa,Alta,Boa,0.8409016123724913,True
1630,6° EF,False,Masculino,10,True,True,True,False,Parda,Urbana,Aprovado,False,90.7,8.3,Baixo,4213.84,1.8,False,False,False,False,False,Baixo,Bom,Baixa,False,Alta,False,False,Moderado,Boa,Completa,Média,Boa,0.12981243830207304,False
1631,9° EF,False,Masculino,15,False,False,True,False,Indígena,Rural,Evadido,False,93.4,5.4,Alto,2401.5,2.8,False,False,False,False,False,Alto,Regular,Alta,True,Alta,False,False,Baixo,Regular,Completa,Alta,Ruim,0.25962487660414607,True
1632,5° EF,False,Masculino,12,True,True,True,False,Parda,Urbana,Reprovado,False,78.6,7.0,Médio,6685.41,3.2,False,False,False,False,False,Médio,Bom,Alta,False,Alta,True,False,Alto,Regular,Completa,Baixa,Boa,0.2537018756169793,False
1633,8° EF,False,Feminino,8,True,True,False,False,Parda,Urbana,Aprovado,False,87.1,7.2,Baixo,1982.64,0.5,False,False,False,False,False,Médio,Ruim,Média,True,Alta,True,False,Alto,Regular,Completa,Média,Regular,0.20187561697926953,True
1634,1° EM,False,Feminino,15,False,True,True,False,Parda,Urbana,Aprovado,True,84.6,1.9,Médio,6441.77,1.4,False,False,False,False,False,Médio,Regular,Alta,False,Baixa,False,False,Alto,Boa,Parcial,Média,Boa,0.6403422178348142,True
1635,2° EM,False,Masculino,13,True,True,True,False,Parda,Urbana,Aprovado,False,75.9,5.7,Médio,3421.92,2.8,False,False,False,False,False,Baixo,Bom,Média,True,Alta,False,False,Moderado,Regular,Parcial,Alta,Boa,0.33119447186574535,False
1636,3° EF,False,Feminino,9,False,True,True,False,Parda,Rural,Reprovado,False,87.7,6.9,Muito baixo,2725.92,1.5,False,False,False,False,False,Baixo,Bom,Alta,False,Alta,False,False,Moderado,Regular,Parcial,Alta,Regular,0.21372161895360314,False
1637,5° EF,False,Masculino,8,False,True,True,False,Branca,Urbana,Aprovado,False,97.5,7.1,Baixo,8607.56,1.2,False,True,False,False,False,Alto,Ruim,Baixa,False,Baixa,False,False,Moderado,Boa,Parcial,Média,Boa,0.15547877591312934,False
1638,2° EF,False,Feminino,16,True,True,True,False,Parda,Rural,Aprovado,False,71.7,6.8,Baixo,1287.15,3.0,False,False,False,False,False,Médio,Bom,Média,False,Média,False,False,Alto,Regular,Completa,Média,Boa,0.29763079960513333,False
1639,3° EM,False,Masculino,14,True,True,True,False,Branca,Urbana,Aprovado,False,83.1,5.2,Alto,4631.02,0.7,False,False,False,False,False,Médio,Bom,Baixa,True,Baixa,False,False,Alto,Regular,Completa,Alta,Regular,0.3203356367226062,False
1640,2° EM,False,Feminino,19,False,True,True,False,Branca,Urbana,Aprovado,False,80.6,8.8,Médio,1311.89,1.7,True,False,False,False,False,Médio,Bom,Alta,True,Média,False,False,Alto,Regular,Parcial,Média,Ruim,0.31951299769661073,False
1641,7° EF,False,Feminino,11,False,False,True,False,Parda,Urbana,Reprovado,False,81.6,7.2,Médio,4996.44,2.3,False,False,False,False,False,Médio,Bom,Alta,False,Alta,False,False,Alto,Ruim,Completa,Baixa,Regular,0.2290227048371175,False
1642,1° EM,False,Feminino,7,True,True,True,False,Parda,Rural,Aprovado,False,97.2,3.1,Médio,5135.65,1.4,False,True,False,False,False,Médio,Regular,Alta,False,Alta,False,False,Moderado,Ruim,Completa,Baixa,Regular,0.3543928923988155,False
1643,7° EF,False,Feminino,14,False,True,False,False,Branca,Urbana,Aprovado,False,87.3,6.0,Alto,3704.92,2.8,False,False,False,False,False,Alto,Bom,Alta,True,Alta,False,False,Alto,Regular,Completa,Alta,Boa,0.2601184600197434,False
1644,8° EF,False,Feminino,6,False,True,True,False,Parda,Urbana,Reprovado,False,87.3,5.6,Médio,2193.5,1.4,False,True,False,False,False,Baixo,Bom,Alta,False,Média,False,False,Alto,Regular,Completa,Alta,Boa,0.27986179664363287,True
1645,2° EF,False,Masculino,13,True,True,True,False,Parda,Urbana,Aprovado,False,93.6,9.5,Baixo,4141.39,3.4,False,False,False,False,False,Médio,Bom,Baixa,True,Média,False,False,Moderado,Boa,Completa,Baixa,Boa,0.05626850937808493,False
1646,9° EF,False,Feminino,9,True,True,False,False,Branca,Urbana,Aprovado,False,78.7,7.2,Baixo,6501.23,1.9,False,False,False,False,False,Alto,Bom,Alta,False,Alta,False,False,Alto,Boa,Insuficiente,Alta,Boa,0.2433366238894373,False
1647,2° EF,False,Feminino,10,False,True,False,False,Parda,Urbana,Aprovado,False,87.7,2.5,Alto,7379.63,2.7,False,False,False,False,False,Alto,Bom,Baixa,False,Alta,False,True,Moderado,Boa,Completa,Alta,Boa,0.430898321816387,True
1648,1° EM,False,Masculino,9,False,True,True,False,Branca,Urbana,Aprovado,False,86.5,4.9,Muito baixo,5372.56,2.7,False,False,False,False,False,Alto,Regular,Alta,True,Alta,False,False,Alto,Regular,Parcial,Alta,Ruim,0.31836130306021726,True
1649,1° EM,False,Feminino,16,False,True,False,False,Preta,Rural,Em andamento,False,90.1,2.4,Muito alto,5843.8,1.4,False,False,True,False,False,Alto,Regular,Média,False,Média,True,False,Alto,Boa,Insuficiente,Baixa,Boa,0.4239881539980257,True
1650,9° EF,False,Feminino,15,False,True,True,False,Parda,Urbana,Aprovado,False,100.0,6.3,Médio,2739.48,0.1,False,True,True,False,False,Médio,Bom,Média,True,Alta,True,False,Moderado,Boa,Insuficiente,Média,Boa,0.18262586377097734,False
1651,1° EF,False,Masculino,6,False,True,True,False,Parda,Urbana,Aprovado,False,93.8,2.2,Baixo,3431.09,2.4,False,False,False,False,False,Baixo,Ruim,Baixa,True,Baixa,False,False,Alto,Regular,Completa,Alta,Boa,0.41559723593287273,False
1652,4° EF,False,Feminino,15,False,True,True,False,Parda,Urbana,Aprovado,False,85.7,6.8,Médio,2430.65,2.1,False,True,False,False,False,Médio,Bom,Alta,False,Alta,False,False,Baixo,Boa,Completa,Média,Regular,0.22852912142152026,False
1653,4° EF,False,Outro,18,False,True,True,False,Parda,Rural,Reprovado,False,95.1,4.6,Médio,3127.73,2.6,False,False,False,False,False,Médio,Bom,Baixa,False,Alta,True,False,Alto,Regular,Completa,Média,Boa,0.29072063178677204,False
1654,5° EF,False,Masculino,7,False,True,False,False,Branca,Rural,Reprovado,False,79.4,7.9,Baixo,2933.05,1.8,False,False,False,False,False,Alto,Bom,Baixa,True,Média,False,False,Moderado,Boa,Completa,Alta,Ruim,0.20533070088845012,False
1655,2° EF,False,Feminino,15,True,True,False,False,Parda,Urbana,Aprovado,False,70.5,7.1,Médio,5282.42,1.6,True,True,False,False,False,Alto,Regular,Média,True,Média,False,False,Moderado,Ruim,Parcial,Média,Boa,0.4532741033234617,False
1656,3° EM,False,Masculino,11,True,True,True,False,Branca,Urbana,Reprovado,False,80.5,8.6,Baixo,5627.29,4.0,False,False,False,False,False,Médio,Regular,Média,False,Alta,False,False,Alto,Boa,Insuficiente,Alta,Regular,0.16535044422507408,False
1657,7° EF,False,Masculino,7,True,False,False,False,Amarela,Urbana,Aprovado,False,84.4,5.7,Médio,8676.11,0.5,False,False,False,False,False,Baixo,Bom,Alta,True,Alta,False,False,Moderado,Boa,Insuficiente,Média,Boa,0.28923988153998026,False
1658,4° EF,False,Feminino,17,True,True,True,False,Parda,Urbana,Aprovado,False,88.2,4.9,Baixo,2699.23,2.7,False,False,False,False,False,Alto,Bom,Média,False,Alta,True,True,Moderado,Regular,Parcial,Baixa,Boa,0.3099703849950642,False
1659,5° EF,False,Feminino,14,False,True,True,False,Branca,Rural,Aprovado,False,90.4,3.3,Alto,6257.28,1.4,True,False,False,False,False,Alto,Ruim,Baixa,False,Média,False,True,Moderado,Boa,Completa,Média,Ruim,0.5426127015465614,True
1660,6° EF,False,Feminino,13,False,True,True,False,Branca,Urbana,Aprovado,False,97.3,6.9,Alto,7657.7,1.7,False,False,False,False,False,Médio,Bom,Alta,False,Alta,False,False,Baixo,Regular,Parcial,Média,Regular,0.16633761105626854,False
1661,8° EF,False,Feminino,9,False,True,True,False,Parda,Rural,Aprovado,False,88.2,6.1,Muito alto,5607.77,1.7,False,False,False,False,False,Baixo,Ruim,Alta,False,Média,True,False,Moderado,Regular,Parcial,Alta,Regular,0.25074037512339586,False
1662,7° EF,False,Feminino,8,False,True,True,False,Parda,Rural,Aprovado,False,88.0,6.4,Médio,3173.26,1.2,False,False,False,False,False,Alto,Regular,Baixa,False,Alta,False,True,Baixo,Regular,Completa,Alta,Boa,0.23692003948667328,True
1663,2° EM,False,Feminino,14,False,True,True,False,Parda,Urbana,Aprovado,False,72.8,1.0,Baixo,3233.45,2.6,True,False,False,False,False,Médio,Bom,Alta,False,Alta,True,False,Baixo,Boa,Insuficiente,Alta,Boa,0.7430075682790392,True
1664,6° EF,False,Feminino,9,False,False,True,False,Parda,Urbana,Aprovado,False,71.1,6.5,Muito baixo,1452.47,3.4,False,False,False,False,False,Médio,Regular,Alta,False,Média,False,False,Moderado,Regular,Completa,Baixa,Boa,0.31539980256663386,False
1665,3° EM,False,Feminino,15,False,True,False,False,Branca,Urbana,Aprovado,False,89.1,2.9,Alto,3575.56,2.5,False,False,False,False,False,Alto,Regular,Alta,False,Alta,False,False,Alto,Boa,Completa,Alta,Boa,0.4042448173741363,True
1666,2° EM,False,Feminino,9,False,True,True,False,Preta,Urbana,Aprovado,False,86.6,6.7,Médio,7078.21,2.1,False,False,False,False,False,Alto,Bom,Alta,True,Alta,False,True,Alto,Boa,Parcial,Alta,Regular,0.22902270483711754,False
1667,3° EF,False,Feminino,7,True,True,True,False,Parda,Rural,Reprovado,False,95.4,8.6,Médio,1518.39,1.0,False,False,False,False,False,Baixo,Bom,Alta,True,Média,False,False,Moderado,Boa,Completa,Média,Ruim,0.09180651530108588,False
1668,3° EM,False,Feminino,15,False,False,True,False,Parda,Urbana,Aprovado,False,79.0,5.5,Médio,2888.46,2.5,False,False,False,False,False,Baixo,Ruim,Baixa,True,Alta,False,True,Baixo,Boa,Completa,Média,Boa,0.3257650542941758,True
1669,2° EF,False,Outro,17,False,True,False,False,Preta,Rural,Evadido,False,69.7,1.3,Muito baixo,6772.17,4.2,False,False,False,False,False,Baixo,Ruim,Baixa,False,Alta,True,False,Alto,Boa,Insuficiente,Alta,Regular,0.5789733464955578,True
1670,1° EM,False,Masculino,10,False,False,True,False,Branca,Urbana,Reprovado,False,86.9,8.6,Baixo,7381.67,1.6,False,False,True,False,False,Alto,Bom,Média,True,Alta,False,True,Alto,Ruim,Parcial,Média,Boa,0.13376110562685092,False
1671,5° EF,False,Masculino,8,False,True,False,True,Branca,Urbana,Reprovado,False,81.6,8.2,Muito baixo,4770.93,1.6,True,False,False,False,False,Baixo,Bom,Baixa,True,Baixa,False,False,Alto,Ruim,Completa,Baixa,Ruim,0.34419216847647266,True
1672,2° EM,False,Feminino,11,True,True,True,False,Branca,Rural,Aprovado,False,72.7,8.5,Baixo,6707.1,1.4,False,True,False,False,False,Alto,Bom,Alta,True,Baixa,False,True,Alto,Boa,Insuficiente,Alta,Regular,0.20878578479763082,False
1673,2° EM,False,Masculino,11,False,True,True,False,Branca,Urbana,Aprovado,False,92.8,5.5,Médio,4233.63,1.5,False,False,False,False,False,Alto,Bom,Alta,False,Média,False,False,Alto,Boa,Parcial,Média,Boa,0.2576505429417572,False
1674,1° EM,False,Masculino,17,False,True,False,False,Branca,Rural,Reprovado,False,76.8,5.9,Médio,2414.84,0.7,False,False,False,False,False,Baixo,Bom,Baixa,True,Alta,False,True,Moderado,Boa,Insuficiente,Média,Boa,0.31688055281342553,False
1675,1° EM,False,Feminino,7,True,False,False,True,Amarela,Urbana,Aprovado,False,90.3,9.8,Baixo,4314.96,2.4,False,False,True,False,False,Médio,Bom,Alta,False,Alta,False,True,Alto,Regular,Completa,Média,Boa,0.05774925962487659,False
1676,4° EF,False,Masculino,18,True,True,True,False,Parda,Urbana,Em andamento,False,82.8,5.1,Médio,5765.11,1.2,False,False,False,False,False,Médio,Bom,Baixa,False,Alta,False,True,Alto,Regular,Parcial,Alta,Boa,0.3267522211253703,False
1677,2° EF,False,Masculino,11,False,True,True,False,Parda,Rural,Aprovado,False,79.5,6.1,Médio,8700.88,0.4,False,False,True,False,False,Médio,Ruim,Alta,False,Alta,False,False,Alto,Boa,Completa,Alta,Regular,0.2936821322803554,False
1678,5° EF,False,Feminino,10,False,True,True,False,Parda,Urbana,Evadido,False,85.3,3.8,Baixo,1687.74,2.8,False,False,False,False,False,Alto,Bom,Alta,False,Média,False,False,Moderado,Boa,Completa,Média,Boa,0.37857847976308,False
1679,3° EF,False,Masculino,7,False,True,True,True,Branca,Rural,Aprovado,False,94.5,9.8,Baixo,5186.27,0.9,False,False,False,False,False,Médio,Bom,Baixa,True,Baixa,False,False,Baixo,Regular,Parcial,Alta,Ruim,0.037018756169792666,False
1680,9° EF,False,Feminino,14,False,True,True,False,Parda,Urbana,Reprovado,False,85.6,4.4,Baixo,3762.8,1.7,False,False,False,False,False,Alto,Ruim,Alta,False,Alta,False,False,Alto,Boa,Parcial,Média,Boa,0.34748272458045415,True
1681,5° EF,False,Masculino,13,True,True,False,False,Parda,Urbana,Reprovado,True,93.4,8.4,Alto,5193.59,3.5,False,False,False,False,False,Baixo,Regular,Baixa,False,Média,False,False,Moderado,Ruim,Parcial,Média,Ruim,0.27607765712405397,True
1682,3° EM,False,Masculino,19,False,False,True,False,Branca,Urbana,Em andamento,False,77.5,6.7,Médio,1330.62,0.6,False,False,False,False,False,Médio,Regular,Alta,False,Alta,False,False,Alto,Regular,Parcial,Baixa,Boa,0.27393879565646595,True
1683,8° EF,False,Feminino,8,False,True,True,False,Parda,Urbana,Aprovado,False,93.9,5.7,Médio,3636.03,0.5,False,False,False,False,False,Médio,Bom,Baixa,True,Alta,False,False,Moderado,Ruim,Insuficiente,Alta,Boa,0.24234945705824287,True
1684,1° EM,False,Masculino,7,False,True,False,False,Parda,Urbana,Aprovado,False,81.6,6.2,Médio,7678.5,2.3,False,False,False,False,False,Alto,Bom,Alta,False,Alta,False,False,Moderado,Boa,Insuficiente,Alta,Boa,0.27838104639684114,False
1685,2° EF,False,Masculino,14,True,True,False,False,Amarela,Urbana,Evadido,False,91.8,4.5,Alto,5557.53,3.1,False,False,False,False,False,Médio,Bom,Alta,False,Alta,False,False,Moderado,Boa,Insuficiente,Média,Regular,0.3119447186574532,True
1686,2° EM,False,Masculino,6,False,True,True,False,Branca,Urbana,Aprovado,False,89.4,8.9,Médio,4733.16,0.4,False,False,False,False,False,Médio,Bom,Média,False,Média,False,False,Alto,Boa,Insuficiente,Média,Boa,0.10661401776900292,False
1687,2° EM,False,Masculino,7,True,True,False,False,Branca,Urbana,Aprovado,False,97.8,3.0,Baixo,3416.69,2.4,False,False,False,False,False,Médio,Bom,Alta,True,Média,False,False,Baixo,Boa,Parcial,Alta,Regular,0.3563672260612044,False
1688,6° EF,False,Feminino,17,False,True,True,False,Parda,Urbana,Aprovado,False,85.5,0.4,Baixo,3516.53,2.6,False,False,False,False,False,Médio,Bom,Alta,True,Média,False,False,Alto,Boa,Parcial,Alta,Regular,0.5454096742349457,False
1689,8° EF,False,Feminino,11,True,True,True,False,Parda,Urbana,Reprovado,False,74.1,5.8,Alto,4194.94,0.1,False,False,False,False,False,Médio,Regular,Média,False,Alta,False,False,Moderado,Boa,Parcial,Alta,Boa,0.3351431391905233,False
1690,1° EM,False,Feminino,7,False,False,True,False,Branca,Urbana,Aprovado,False,68.6,7.3,Alto,7803.74,2.8,False,False,False,False,False,Médio,Ruim,Alta,False,Média,False,False,Moderado,Ruim,Completa,Média,Regular,0.2882527147087859,True
1691,3° EF,False,Feminino,9,False,True,False,False,Parda,Urbana,Evadido,True,95.1,5.3,Alto,8853.7,2.9,False,True,False,False,False,Alto,Bom,Média,False,Baixa,False,False,Moderado,Regular,Parcial,Alta,Regular,0.4206975978940442,False
1692,6° EF,False,Feminino,17,False,True,True,False,Preta,Urbana,Aprovado,False,88.5,8.7,Baixo,4638.03,1.7,False,False,False,False,False,Médio,Bom,Alta,False,Alta,False,False,Baixo,Ruim,Insuficiente,Média,Boa,0.12092793682132284,False
1693,5° EF,False,Masculino,13,True,False,True,False,Parda,Rural,Aprovado,False,93.9,8.0,Médio,4276.7,3.3,False,False,False,False,False,Baixo,Bom,Alta,False,Alta,False,False,Baixo,Boa,Completa,Alta,Regular,0.12882527147087858,False
1694,2° EF,False,Feminino,16,False,True,False,True,Parda,Rural,Aprovado,False,81.5,4.9,Alto,7891.32,3.1,False,False,False,False,False,Alto,Bom,Alta,False,Alta,False,False,Moderado,Regular,Parcial,Baixa,Regular,0.343040473840079,False
1695,5° EF,False,Masculino,13,False,True,False,False,Parda,Urbana,Reprovado,False,84.5,5.8,Baixo,4544.31,2.1,False,False,False,False,False,Médio,Bom,Baixa,True,Baixa,True,False,Baixo,Boa,Completa,Alta,Boa,0.2838104639684107,False
1696,1° EF,False,Masculino,13,False,True,True,False,Branca,Urbana,Aprovado,False,70.5,7.1,Muito baixo,5542.19,1.5,False,False,False,False,False,Médio,Bom,Alta,False,Média,False,False,Baixo,Regular,Completa,Alta,Boa,0.28874629812438307,False
1697,1° EF,False,Masculino,7,False,True,True,False,Parda,Urbana,Aprovado,False,98.7,8.6,Alto,2981.34,1.0,False,False,False,False,False,Médio,Bom,Média,False,Baixa,False,False,Moderado,Ruim,Completa,Alta,Boa,0.07551826258637712,False
1698,2° EF,False,Masculino,19,True,False,True,False,Branca,Urbana,Evadido,False,91.6,5.1,Muito baixo,7069.43,2.0,False,False,False,False,False,Alto,Bom,Alta,False,Alta,False,False,Moderado,Boa,Completa,Baixa,Boa,0.28331688055281357,True
1699,3° EM,False,Feminino,17,True,True,True,False,Parda,Urbana,Aprovado,False,97.9,4.5,Muito baixo,5382.43,2.6,False,False,True,False,False,Baixo,Bom,Média,False,Alta,False,True,Baixo,Ruim,Completa,Média,Ruim,0.2818361303060217,True
1700,7° EF,False,Masculino,6,False,True,True,False,Parda,Urbana,Aprovado,False,82.4,7.7,Muito baixo,7592.1,1.7,False,False,False,False,False,Médio,Bom,Alta,True,Média,True,False,Alto,Ruim,Completa,Média,Boa,0.20039486673247775,False
1701,3° EM,False,Feminino,17,False,True,False,False,Amarela,Urbana,Reprovado,False,90.4,3.5,Alto,7366.37,0.2,False,False,False,False,False,Médio,Bom,Baixa,False,Alta,False,True,Moderado,Regular,Completa,Média,Regular,0.3682132280355381,False
1702,6° EF,False,Masculino,11,False,True,True,False,Parda,Urbana,Evadido,False,91.8,8.2,Médio,2854.24,3.3,False,True,False,False,False,Alto,Regular,Alta,False,Média,True,False,Alto,Boa,Insuficiente,Alta,Boa,0.12931885488647588,False
1703,4° EF,False,Masculino,19,True,True,False,False,Parda,Urbana,Aprovado,False,83.8,5.4,Muito baixo,6847.17,2.2,False,True,False,False,False,Alto,Ruim,Alta,False,Alta,True,False,Alto,Regular,Completa,Baixa,Boa,0.3070088845014808,True
1704,7° EF,False,Masculino,13,False,True,True,False,Parda,Urbana,Em andamento,False,95.6,9.9,Médio,7520.47,1.6,False,False,False,False,False,Alto,Ruim,Alta,False,Alta,False,False,Baixo,Regular,Parcial,Média,Boa,0.026653504442250755,False
1705,6° EF,False,Masculino,16,False,True,False,False,Parda,Urbana,Aprovado,False,98.3,3.0,Baixo,3899.88,2.9,False,False,True,False,False,Baixo,Bom,Média,False,Alta,True,True,Moderado,Boa,Completa,Alta,Boa,0.35389930898321825,False
1706,2° EF,False,Masculino,9,True,True,False,False,Branca,Urbana,Aprovado,False,96.6,5.9,Muito baixo,2516.1,3.5,False,True,False,False,False,Médio,Regular,Alta,False,Média,False,False,Baixo,Boa,Completa,Alta,Regular,0.21915103652517282,False
1707,8° EF,False,Masculino,15,False,True,True,False,Branca,Rural,Aprovado,False,93.1,6.7,Alto,1160.39,0.8,False,False,False,False,False,Baixo,Regular,Alta,True,Baixa,False,True,Baixo,Regular,Completa,Alta,Boa,0.19693978282329716,False
1708,3° EF,False,Feminino,15,False,True,False,False,Parda,Urbana,Aprovado,False,82.7,6.1,Alto,4735.72,2.4,False,False,False,False,True,Médio,Bom,Média,False,Alta,False,False,Alto,Boa,Completa,Baixa,Regular,0.2778874629812439,False
1709,8° EF,False,Feminino,8,False,True,True,False,Parda,Urbana,Aprovado,False,82.8,5.4,Médio,3950.33,0.6,False,False,True,False,False,Baixo,Ruim,Alta,False,Baixa,False,False,Moderado,Regular,Completa,Alta,Boa,0.31194471865745316,True
1710,8° EF,False,Outro,9,False,True,False,False,Preta,Urbana,Reprovado,False,98.8,3.6,Muito baixo,5565.25,2.5,False,False,False,False,False,Médio,Bom,Baixa,False,Alta,False,False,Alto,Boa,Completa,Média,Ruim,0.3218163869693979,False
1711,2° EF,False,Feminino,12,False,True,True,False,Parda,Urbana,Aprovado,False,66.2,3.5,Médio,2639.18,2.1,True,False,False,False,False,Médio,Bom,Média,False,Média,True,False,Moderado,Regular,Completa,Baixa,Ruim,0.6521882198091478,True
1712,1° EF,False,Outro,17,False,True,True,False,Branca,Urbana,Evadido,False,92.6,5.8,Muito alto,7995.92,2.6,False,False,False,False,False,Alto,Ruim,Média,True,Alta,False,False,Alto,Boa,Completa,Alta,Boa,0.24383020730503463,True
1713,1° EM,False,Masculino,13,True,True,True,False,Parda,Urbana,Aprovado,False,92.4,5.7,Baixo,3195.2,1.5,False,True,False,False,True,Alto,Regular,Média,True,Alta,False,False,Moderado,Ruim,Parcial,Alta,Regular,0.2497532082922014,False
1714,6° EF,False,Feminino,7,True,True,True,False,Preta,Urbana,Aprovado,False,90.6,1.5,Médio,2945.36,0.1,False,False,False,False,False,Médio,Ruim,Alta,True,Alta,False,False,Alto,Boa,Parcial,Alta,Regular,0.4659427443237908,False
1715,1° EF,False,Masculino,12,False,True,False,False,Branca,Urbana,Aprovado,False,99.7,9.0,Baixo,4973.48,1.5,False,False,False,False,False,Baixo,Ruim,Média,False,Baixa,False,True,Alto,Boa,Parcial,Alta,Ruim,0.050839091806515295,False
1716,3° EM,False,Feminino,6,False,True,True,False,Parda,Urbana,Evadido,False,83.6,5.9,Baixo,5118.14,2.4,False,False,False,False,False,Alto,Regular,Alta,False,Alta,False,False,Baixo,Ruim,Completa,Média,Boa,0.28331688055281345,False
1717,1° EF,False,Feminino,19,False,True,True,False,Parda,Rural,Aprovado,False,84.3,1.1,Alto,2854.88,3.0,True,False,False,False,False,Médio,Regular,Alta,False,Alta,False,False,Moderado,Regular,Completa,Alta,Regular,0.6813096413293849,False
1718,9° EF,False,Feminino,6,False,True,True,False,Não declarada,Urbana,Evadido,False,75.0,4.5,Médio,3307.71,0.8,False,False,False,False,False,Alto,Bom,Baixa,True,Média,False,False,Baixo,Ruim,Parcial,Alta,Boa,0.3948667324777888,True
1719,3° EM,False,Feminino,11,True,True,True,False,Parda,Urbana,Aprovado,False,86.7,5.5,Baixo,2492.94,3.0,False,False,False,False,False,Alto,Regular,Média,False,Média,False,False,Moderado,Ruim,Completa,Baixa,Boa,0.2877591312931886,False
1720,3° EF,False,Feminino,15,False,True,True,False,Branca,Urbana,Aprovado,False,82.3,5.3,Médio,6869.69,1.4,False,False,False,False,False,Médio,Ruim,Alta,False,Média,False,False,Baixo,Regular,Completa,Alta,Regular,0.31934846989141175,True
1721,2° EF,False,Masculino,6,True,True,True,False,Branca,Urbana,Aprovado,True,84.4,7.2,Médio,7281.48,2.4,False,False,False,False,False,Médio,Bom,Alta,False,Baixa,False,True,Alto,Regular,Completa,Alta,Regular,0.37973017439947354,False
1722,2° EF,False,Feminino,12,False,False,True,False,Branca,Urbana,Aprovado,False,95.3,3.2,Baixo,4826.84,1.5,False,False,True,False,False,Alto,Ruim,Média,False,Média,False,False,Alto,Ruim,Parcial,Média,Regular,0.35883514313919057,True
1723,4° EF,False,Feminino,11,True,True,True,False,Amarela,Urbana,Reprovado,False,98.0,6.4,Alto,6834.82,2.2,False,False,False,False,False,Alto,Bom,Média,False,Alta,False,False,Baixo,Regular,Completa,Baixa,Regular,0.18756169792694968,False
1724,2° EF,False,Masculino,16,False,True,True,True,Parda,Rural,Aprovado,False,79.9,7.8,Médio,7009.07,2.9,False,False,False,False,False,Médio,Ruim,Alta,False,Média,False,False,Alto,Regular,Insuficiente,Baixa,Ruim,0.20779861796643637,False
1725,9° EF,False,Feminino,16,False,True,False,False,Parda,Urbana,Aprovado,False,85.1,7.3,Médio,2242.26,0.8,False,False,False,False,True,Médio,Bom,Alta,False,Alta,False,False,Moderado,Boa,Parcial,Baixa,Regular,0.2068114511352419,True
1726,1° EF,False,Masculino,11,True,True,True,False,Parda,Urbana,Aprovado,False,97.8,5.9,Médio,8845.44,1.3,False,False,False,False,False,Médio,Bom,Média,True,Alta,False,False,Baixo,Boa,Parcial,Baixa,Regular,0.21322803553800596,False
1727,7° EF,False,Feminino,8,True,True,False,False,Parda,Urbana,Aprovado,False,73.7,6.2,Muito baixo,7687.79,2.2,False,False,False,False,False,Médio,Regular,Média,False,Alta,True,False,Baixo,Regular,Parcial,Alta,Ruim,0.3173741362290227,True
1728,3° EM,False,Feminino,12,True,True,False,False,Branca,Rural,Reprovado,False,75.8,10.0,Médio,2770.32,4.4,False,False,False,False,False,Baixo,Bom,Alta,True,Baixa,False,False,Baixo,Boa,Completa,Média,Boa,0.11944718657453111,False
1729,1° EM,False,Masculino,6,True,True,True,False,Branca,Urbana,Aprovado,False,79.1,8.2,Baixo,2624.22,1.1,False,False,True,False,False,Médio,Bom,Alta,True,Alta,False,False,Alto,Regular,Parcial,Alta,Regular,0.19200394866732484,True
1730,8° EF,False,Feminino,15,False,True,True,False,Parda,Urbana,Aprovado,False,90.0,5.5,Médio,2141.65,4.0,False,False,False,False,False,Médio,Ruim,Alta,False,Alta,False,False,Baixo,Ruim,Completa,Alta,Ruim,0.27147087857847985,False
1731,4° EF,False,Masculino,18,False,True,True,False,Branca,Urbana,Aprovado,False,78.6,5.7,Médio,2243.08,4.0,False,False,False,False,False,Baixo,Bom,Alta,True,Alta,False,True,Alto,Regular,Completa,Alta,Boa,0.31786771964462,False
1732,8° EF,False,Masculino,7,True,False,True,False,Branca,Urbana,Evadido,False,98.9,8.1,Médio,7106.59,1.9,False,False,False,False,False,Médio,Bom,Média,False,Alta,False,False,Baixo,Boa,Parcial,Alta,Boa,0.09921026653504443,False
1733,7° EF,False,Feminino,9,False,True,True,False,Parda,Urbana,Reprovado,False,86.8,5.8,Alto,4885.27,1.7,False,False,False,False,False,Alto,Bom,Alta,False,Média,False,False,Alto,Ruim,Completa,Alta,Boa,0.27245804540967433,False
1734,6° EF,False,Masculino,13,False,True,False,True,Parda,Urbana,Evadido,False,88.0,9.0,Baixo,7383.93,1.3,False,False,False,False,False,Médio,Bom,Média,False,Baixa,False,False,Moderado,Boa,Completa,Alta,Regular,0.10858835143139194,False
1735,2° EF,False,Feminino,6,True,True,False,False,Parda,Urbana,Aprovado,False,81.8,8.0,Baixo,7091.38,1.9,True,False,False,False,False,Alto,Bom,Baixa,True,Alta,False,False,Alto,Ruim,Completa,Alta,Ruim,0.35307666995722287,False
1736,2° EM,True,Feminino,14,True,True,False,False,Branca,Urbana,Evadido,False,74.2,5.1,Baixo,2066.69,1.6,False,False,False,False,False,Médio,Ruim,Média,True,Baixa,False,False,Moderado,Ruim,Parcial,Alta,Boa,0.3692003948667325,False
1737,6° EF,False,Masculino,9,True,True,False,False,Branca,Urbana,Aprovado,False,91.4,8.5,Médio,6613.72,1.9,False,False,False,False,True,Alto,Ruim,Média,False,Alta,True,False,Moderado,Boa,Insuficiente,Baixa,Boa,0.11648568608094766,False
1738,3° EF,False,Feminino,14,True,True,True,False,Parda,Urbana,Reprovado,False,93.4,6.0,Baixo,1285.8,3.5,False,False,False,False,False,Alto,Bom,Baixa,False,Baixa,False,False,Alto,Regular,Parcial,Média,Boa,0.23000987166831194,False
1739,5° EF,False,Feminino,17,False,True,False,False,Parda,Urbana,Aprovado,False,93.4,7.0,Muito alto,3626.08,1.4,False,True,False,False,False,Alto,Ruim,Baixa,True,Média,True,False,Moderado,Boa,Completa,Média,Boa,0.18065153010858834,True
1740,5° EF,False,Masculino,15,True,True,True,False,Parda,Urbana,Aprovado,False,89.7,8.3,Médio,6226.54,1.8,True,False,False,False,False,Médio,Bom,Alta,False,Alta,False,False,Baixo,Ruim,Parcial,Baixa,Boa,0.29927607765712405,False
1741,1° EM,False,Masculino,6,False,True,True,False,Parda,Urbana,Aprovado,False,97.1,5.3,Baixo,1213.93,0.3,False,False,False,False,False,Alto,Ruim,Média,False,Média,False,True,Baixo,Boa,Completa,Média,Ruim,0.24629812438302082,False
1742,9° EF,False,Feminino,11,False,True,True,False,Branca,Urbana,Aprovado,False,94.9,6.0,Médio,1402.42,2.4,False,False,False,False,False,Baixo,Regular,Alta,False,Alta,False,False,Baixo,Regular,Parcial,Média,Regular,0.2226061204343534,False
1743,1° EM,False,Feminino,15,False,True,True,False,Branca,Urbana,Reprovado,False,93.5,6.4,Médio,7933.89,2.3,False,False,False,False,False,Baixo,Bom,Alta,False,Alta,False,True,Alto,Boa,Completa,Alta,Boa,0.2097729516288253,False
1744,1° EF,False,Feminino,17,False,True,True,False,Branca,Urbana,Aprovado,False,73.2,6.9,Baixo,6595.05,2.1,False,False,False,True,False,Médio,Ruim,Alta,True,Alta,False,False,Baixo,Boa,Completa,Alta,Boa,0.6143468246133597,True
1745,5° EF,False,Masculino,10,False,True,False,False,Parda,Urbana,Reprovado,False,64.8,9.4,Médio,3255.94,1.8,False,False,False,False,False,Baixo,Bom,Média,False,Alta,False,False,Alto,Boa,Parcial,Média,Boa,0.20335636722606124,False
1746,6° EF,False,Masculino,16,False,True,True,False,Parda,Urbana,Aprovado,False,80.8,2.0,Muito baixo,6626.45,1.7,False,False,False,False,True,Alto,Bom,Média,True,Média,False,False,Moderado,Boa,Parcial,Baixa,Boa,0.48963474827245806,True
1747,1° EF,False,Feminino,10,False,True,True,False,Parda,Urbana,Aprovado,False,91.5,6.1,Baixo,7459.88,2.5,False,False,False,False,True,Alto,Regular,Alta,False,Alta,False,False,Moderado,Boa,Parcial,Média,Boa,0.2344521224086871,False
1748,4° EF,False,Feminino,11,False,True,False,False,Branca,Urbana,Aprovado,True,86.0,7.2,Médio,3586.33,2.0,False,False,False,False,False,Alto,Bom,Baixa,True,Média,False,False,Moderado,Regular,Parcial,Média,Regular,0.3718328397499178,False
1749,1° EM,False,Outro,13,True,True,True,False,Parda,Urbana,Aprovado,False,85.8,4.3,Muito baixo,1426.83,2.3,False,False,False,False,False,Médio,Ruim,Média,False,Baixa,True,False,Moderado,Boa,Parcial,Alta,Boa,0.35143139190523204,False
1750,2° EF,False,Feminino,17,True,True,False,False,Branca,Rural,Aprovado,False,96.6,6.3,Alto,8579.06,2.2,False,False,False,False,False,Alto,Regular,Alta,False,Baixa,False,False,Moderado,Boa,Parcial,Alta,Boa,0.19940769990128338,True
1751,7° EF,False,Feminino,6,False,True,True,False,Branca,Urbana,Aprovado,False,96.9,6.7,Muito alto,3892.49,3.1,True,False,False,False,False,Baixo,Regular,Alta,False,Baixa,True,False,Alto,Regular,Parcial,Baixa,Regular,0.3427114182296809,False
1752,3° EF,False,Feminino,17,False,True,False,False,Preta,Urbana,Aprovado,False,97.2,0.6,Muito baixo,1988.68,2.7,False,False,True,False,False,Médio,Bom,Baixa,False,Média,False,False,Alto,Regular,Parcial,Alta,Ruim,0.47778874629812446,False
1753,1° EF,False,Feminino,9,False,True,False,False,Parda,Urbana,Aprovado,False,83.7,9.8,Baixo,5062.35,2.2,False,True,False,False,False,Alto,Ruim,Baixa,False,Baixa,False,False,Moderado,Regular,Parcial,Alta,Boa,0.09032576505429414,False
1754,3° EF,False,Masculino,6,False,True,True,False,Branca,Rural,Reprovado,False,92.1,5.7,Médio,7268.55,3.5,False,False,True,True,False,Médio,Bom,Alta,False,Baixa,False,False,Moderado,Boa,Completa,Média,Regular,0.5802895689371504,False
1755,3° EM,False,Masculino,10,True,True,True,False,Parda,Urbana,Aprovado,False,82.6,9.8,Baixo,2907.21,2.4,False,False,False,False,False,Baixo,Bom,Alta,False,Média,False,False,Baixo,Boa,Parcial,Média,Regular,0.09575518262586377,True
1756,1° EM,False,Masculino,8,True,True,True,False,Branca,Urbana,Evadido,False,80.1,10.0,Médio,3288.8,3.3,False,False,False,False,False,Alto,Bom,Alta,True,Alta,False,False,Baixo,Boa,Parcial,Baixa,Boa,0.09822309970385,False
1757,3° EM,False,Masculino,18,False,True,True,False,Indígena,Urbana,Aprovado,True,79.9,0.6,Baixo,3075.25,2.6,False,False,False,False,False,Médio,Ruim,Média,False,Alta,False,False,Baixo,Boa,Parcial,Alta,Boa,0.727706482395525,True
1758,6° EF,False,Masculino,12,False,True,True,False,Branca,Urbana,Aprovado,False,84.4,9.5,Alto,9048.79,0.2,False,False,False,False,False,Médio,Bom,Alta,False,Alta,False,False,Alto,Boa,Completa,Baixa,Regular,0.10167818361303059,False
1759,2° EF,False,Feminino,16,False,True,True,False,Branca,Urbana,Reprovado,False,86.5,5.5,Médio,2713.85,3.3,False,False,True,False,False,Médio,Bom,Baixa,False,Média,False,False,Moderado,Regular,Parcial,Baixa,Boa,0.28874629812438307,True
1760,7° EF,False,Feminino,16,True,True,False,False,Branca,Urbana,Aprovado,False,95.2,7.2,Alto,5729.63,2.1,False,False,False,False,False,Médio,Ruim,Alta,False,Alta,False,False,Alto,Boa,Completa,Média,Regular,0.16189536031589338,False
1761,6° EF,False,Feminino,6,False,True,True,False,Branca,Urbana,Aprovado,False,77.2,6.0,Médio,8519.13,1.9,False,True,False,False,False,Alto,Bom,Média,False,Alta,False,False,Alto,Boa,Parcial,Alta,Regular,0.3099703849950642,True
1762,1° EM,False,Masculino,17,True,True,False,False,Branca,Urbana,Aprovado,False,93.0,9.2,Médio,2311.02,2.3,False,False,False,False,False,Médio,Bom,Alta,False,Alta,False,False,Moderado,Ruim,Completa,Média,Boa,0.07403751233958544,False
1763,2° EF,False,Masculino,15,False,True,True,False,Branca,Urbana,Aprovado,False,88.7,6.2,Baixo,8882.74,1.7,False,False,False,False,False,Alto,Bom,Alta,False,Alta,False,False,Alto,Regular,Completa,Baixa,Regular,0.2433366238894373,True
1764,6° EF,False,Masculino,6,False,False,True,False,Parda,Urbana,Reprovado,False,83.0,8.6,Baixo,8696.29,2.2,False,False,False,False,False,Baixo,Regular,Média,False,Alta,False,True,Moderado,Boa,Completa,Baixa,Boa,0.15301085883514318,False
1765,2° EF,False,Feminino,18,False,True,False,False,Parda,Urbana,Reprovado,False,87.8,7.8,Médio,8194.57,1.4,False,False,False,False,False,Médio,Bom,Alta,False,Alta,False,False,Baixo,Ruim,Completa,Alta,Boa,0.16880552813425473,False
1766,4° EF,False,Masculino,14,True,True,False,False,Parda,Urbana,Aprovado,False,83.3,0.6,Muito alto,2850.66,3.3,False,False,False,False,False,Médio,Bom,Média,False,Média,False,False,Baixo,Boa,Parcial,Alta,Boa,0.5463968410661404,True
1767,9° EF,False,Masculino,17,True,True,True,False,Parda,Urbana,Evadido,False,90.0,6.0,Médio,6196.5,1.9,False,False,False,False,False,Médio,Bom,Alta,False,Alta,False,False,Alto,Boa,Completa,Alta,Boa,0.246791707798618,False
1768,6° EF,False,Feminino,7,False,True,True,True,Parda,Urbana,Aprovado,False,86.5,9.1,Baixo,7208.12,1.6,True,False,False,False,False,Médio,Bom,Média,False,Alta,False,False,Alto,Regular,Insuficiente,Média,Boa,0.2755840737084568,False
1769,5° EF,False,Feminino,10,True,True,True,False,Branca,Urbana,Aprovado,False,79.1,8.1,Médio,9003.76,1.1,False,False,False,False,False,Alto,Bom,Média,False,Média,False,False,Baixo,Boa,Completa,Baixa,Regular,0.1969397828232972,True
1770,5° EF,False,Feminino,13,False,True,True,False,Parda,Urbana,Aprovado,True,77.1,5.8,Baixo,2578.42,2.3,False,False,False,False,False,Médio,Bom,Média,True,Alta,False,False,Moderado,Ruim,Completa,Alta,Regular,0.4848634419216849,True
1771,6° EF,False,Feminino,10,False,True,True,True,Parda,Urbana,Aprovado,False,89.0,0.3,Muito alto,7249.07,2.2,False,False,False,False,False,Alto,Ruim,Alta,True,Média,False,False,Moderado,Boa,Insuficiente,Média,Boa,0.5330700888450148,False
1772,1° EM,False,Feminino,7,True,True,True,False,Branca,Rural,Aprovado,False,97.0,10.0,Médio,3841.61,2.4,False,True,False,False,False,Baixo,Regular,Alta,False,Alta,False,True,Alto,Regular,Parcial,Alta,Boa,0.01480750246791708,False
1773,2° EM,False,Feminino,12,True,True,False,False,Branca,Urbana,Em andamento,False,84.4,0.2,Baixo,2540.16,1.0,False,False,False,False,False,Médio,Regular,Alta,False,Alta,False,False,Alto,Ruim,Completa,Média,Boa,0.5607107601184601,True
1774,3° EM,False,Feminino,6,False,True,True,False,Preta,Rural,Aprovado,False,93.0,7.8,Muito baixo,4500.22,0.4,False,False,False,False,False,Baixo,Bom,Média,False,Média,False,False,Moderado,Boa,Completa,Alta,Ruim,0.14313919052319846,True
1775,1° EM,False,Masculino,14,False,True,True,False,Branca,Urbana,Evadido,False,91.4,9.1,Médio,7470.88,2.6,False,False,False,False,False,Alto,Bom,Média,False,Média,False,False,Alto,Regular,Parcial,Média,Boa,0.08687068114511351,False
1776,4° EF,False,Feminino,8,True,True,True,False,Branca,Urbana,Aprovado,True,97.8,8.2,Médio,4846.95,3.5,False,False,False,False,False,Médio,Bom,Alta,False,Média,False,False,Moderado,Boa,Completa,Alta,Regular,0.26423165514972036,False
1777,9° EF,False,Masculino,19,True,True,True,False,Branca,Urbana,Evadido,False,95.0,8.4,Médio,5426.58,1.0,False,False,False,False,False,Alto,Bom,Alta,False,Baixa,False,True,Moderado,Boa,Completa,Alta,Regular,0.10365251727541956,False
1778,6° EF,False,Feminino,8,False,True,False,False,Parda,Urbana,Aprovado,False,89.4,8.3,Médio,9076.59,3.6,False,False,False,False,False,Médio,Regular,Alta,False,Média,False,False,Moderado,Regular,Completa,Média,Boa,0.13622902270483708,False
1779,3° EF,False,Masculino,7,True,True,True,False,Preta,Rural,Em andamento,False,91.3,2.5,Alto,4322.62,2.3,False,False,False,False,False,Alto,Bom,Alta,False,Alta,False,False,Moderado,Boa,Parcial,Alta,Boa,0.4131293188548865,True
1780,1° EM,False,Masculino,11,False,True,False,False,Parda,Rural,Aprovado,False,96.9,6.6,Médio,6047.71,2.0,False,False,False,False,False,Baixo,Ruim,Baixa,False,Alta,False,False,Baixo,Boa,Insuficiente,Alta,Boa,0.18311944718657455,False
1781,1° EF,False,Feminino,18,False,True,False,False,Parda,Rural,Aprovado,False,85.8,9.0,Médio,4052.51,1.6,False,False,False,False,False,Alto,Bom,Média,False,Média,False,False,Moderado,Boa,Parcial,Média,Ruim,0.11944718657453111,False
1782,2° EM,False,Masculino,12,False,True,True,False,Amarela,Urbana,Aprovado,False,84.0,3.6,Alto,4272.18,0.6,False,False,False,False,False,Médio,Bom,Alta,True,Média,False,False,Baixo,Ruim,Completa,Alta,Regular,0.3948667324777888,True
1783,6° EF,False,Masculino,19,False,True,True,True,Parda,Rural,Aprovado,False,66.4,6.8,Baixo,6687.69,3.0,False,False,False,False,False,Alto,Regular,Média,False,Alta,False,True,Alto,Boa,Parcial,Alta,Regular,0.32379072063178677,True
1784,8° EF,False,Feminino,8,True,True,True,False,Amarela,Urbana,Aprovado,False,95.1,7.2,Médio,8619.8,1.2,False,False,True,False,False,Médio,Regular,Alta,False,Média,True,False,Baixo,Regular,Completa,Média,Regular,0.16238894373149065,True
1785,8° EF,False,Masculino,15,False,True,False,False,Branca,Urbana,Aprovado,False,94.5,7.1,Alto,5465.15,1.2,False,False,False,False,False,Médio,Ruim,Alta,False,Alta,False,False,Alto,Ruim,Completa,Média,Ruim,0.17028627838104643,True
1786,2° EM,False,Feminino,8,False,True,True,False,Parda,Urbana,Aprovado,False,76.5,6.1,Baixo,7268.0,3.0,False,False,False,False,False,Médio,Ruim,Alta,True,Média,False,False,Moderado,Ruim,Parcial,Média,Boa,0.3084896347482725,True
1787,8° EF,False,Masculino,9,False,True,True,False,Parda,Urbana,Aprovado,False,89.6,3.7,Alto,1850.89,0.1,False,False,True,False,False,Alto,Ruim,Alta,False,Média,False,False,Moderado,Boa,Parcial,Alta,Ruim,0.36229022704837127,True
1788,8° EF,False,Masculino,8,True,True,True,False,Branca,Urbana,Evadido,False,87.2,0.8,Médio,2823.55,0.5,False,False,False,False,False,Médio,Bom,Média,False,Alta,False,True,Moderado,Boa,Completa,Alta,Boa,0.5172754195459033,False
1789,1° EF,False,Feminino,14,True,True,True,False,Parda,Urbana,Evadido,False,77.2,9.1,Médio,5144.3,2.0,False,False,False,False,False,Baixo,Bom,Alta,False,Média,True,False,Alto,Regular,Parcial,Alta,Regular,0.15695952615992106,False
1790,7° EF,False,Feminino,9,False,True,False,False,Preta,Urbana,Aprovado,False,99.3,9.1,Médio,1299.01,2.3,False,False,False,False,False,Alto,Bom,Média,True,Alta,True,False,Alto,Boa,Completa,Alta,Regular,0.04787759131293192,False
1791,2° EF,False,Outro,6,False,True,True,False,Branca,Rural,Reprovado,False,80.9,8.2,Baixo,3156.12,2.5,False,False,False,False,False,Médio,Bom,Alta,False,Alta,False,True,Baixo,Regular,Completa,Média,Boa,0.18311944718657458,False
1792,9° EF,False,Masculino,9,False,True,True,False,Parda,Urbana,Aprovado,False,74.2,0.6,Muito baixo,5266.09,1.7,False,False,False,False,False,Baixo,Ruim,Alta,False,Média,False,False,Moderado,Boa,Parcial,Média,Regular,0.5913129318854887,True
1793,7° EF,False,Feminino,11,True,True,True,False,Parda,Urbana,Aprovado,True,90.0,6.4,Médio,1258.73,4.5,False,False,False,False,False,Alto,Bom,Média,False,Média,False,False,Alto,Boa,Parcial,Baixa,Boa,0.39157617637380726,True
1794,9° EF,False,Feminino,12,False,True,True,False,Parda,Urbana,Reprovado,False,93.1,6.5,Alto,3249.37,1.8,False,False,False,False,False,Alto,Ruim,Baixa,True,Média,True,False,Moderado,Ruim,Parcial,Média,Ruim,0.2068114511352419,True
1795,1° EF,False,Feminino,7,False,True,True,False,Parda,Urbana,Aprovado,True,70.8,5.1,Médio,5239.21,1.8,False,False,False,False,False,Alto,Bom,Média,True,Média,True,False,Alto,Regular,Parcial,Baixa,Boa,0.5505100361961173,True
1796,2° EF,False,Feminino,14,False,True,False,False,Parda,Urbana,Aprovado,False,91.4,4.2,Baixo,5710.72,1.2,False,False,False,False,False,Médio,Bom,Alta,False,Alta,False,False,Moderado,Boa,Parcial,Média,Boa,0.32872655478775914,False
1797,9° EF,False,Masculino,14,True,True,True,False,Parda,Urbana,Evadido,False,88.7,9.7,Alto,8523.01,2.1,False,False,True,False,True,Alto,Bom,Alta,False,Alta,False,False,Moderado,Ruim,Completa,Média,Regular,0.07058242843040477,False
1798,1° EF,False,Feminino,12,False,True,True,False,Branca,Urbana,Aprovado,False,76.4,5.0,Baixo,6286.55,2.6,False,False,False,False,False,Médio,Ruim,Baixa,False,Alta,False,False,Alto,Ruim,Completa,Média,Ruim,0.36327739387956565,True
1799,1° EF,False,Feminino,9,False,True,True,False,Parda,Urbana,Aprovado,False,79.4,5.0,Baixo,4447.25,3.2,False,False,False,False,False,Alto,Bom,Alta,False,Baixa,False,False,Moderado,Boa,Insuficiente,Baixa,Boa,0.34846989141164864,True
1800,1° EF,False,Feminino,13,False,True,False,True,Branca,Rural,Aprovado,False,89.4,7.8,Médio,8559.69,0.5,True,True,False,False,False,Alto,Regular,Alta,False,Alta,False,True,Alto,Regular,Completa,Alta,Ruim,0.3254359986837776,False
1801,3° EM,False,Masculino,16,False,True,False,False,Branca,Urbana,Aprovado,False,83.2,7.5,Médio,7399.47,1.8,False,False,True,False,False,Alto,Bom,Baixa,True,Alta,False,False,Alto,Boa,Completa,Alta,Boa,0.20631786771964464,True
1802,9° EF,False,Masculino,18,False,True,True,False,Branca,Urbana,Aprovado,False,98.0,9.7,Médio,2734.63,2.4,False,False,False,False,False,Baixo,Ruim,Alta,True,Baixa,False,True,Moderado,Boa,Completa,Baixa,Boa,0.02467917077986184,False
1803,5° EF,False,Feminino,16,False,True,True,False,Parda,Urbana,Reprovado,False,94.9,6.3,Médio,2182.97,2.6,False,False,False,True,False,Alto,Regular,Média,False,Baixa,False,False,Baixo,Regular,Insuficiente,Média,Ruim,0.5368542283645937,True
1804,4° EF,False,Feminino,18,False,True,True,False,Parda,Rural,Aprovado,False,99.4,3.1,Muito baixo,6529.54,2.0,True,False,False,False,False,Médio,Ruim,Baixa,False,Alta,False,False,Moderado,Regular,Completa,Média,Boa,0.5080618624547549,True
1805,5° EF,False,Feminino,6,False,False,True,False,Parda,Urbana,Evadido,False,82.2,5.4,Médio,5604.92,2.5,True,False,False,False,False,Alto,Ruim,Média,False,Baixa,False,False,Moderado,Regular,Completa,Média,Regular,0.47943402435011523,True
1806,1° EM,False,Masculino,17,False,True,False,False,Branca,Urbana,Em andamento,False,99.0,5.4,Baixo,7437.68,1.2,False,False,False,False,False,Médio,Bom,Média,True,Alta,False,False,Baixo,Boa,Completa,Média,Ruim,0.2319842053307009,False
1807,8° EF,False,Feminino,11,False,True,True,False,Branca,Rural,Aprovado,False,86.5,8.2,Médio,7031.96,3.6,False,False,False,False,False,Médio,Ruim,Baixa,False,Média,False,False,Baixo,Boa,Completa,Alta,Regular,0.1554787759131294,True
1808,3° EF,False,Feminino,6,False,True,False,False,Branca,Urbana,Reprovado,True,84.5,5.9,Muito baixo,6125.96,3.0,False,False,False,False,False,Baixo,Bom,Alta,True,Baixa,False,True,Moderado,Regular,Completa,Alta,Boa,0.44340243501151694,True
1809,3° EF,False,Masculino,17,False,True,True,False,Parda,Urbana,Aprovado,False,72.8,6.5,Baixo,9006.59,0.7,True,False,False,False,False,Médio,Bom,Alta,True,Baixa,True,True,Moderado,Boa,Completa,Baixa,Boa,0.4715366897005594,False
1810,2° EF,False,Masculino,9,False,True,True,False,Não declarada,Urbana,Aprovado,False,73.0,8.3,Alto,5395.2,0.9,True,False,True,False,False,Médio,Bom,Alta,False,Alta,False,True,Alto,Boa,Insuficiente,Baixa,Boa,0.3817045080618625,True
1811,8° EF,False,Feminino,19,False,True,True,True,Branca,Urbana,Em andamento,False,92.1,8.7,Baixo,2041.51,1.0,False,False,False,False,False,Médio,Bom,Alta,False,Alta,False,False,Baixo,Regular,Completa,Alta,Ruim,0.10315893385982239,False
1812,1° EM,False,Feminino,7,False,True,True,False,Branca,Urbana,Aprovado,True,87.1,3.5,Médio,7745.54,2.7,False,False,False,False,False,Alto,Bom,Alta,False,Alta,False,True,Alto,Boa,Insuficiente,Média,Regular,0.5490292859493255,False
1813,4° EF,False,Masculino,9,False,True,True,False,Branca,Urbana,Reprovado,False,81.2,6.3,Médio,3148.13,0.7,False,False,False,False,False,Médio,Regular,Média,True,Baixa,False,False,Alto,Boa,Completa,Média,Ruim,0.2754195459032577,False
1814,1° EF,False,Masculino,14,False,True,True,False,Parda,Urbana,Aprovado,False,90.4,8.3,Médio,7339.01,1.7,False,False,False,False,False,Médio,Bom,Média,False,Baixa,False,False,Alto,Ruim,Completa,Alta,Ruim,0.1312931885488647,False
1815,2° EF,False,Feminino,11,False,True,False,False,Parda,Urbana,Reprovado,False,82.0,9.3,Médio,8773.09,2.5,False,False,False,False,False,Baixo,Bom,Baixa,False,Média,False,False,Alto,Ruim,Parcial,Alta,Ruim,0.12339585389930897,False
1816,3° EM,False,Masculino,17,True,True,True,False,Parda,Urbana,Aprovado,False,89.6,6.2,Muito alto,6696.9,1.9,True,False,True,False,False,Médio,Ruim,Alta,False,Média,False,False,Baixo,Regular,Completa,Alta,Boa,0.4034221783481409,False
1817,4° EF,False,Masculino,12,False,True,True,False,Preta,Urbana,Aprovado,False,84.8,7.0,Muito baixo,5893.22,2.3,False,False,False,False,False,Alto,Regular,Alta,False,Média,False,False,Moderado,Boa,Parcial,Baixa,Regular,0.22309970384995068,True
1818,1° EM,False,Feminino,13,False,True,True,False,Indígena,Urbana,Aprovado,False,95.0,7.1,Baixo,4811.35,0.9,False,False,True,False,False,Médio,Ruim,Alta,True,Alta,False,False,Moderado,Boa,Parcial,Alta,Ruim,0.16781836130306027,False
1819,8° EF,False,Feminino,9,True,True,True,False,Parda,Urbana,Reprovado,False,95.0,6.2,Médio,4045.86,2.6,False,False,False,False,False,Alto,Ruim,Baixa,False,Alta,False,False,Moderado,Boa,Insuficiente,Média,Boa,0.2122408687068115,False
1820,5° EF,False,Feminino,19,False,True,True,False,Parda,Rural,Aprovado,True,87.5,0.1,Alto,3954.9,1.4,False,False,False,False,False,Alto,Bom,Alta,False,Média,False,False,Baixo,Regular,Completa,Baixa,Boa,0.7148733135899968,False
1821,3° EF,False,Feminino,12,False,False,True,False,Branca,Rural,Aprovado,False,84.6,5.7,Médio,6214.98,1.7,False,False,True,False,False,Baixo,Bom,Média,False,Baixa,False,True,Moderado,Regular,Completa,Alta,Boa,0.2882527147087859,False
1822,2° EF,False,Outro,7,False,True,False,False,Parda,Urbana,Aprovado,False,84.9,5.5,Baixo,7131.4,2.2,True,False,False,False,False,Médio,Bom,Alta,True,Alta,False,True,Moderado,Ruim,Parcial,Alta,Regular,0.4611714379730175,False
1823,8° EF,False,Masculino,9,False,True,True,False,Parda,Rural,Aprovado,False,94.6,3.4,Baixo,6551.12,2.1,False,False,False,False,True,Médio,Ruim,Alta,False,Alta,False,False,Moderado,Boa,Completa,Média,Ruim,0.3524185587364265,False
1824,1° EM,False,Feminino,11,False,True,True,False,Parda,Urbana,Aprovado,False,84.1,5.4,Médio,2721.88,2.0,False,False,False,False,False,Médio,Bom,Alta,True,Média,False,False,Alto,Boa,Parcial,Média,Boa,0.3055281342546891,False
1825,8° EF,False,Masculino,13,False,True,True,False,Branca,Urbana,Reprovado,False,80.7,6.2,Médio,5079.34,1.2,False,True,False,False,False,Alto,Bom,Média,False,Média,False,False,Baixo,Regular,Completa,Média,Regular,0.2828232971372162,False
1826,7° EF,False,Masculino,9,True,True,True,False,Parda,Urbana,Evadido,False,75.3,0.7,Baixo,7453.36,1.7,False,True,False,False,False,Baixo,Regular,Média,False,Alta,False,False,Moderado,Boa,Parcial,Alta,Regular,0.5809476801579468,True
1827,1° EF,False,Masculino,6,False,True,True,False,Parda,Urbana,Aprovado,False,87.3,4.1,Baixo,4933.52,2.0,False,False,False,False,False,Alto,Ruim,Baixa,False,Média,False,False,Moderado,Boa,Parcial,Alta,Ruim,0.35389930898321825,False
1828,3° EM,False,Feminino,17,True,True,True,False,Branca,Rural,Reprovado,False,87.6,9.3,Médio,5419.4,0.6,False,False,False,False,False,Baixo,Regular,Alta,True,Baixa,False,False,Alto,Regular,Completa,Baixa,Ruim,0.09575518262586379,False
1829,1° EM,False,Feminino,8,True,True,True,False,Parda,Urbana,Evadido,True,95.5,9.0,Médio,7289.83,1.5,False,False,False,False,False,Baixo,Bom,Média,False,Média,False,True,Alto,Ruim,Completa,Média,Boa,0.23609740046067793,False
1830,4° EF,False,Masculino,18,True,True,False,False,Parda,Urbana,Aprovado,False,81.1,6.3,Baixo,6413.52,2.4,False,False,False,False,False,Médio,Regular,Média,False,Alta,False,True,Moderado,Boa,Completa,Média,Regular,0.275913129318855,False
1831,3° EM,False,Masculino,13,True,True,False,False,Branca,Urbana,Aprovado,False,85.3,3.1,Médio,4404.25,0.7,False,False,False,False,False,Alto,Bom,Alta,False,Alta,False,False,Alto,Boa,Completa,Alta,Boa,0.41312931885488663,True
1832,8° EF,False,Feminino,10,False,True,True,False,Branca,Urbana,Reprovado,True,94.7,8.5,Baixo,8281.03,3.2,False,False,False,False,False,Médio,Bom,Alta,False,Alta,True,False,Moderado,Regular,Completa,Baixa,Boa,0.26472523856531754,True
1833,7° EF,False,Masculino,9,False,True,False,False,Indígena,Urbana,Reprovado,False,95.0,5.6,Médio,2436.0,3.3,False,False,False,False,False,Médio,Bom,Média,True,Média,True,False,Moderado,Regular,Completa,Média,Regular,0.24185587364264569,False
1834,9° EF,False,Feminino,13,False,True,True,False,Branca,Urbana,Evadido,False,85.4,9.1,Muito alto,9079.44,0.8,False,False,False,False,False,Baixo,Regular,Média,True,Baixa,False,False,Alto,Boa,Completa,Média,Boa,0.11648568608094768,False
1835,1° EM,False,Feminino,9,False,True,False,False,Branca,Urbana,Reprovado,False,87.1,8.0,Médio,2087.34,3.4,False,False,False,False,True,Baixo,Bom,Média,False,Média,False,False,Moderado,Boa,Parcial,Média,Ruim,0.16238894373149065,False
1836,8° EF,False,Masculino,13,False,True,True,False,Preta,Rural,Aprovado,False,83.4,8.7,Baixo,1258.64,1.9,False,False,False,False,False,Médio,Bom,Média,True,Alta,False,False,Moderado,Regular,Insuficiente,Alta,Boa,0.14610069101678186,False
1837,2° EF,False,Masculino,14,True,True,True,False,Preta,Urbana,Aprovado,False,97.9,8.6,Alto,8238.01,2.4,False,False,False,False,False,Baixo,Ruim,Baixa,False,Baixa,False,False,Moderado,Regular,Insuficiente,Alta,Regular,0.07946692991115499,False
1838,5° EF,False,Feminino,16,False,True,True,False,Branca,Urbana,Evadido,False,77.2,6.2,Alto,3093.1,1.5,False,False,True,False,False,Médio,Bom,Alta,False,Alta,False,True,Alto,Boa,Parcial,Baixa,Regular,0.30009871668311944,False
1839,2° EM,False,Masculino,11,False,True,True,False,Preta,Rural,Aprovado,False,97.9,9.9,Alto,6959.34,2.9,False,False,False,False,False,Baixo,Bom,Média,True,Alta,False,False,Moderado,Boa,Completa,Alta,Boa,0.01530108588351427,False
1840,3° EF,False,Feminino,9,False,False,True,False,Branca,Urbana,Aprovado,False,91.9,0.3,Baixo,7607.9,2.4,False,False,False,True,False,Baixo,Bom,Alta,False,Baixa,False,False,Alto,Boa,Parcial,Baixa,Boa,0.8478117801908523,True
1841,5° EF,False,Feminino,7,False,True,True,False,Amarela,Urbana,Em andamento,False,88.7,8.6,Médio,7990.5,1.2,False,False,True,False,False,Médio,Regular,Média,False,Baixa,False,True,Alto,Regular,Parcial,Alta,Boa,0.1248766041461007,False
1842,6° EF,False,Masculino,16,False,True,True,False,Branca,Urbana,Em andamento,False,70.8,8.4,Baixo,9048.16,0.8,False,False,True,False,False,Baixo,Bom,Alta,False,Média,False,False,Moderado,Regular,Parcial,Média,Boa,0.22309970384995068,False
1843,6° EF,False,Masculino,7,True,True,True,False,Branca,Urbana,Aprovado,False,87.5,3.8,Alto,3484.6,0.5,False,False,True,False,True,Baixo,Ruim,Alta,False,Alta,False,False,Baixo,Regular,Parcial,Alta,Boa,0.36771964461994083,True
1844,8° EF,False,Masculino,8,True,True,True,False,Amarela,Urbana,Reprovado,False,86.0,7.9,Baixo,6804.16,2.2,False,False,False,False,False,Alto,Regular,Baixa,True,Alta,False,False,Alto,Boa,Parcial,Média,Boa,0.1727541954590326,False
1845,3° EM,False,Masculino,11,False,True,False,False,Parda,Urbana,Evadido,False,79.0,6.7,Médio,2059.81,2.6,True,False,False,False,False,Médio,Bom,Baixa,False,Alta,False,False,Moderado,Boa,Completa,Alta,Boa,0.43106284962158614,True
1846,3° EF,False,Masculino,19,False,True,True,False,Parda,Urbana,Aprovado,False,91.3,4.4,Médio,4384.03,2.7,False,False,False,False,False,Baixo,Regular,Média,False,Média,False,False,Alto,Regular,Completa,Alta,Boa,0.3193484698914117,False
1847,2° EF,False,Masculino,15,True,True,True,False,Branca,Urbana,Reprovado,False,99.0,6.2,Médio,7902.65,1.9,False,False,False,False,False,Baixo,Bom,Alta,True,Alta,True,True,Moderado,Ruim,Completa,Alta,Regular,0.19249753208292203,False
1848,3° EF,False,Feminino,6,False,True,True,False,Não declarada,Urbana,Reprovado,False,89.3,9.0,Muito alto,4071.77,0.8,True,False,False,False,False,Baixo,Bom,Média,True,Alta,False,False,Baixo,Boa,Parcial,Alta,Boa,0.26669957222770657,False
1849,2° EM,False,Masculino,9,False,True,True,False,Amarela,Urbana,Aprovado,True,92.6,6.4,Baixo,5853.86,1.3,False,False,False,False,False,Alto,Bom,Alta,True,Média,False,True,Baixo,Regular,Parcial,Alta,Boa,0.3787430075682791,False
1850,8° EF,False,Feminino,11,False,True,True,False,Preta,Urbana,Aprovado,False,74.2,5.6,Muito alto,5157.4,3.2,False,False,False,False,False,Baixo,Ruim,Baixa,False,Alta,False,False,Moderado,Ruim,Completa,Média,Regular,0.3445212240868707,True
1851,4° EF,False,Masculino,7,True,True,True,False,Preta,Urbana,Evadido,False,86.2,9.3,Alto,6291.38,1.5,False,False,False,False,False,Médio,Bom,Baixa,False,Alta,False,False,Moderado,Ruim,Completa,Média,Boa,0.10266535044422505,False
1852,1° EM,False,Feminino,18,False,True,False,False,Branca,Urbana,Aprovado,False,77.1,8.1,Alto,8899.01,2.1,False,False,False,False,False,Alto,Regular,Alta,False,Alta,False,True,Alto,Boa,Completa,Alta,Boa,0.20681145113524194,True
1853,2° EM,False,Feminino,14,False,True,True,False,Branca,Urbana,Aprovado,False,90.4,0.2,Baixo,1583.94,0.9,False,False,False,False,False,Médio,Bom,Alta,True,Média,False,False,Moderado,Boa,Completa,Média,Regular,0.531095755182626,True
1854,2° EM,False,Masculino,9,False,True,True,False,Parda,Urbana,Evadido,False,98.0,9.3,Muito baixo,5717.2,2.3,True,False,False,False,False,Médio,Ruim,Baixa,True,Média,False,False,Moderado,Ruim,Completa,Baixa,Regular,0.20895031260282987,False
1855,2° EM,False,Masculino,19,False,True,False,False,Branca,Urbana,Aprovado,False,91.4,6.7,Médio,8022.74,1.5,False,False,False,False,False,Médio,Ruim,Média,False,Alta,False,False,Moderado,Regular,Parcial,Alta,Ruim,0.20533070088845012,True
1856,3° EF,False,Masculino,16,False,True,True,False,Parda,Urbana,Aprovado,False,74.8,1.8,Muito baixo,4978.81,3.0,False,False,False,False,False,Médio,Bom,Alta,False,Alta,False,True,Moderado,Ruim,Insuficiente,Média,Boa,0.529121421520237,False
1857,9° EF,False,Feminino,14,False,True,False,False,Branca,Urbana,Aprovado,False,84.7,5.9,Baixo,1765.72,2.8,False,False,False,False,False,Médio,Bom,Alta,True,Média,False,True,Baixo,Ruim,Parcial,Alta,Boa,0.27788746298124384,False
1858,6° EF,False,Masculino,14,True,False,True,False,Parda,Rural,Evadido,False,89.1,4.8,Muito alto,5610.15,1.5,False,False,False,False,False,Alto,Regular,Baixa,False,Alta,False,False,Moderado,Regular,Completa,Baixa,Boa,0.3104639684106615,True
1859,1° EM,False,Feminino,7,False,True,True,False,Indígena,Rural,Reprovado,False,85.9,6.8,Médio,3787.95,1.9,False,False,False,False,False,Alto,Regular,Alta,False,Alta,False,False,Moderado,Boa,Completa,Alta,Regular,0.22754195459032578,True
1860,9° EF,False,Feminino,8,True,True,False,False,Preta,Urbana,Aprovado,False,95.3,7.0,Muito baixo,2375.18,1.4,False,False,False,False,True,Médio,Regular,Média,False,Alta,False,False,Moderado,Boa,Completa,Alta,Boa,0.1712734452122409,False
1861,1° EM,False,Feminino,6,True,True,False,False,Parda,Rural,Reprovado,False,94.8,9.8,Alto,7911.13,0.6,False,False,False,False,False,Alto,Regular,Média,False,Média,False,False,Alto,Regular,Parcial,Média,Boa,0.035538005923000965,False
1862,8° EF,False,Masculino,9,False,False,True,False,Branca,Urbana,Reprovado,False,90.4,3.7,Baixo,5299.57,1.1,False,False,False,False,False,Médio,Regular,Alta,False,Baixa,False,False,Alto,Ruim,Parcial,Alta,Regular,0.35834155972359333,False
1863,3° EF,False,Feminino,7,True,True,False,False,Branca,Urbana,Aprovado,False,85.2,7.4,Muito baixo,8583.03,2.2,False,False,False,False,False,Médio,Regular,Baixa,False,Média,False,True,Moderado,Regular,Completa,Alta,Boa,0.20138203356367226,False
1864,7° EF,False,Masculino,8,True,True,True,False,Branca,Urbana,Aprovado,False,82.1,2.1,Médio,7568.03,2.3,False,False,False,False,False,Baixo,Bom,Alta,False,Média,False,False,Moderado,Boa,Completa,Média,Boa,0.4782823297137217,False
1865,3° EM,False,Feminino,7,True,True,True,False,Branca,Urbana,Aprovado,False,76.5,8.6,Baixo,6666.4,2.1,False,False,False,False,False,Médio,Bom,Baixa,False,Média,False,False,Baixo,Ruim,Completa,Baixa,Ruim,0.18509378084896352,False
1866,3° EM,False,Masculino,12,False,True,False,False,Parda,Urbana,Aprovado,False,84.7,5.3,Baixo,1179.48,1.7,False,False,False,False,False,Alto,Regular,Baixa,False,Média,False,False,Moderado,Boa,Parcial,Alta,Boa,0.3075024679170781,True
1867,1° EF,False,Masculino,6,False,True,True,False,Amarela,Rural,Aprovado,False,86.1,4.1,Médio,4551.63,2.9,False,False,False,False,False,Baixo,Regular,Baixa,False,Média,True,False,Alto,Regular,Parcial,Média,Boa,0.3598223099703851,False
1868,3° EF,False,Masculino,9,False,True,True,False,Branca,Urbana,Aprovado,False,91.7,3.2,Baixo,2714.51,2.1,False,True,True,False,False,Alto,Regular,Baixa,False,Baixa,False,False,Moderado,Boa,Completa,Alta,Ruim,0.3766041461006911,False
1869,2° EF,False,Feminino,9,True,True,True,False,Branca,Urbana,Aprovado,False,91.4,7.6,Alto,8403.74,2.7,False,False,False,False,False,Alto,Regular,Alta,False,Alta,False,False,Alto,Ruim,Insuficiente,Alta,Boa,0.16090819348469892,False
1870,9° EF,False,Masculino,10,True,True,False,False,Parda,Urbana,Reprovado,False,74.4,7.2,Médio,2531.85,0.2,False,False,False,False,False,Médio,Regular,Alta,False,Alta,False,False,Alto,Boa,Completa,Média,Regular,0.26456071076011844,False
1871,1° EM,False,Feminino,12,False,True,True,False,Parda,Urbana,Aprovado,False,85.7,7.5,Alto,3420.96,1.9,False,False,False,False,False,Alto,Regular,Alta,False,Média,False,False,Alto,Regular,Insuficiente,Média,Ruim,0.19397828232971373,False
1872,3° EF,False,Masculino,7,False,True,False,False,Parda,Urbana,Aprovado,False,79.8,7.9,Baixo,5261.59,2.3,False,False,True,False,False,Alto,Bom,Baixa,False,Média,True,False,Alto,Boa,Parcial,Alta,Regular,0.2033563672260612,True
1873,7° EF,False,Feminino,9,False,True,True,False,Parda,Rural,Aprovado,False,78.8,6.2,Médio,3239.94,0.6,False,False,True,False,False,Baixo,Regular,Alta,True,Alta,False,False,Moderado,Boa,Completa,Alta,Boa,0.2922013820335637,False
1874,1° EM,False,Feminino,18,True,True,True,False,Branca,Rural,Reprovado,False,95.1,3.7,Muito baixo,2813.24,1.8,False,False,False,False,False,Médio,Bom,Média,False,Baixa,False,False,Baixo,Boa,Completa,Alta,Ruim,0.3351431391905233,False
1875,9° EF,True,Feminino,13,True,True,False,False,Parda,Rural,Evadido,False,57.7,3.3,Muito baixo,2047.84,2.7,False,False,False,False,False,Médio,Regular,Média,True,Baixa,False,False,Alto,Regular,Parcial,Baixa,Regular,0.5394866732477789,False
1876,7° EF,False,Feminino,11,True,True,True,False,Branca,Urbana,Aprovado,False,86.2,3.4,Muito baixo,1848.68,3.6,False,False,False,False,False,Médio,Regular,Média,True,Alta,True,False,Alto,Boa,Parcial,Média,Boa,0.3938795656465943,True
1877,8° EF,False,Outro,7,True,True,True,True,Branca,Urbana,Aprovado,False,79.3,2.1,Baixo,1603.33,2.4,False,False,True,False,False,Alto,Bom,Alta,False,Alta,False,False,Moderado,Regular,Completa,Alta,Ruim,0.4921026653504443,True
1878,7° EF,False,Masculino,11,False,True,True,False,Branca,Urbana,Evadido,False,96.4,6.5,Baixo,4108.35,2.2,False,False,False,False,False,Médio,Bom,Média,True,Alta,False,False,Baixo,Regular,Parcial,Média,Boa,0.19052319842053306,False
1879,4° EF,False,Feminino,9,False,True,True,False,Parda,Rural,Evadido,False,89.2,6.8,Baixo,6887.28,2.8,False,False,False,False,False,Baixo,Bom,Média,True,Média,False,True,Alto,Boa,Parcial,Média,Boa,0.21125370187561698,False
1880,7° EF,False,Masculino,6,True,True,True,False,Amarela,Urbana,Aprovado,False,81.4,7.6,Médio,5564.43,2.4,False,False,False,False,False,Médio,Regular,Baixa,False,Média,False,False,Alto,Boa,Insuficiente,Média,Boa,0.21026653504442253,True
1881,9° EF,False,Masculino,15,False,True,True,False,Preta,Urbana,Aprovado,False,88.1,7.3,Baixo,4512.18,1.5,False,True,False,False,False,Baixo,Regular,Alta,False,Média,False,False,Alto,Boa,Completa,Alta,Boa,0.19200394866732484,False
1882,2° EM,False,Feminino,19,True,True,False,False,Parda,Rural,Aprovado,False,92.9,6.4,Médio,5651.72,3.1,False,False,False,False,False,Baixo,Ruim,Alta,False,Alta,False,False,Alto,Boa,Completa,Média,Ruim,0.21273445212240868,True
1883,8° EF,False,Feminino,9,False,True,False,False,Amarela,Urbana,Aprovado,False,98.6,8.9,Muito baixo,4054.17,0.9,False,False,False,True,False,Médio,Regular,Alta,False,Alta,False,False,Alto,Boa,Parcial,Baixa,Regular,0.39025995393221463,False
1884,1° EM,False,Masculino,14,False,True,True,False,Parda,Urbana,Reprovado,False,81.1,5.8,Médio,8605.92,2.3,False,False,False,False,False,Médio,Bom,Baixa,False,Alta,False,False,Baixo,Regular,Completa,Alta,Boa,0.3005923000987168,False
1885,2° EF,False,Masculino,11,True,True,False,False,Preta,Urbana,Evadido,False,96.6,3.6,Alto,1577.31,0.5,False,False,False,False,False,Médio,Ruim,Média,False,Alta,False,False,Alto,Boa,Parcial,Média,Regular,0.3326752221125371,True
1886,6° EF,False,Feminino,9,False,True,True,False,Parda,Urbana,Aprovado,False,97.9,6.4,Muito baixo,6510.24,2.2,False,False,False,False,True,Alto,Bom,Baixa,False,Média,False,False,Moderado,Boa,Completa,Média,Boa,0.1880552813425469,False
1887,1° EF,False,Masculino,18,False,True,False,False,Branca,Rural,Aprovado,False,97.4,5.6,Baixo,8248.09,2.2,False,False,False,False,False,Médio,Bom,Alta,False,Média,False,False,Moderado,Boa,Completa,Alta,Boa,0.23000987166831194,False
1888,3° EF,False,Feminino,19,False,True,True,False,Branca,Urbana,Aprovado,False,90.9,5.1,Médio,7551.02,3.7,False,False,False,False,False,Médio,Bom,Média,False,Alta,True,True,Moderado,Ruim,Parcial,Baixa,Boa,0.28677196446199416,False
1889,9° EF,False,Feminino,12,False,True,False,False,Preta,Urbana,Em andamento,False,90.8,6.6,Muito alto,2607.27,0.4,False,False,False,False,False,Alto,Ruim,Alta,False,Média,True,True,Moderado,Regular,Completa,Média,Boa,0.21322803553800598,False
1890,3° EM,False,Feminino,7,False,True,False,False,Parda,Urbana,Aprovado,False,85.9,8.6,Médio,3499.65,1.4,False,False,False,False,False,Médio,Ruim,Baixa,False,Média,False,False,Moderado,Boa,Completa,Média,Boa,0.1386969397828233,False
1891,2° EF,False,Feminino,12,False,False,True,False,Não declarada,Rural,Reprovado,False,93.4,5.1,Médio,6858.43,2.8,False,False,False,False,False,Médio,Ruim,Baixa,False,Média,False,False,Moderado,Ruim,Parcial,Média,Regular,0.27443237907206325,False
1892,5° EF,False,Feminino,18,True,True,False,False,Preta,Rural,Aprovado,False,88.7,7.0,Baixo,1811.53,2.3,False,True,False,False,False,Alto,Bom,Média,False,Alta,False,False,Baixo,Boa,Insuficiente,Baixa,Boa,0.20384995064165845,False
1893,1° EM,False,Masculino,11,False,True,False,False,Preta,Urbana,Aprovado,False,91.8,8.5,Muito alto,7614.65,2.2,False,False,False,False,False,Baixo,Bom,Alta,False,Alta,False,False,Moderado,Boa,Insuficiente,Alta,Ruim,0.11451135241855877,False
1894,3° EF,False,Feminino,14,False,True,False,False,Branca,Urbana,Em andamento,False,86.4,6.8,Baixo,6873.26,1.0,False,False,False,False,False,Médio,Regular,Média,False,Alta,False,False,Baixo,Ruim,Completa,Média,Boa,0.2250740375123396,False
1895,7° EF,False,Masculino,15,False,True,True,False,Branca,Urbana,Aprovado,False,92.9,2.9,Alto,6958.6,1.4,False,False,False,False,False,Médio,Bom,Alta,False,Baixa,False,True,Moderado,Ruim,Completa,Média,Boa,0.3854886475814413,True
1896,9° EF,False,Masculino,17,False,True,True,True,Parda,Urbana,Aprovado,False,95.1,5.4,Médio,1938.91,3.2,False,True,False,False,False,Médio,Regular,Média,True,Alta,False,False,Baixo,Regular,Insuficiente,Média,Regular,0.25123395853899316,False
1897,8° EF,False,Feminino,7,False,True,False,False,Branca,Urbana,Aprovado,False,78.4,6.3,Baixo,6864.11,1.9,False,False,False,False,False,Alto,Regular,Média,False,Baixa,False,False,Alto,Boa,Completa,Alta,Regular,0.28923988153998026,False
1898,3° EF,False,Feminino,12,True,True,True,False,Parda,Urbana,Reprovado,False,95.3,7.0,Baixo,6561.49,2.4,False,False,False,True,False,Alto,Bom,Baixa,True,Alta,False,True,Baixo,Ruim,Parcial,Alta,Ruim,0.5003290556103983,True
1899,5° EF,False,Outro,9,False,True,True,False,Branca,Urbana,Evadido,True,88.9,7.5,Médio,7766.67,1.9,True,False,False,False,False,Médio,Ruim,Baixa,False,Alta,False,False,Alto,Boa,Completa,Média,Ruim,0.5072392234287596,False
1900,1° EM,False,Feminino,10,True,True,True,False,Preta,Urbana,Aprovado,False,95.6,5.5,Baixo,1471.16,0.8,False,False,False,False,False,Médio,Bom,Média,True,Alta,False,False,Moderado,Boa,Completa,Média,Regular,0.24383020730503463,False
1901,7° EF,False,Feminino,16,False,True,True,False,Branca,Urbana,Aprovado,False,86.5,0.6,Alto,1323.73,2.9,False,False,False,False,False,Médio,Bom,Média,False,Média,False,False,Moderado,Boa,Insuficiente,Baixa,Ruim,0.5306021717670287,False
1902,1° EF,False,Masculino,11,False,True,False,False,Parda,Urbana,Aprovado,False,85.3,7.9,Muito baixo,4114.43,2.5,False,True,True,False,False,Médio,Regular,Baixa,False,Média,False,True,Alto,Boa,Insuficiente,Média,Regular,0.17620927936821326,False
1903,1° EM,False,Masculino,6,False,False,True,False,Parda,Urbana,Aprovado,False,97.4,0.5,Muito alto,2326.11,4.3,False,False,False,False,False,Médio,Ruim,Alta,False,Baixa,False,True,Baixo,Boa,Completa,Média,Ruim,0.4817374136229023,False
1904,1° EF,False,Feminino,6,False,True,False,True,Parda,Rural,Aprovado,False,82.0,9.6,Médio,5592.96,1.0,True,False,False,False,False,Alto,Bom,Alta,False,Alta,False,False,Baixo,Ruim,Parcial,Média,Boa,0.2731161566304706,True
1905,9° EF,False,Masculino,13,True,True,True,False,Parda,Rural,Reprovado,False,95.5,5.0,Muito baixo,8455.99,2.8,False,False,True,False,False,Baixo,Ruim,Alta,False,Alta,False,False,Alto,Boa,Completa,Alta,Boa,0.26900296150049363,False
1906,3° EF,False,Masculino,12,True,True,True,False,Branca,Urbana,Aprovado,False,87.7,5.1,Baixo,4261.76,0.7,False,False,False,False,False,Baixo,Bom,Alta,False,Alta,False,False,Baixo,Ruim,Insuficiente,Baixa,Regular,0.3025666337611057,False
1907,3° EM,False,Masculino,8,False,True,True,False,Branca,Urbana,Aprovado,False,88.3,2.2,Baixo,7878.56,2.2,False,False,False,False,False,Médio,Ruim,Alta,True,Alta,False,False,Alto,Boa,Parcial,Baixa,Boa,0.4427443237907207,True
1908,5° EF,False,Masculino,18,True,True,False,False,Amarela,Urbana,Reprovado,False,83.6,6.0,Baixo,1141.32,3.0,False,False,False,False,False,Alto,Regular,Média,False,Alta,False,False,Alto,Ruim,Insuficiente,Alta,Regular,0.27838104639684114,False
1909,4° EF,False,Feminino,9,True,True,False,False,Parda,Urbana,Aprovado,False,89.6,6.9,Baixo,2483.44,0.1,False,False,False,False,False,Alto,Bom,Média,False,Média,False,True,Baixo,Regular,Completa,Alta,Boa,0.20434353405725572,True
1910,2° EF,False,Masculino,6,True,True,False,False,Parda,Rural,Aprovado,False,84.0,8.7,Médio,1382.05,1.8,False,True,False,False,False,Alto,Bom,Baixa,False,Alta,False,False,Baixo,Boa,Completa,Baixa,Boa,0.14313919052319848,True
1911,4° EF,False,Masculino,12,False,True,False,False,Branca,Urbana,Aprovado,False,71.6,5.8,Baixo,3756.64,1.4,False,False,False,False,False,Alto,Ruim,Média,False,Média,False,False,Moderado,Regular,Completa,Média,Regular,0.34748272458045415,False
1912,2° EM,False,Masculino,11,False,True,True,False,Preta,Urbana,Aprovado,False,82.6,6.5,Médio,8382.94,1.3,False,False,False,False,False,Médio,Bom,Alta,False,Alta,False,False,Baixo,Ruim,Parcial,Média,Regular,0.2586377097729517,False
1913,3° EM,False,Masculino,14,False,True,False,True,Parda,Urbana,Evadido,False,64.5,6.7,Médio,1912.67,2.4,False,False,False,False,False,Baixo,Bom,Média,False,Baixa,False,True,Alto,Boa,Parcial,Alta,Boa,0.33810463968410664,False
1914,5° EF,False,Outro,6,False,True,True,False,Branca,Urbana,Aprovado,True,99.3,8.0,Baixo,5976.0,3.1,False,False,False,False,False,Médio,Bom,Alta,False,Média,False,False,Baixo,Boa,Completa,Média,Boa,0.26669957222770657,False
1915,6° EF,False,Masculino,11,False,True,True,False,Branca,Rural,Reprovado,False,98.9,7.3,Médio,4740.44,1.9,False,False,False,False,False,Alto,Regular,Baixa,False,Baixa,False,False,Moderado,Regular,Completa,Média,Boa,0.1386969397828233,False
1916,9° EF,False,Feminino,8,False,True,True,True,Parda,Urbana,Reprovado,False,85.7,5.8,Médio,8624.43,2.2,False,False,False,False,False,Alto,Bom,Baixa,False,Alta,False,False,Moderado,Regular,Insuficiente,Alta,Ruim,0.2778874629812439,True
1917,2° EM,False,Feminino,9,False,True,False,False,Parda,Urbana,Aprovado,False,92.9,6.8,Médio,2116.59,2.1,False,False,False,False,False,Médio,Regular,Baixa,False,Alta,False,False,Moderado,Regular,Completa,Alta,Regular,0.19299111549851927,False
1918,8° EF,False,Feminino,13,False,True,True,False,Parda,Urbana,Aprovado,False,84.5,2.3,Muito alto,2830.49,2.0,False,False,False,False,False,Baixo,Regular,Alta,False,Alta,False,False,Alto,Boa,Completa,Baixa,Regular,0.4565646594274433,True
1919,5° EF,False,Feminino,18,False,True,False,False,Parda,Urbana,Aprovado,False,91.6,9.1,Médio,1375.02,0.9,False,False,False,False,False,Alto,Bom,Média,False,Baixa,False,False,Baixo,Boa,Parcial,Média,Boa,0.08588351431391911,False
1920,5° EF,False,Masculino,18,False,True,True,False,Parda,Urbana,Aprovado,False,94.6,6.7,Baixo,4600.38,3.1,True,False,False,False,False,Médio,Regular,Alta,False,Alta,False,False,Alto,Boa,Parcial,Média,Boa,0.3540638367884173,False
1921,9° EF,False,Feminino,10,False,True,False,False,Preta,Urbana,Reprovado,False,98.3,8.3,Alto,3355.34,2.3,False,False,False,False,False,Baixo,Bom,Média,False,Baixa,False,False,Alto,Boa,Completa,Baixa,Regular,0.09230009871668311,False
1922,1° EF,False,Masculino,7,True,True,True,False,Branca,Urbana,Aprovado,False,85.8,2.3,Médio,8077.6,2.4,False,False,False,False,False,Alto,Regular,Média,False,Alta,False,False,Alto,Ruim,Completa,Alta,Regular,0.45014807502467924,True
1923,8° EF,False,Feminino,17,False,True,False,False,Branca,Rural,Reprovado,False,94.1,8.8,Alto,5964.29,1.2,False,False,False,False,False,Médio,Ruim,Baixa,False,Alta,False,False,Moderado,Boa,Completa,Média,Regular,0.08835143139190524,False
1924,5° EF,False,Masculino,10,False,False,False,False,Parda,Urbana,Em andamento,False,82.4,8.5,Médio,6037.26,1.5,False,False,False,False,False,Baixo,Bom,Média,False,Alta,False,False,Moderado,Regular,Parcial,Baixa,Boa,0.1609081934846989,False
1925,1° EM,False,Feminino,10,False,True,True,False,Não declarada,Urbana,Reprovado,False,99.7,0.1,Baixo,5381.81,1.8,False,False,False,False,False,Alto,Bom,Média,False,Alta,False,False,Alto,Boa,Completa,Média,Ruim,0.49012833168805536,True
1926,2° EF,False,Feminino,9,True,True,True,False,Parda,Urbana,Aprovado,False,69.8,6.4,Alto,1871.98,0.5,False,False,False,False,False,Médio,Ruim,Baixa,False,Baixa,False,True,Alto,Regular,Completa,Alta,Boa,0.3267522211253702,False
1927,7° EF,False,Feminino,9,False,True,True,False,Parda,Urbana,Aprovado,False,90.2,7.9,Muito alto,4688.78,0.3,False,False,False,False,False,Médio,Bom,Alta,False,Média,False,False,Moderado,Regular,Completa,Alta,Boa,0.15202369200394866,False
1928,6° EF,False,Masculino,19,True,True,False,False,Branca,Urbana,Aprovado,False,91.4,5.8,Baixo,9111.25,1.4,False,False,False,False,False,Médio,Bom,Média,False,Alta,False,False,Moderado,Regular,Completa,Alta,Ruim,0.2497532082922014,False
1929,8° EF,False,Feminino,17,False,True,True,False,Branca,Urbana,Aprovado,False,92.0,5.5,Médio,7801.02,2.5,False,False,False,False,False,Alto,Bom,Média,False,Alta,False,False,Alto,Boa,Completa,Alta,Ruim,0.2615992102665351,False
1930,1° EF,False,Feminino,6,False,True,True,False,Parda,Urbana,Aprovado,False,77.3,1.0,Médio,8265.45,1.3,False,False,False,False,False,Médio,Regular,Média,True,Alta,False,False,Moderado,Boa,Parcial,Média,Regular,0.556268509378085,False
1931,7° EF,False,Masculino,15,False,True,True,False,Branca,Rural,Aprovado,False,98.1,1.0,Médio,7705.29,1.0,False,False,False,False,False,Alto,Bom,Alta,True,Média,False,False,Moderado,Ruim,Completa,Baixa,Boa,0.45360315893386,True
1932,7° EF,False,Feminino,11,False,True,True,False,Parda,Urbana,Aprovado,False,79.7,3.1,Muito baixo,1961.24,1.2,False,False,False,False,False,Médio,Regular,Baixa,False,Alta,False,False,Alto,Boa,Completa,Alta,Boa,0.4407699901283318,True
1933,7° EF,False,Feminino,19,False,True,True,False,Branca,Urbana,Reprovado,False,90.6,6.9,Baixo,2953.48,1.5,False,False,False,False,False,Médio,Bom,Média,False,Média,False,False,Alto,Boa,Completa,Baixa,Boa,0.19940769990128335,True
1934,8° EF,False,Feminino,16,False,True,True,False,Branca,Urbana,Aprovado,False,81.1,1.7,Alto,1164.3,1.6,False,True,False,False,False,Alto,Bom,Alta,False,Média,False,False,Moderado,Boa,Parcial,Média,Boa,0.5029615004935836,False
1935,9° EF,False,Feminino,9,False,True,True,False,Branca,Urbana,Aprovado,False,83.5,5.0,Médio,3560.14,4.2,False,False,False,False,False,Baixo,Ruim,Alta,True,Média,False,False,Alto,Ruim,Parcial,Média,Boa,0.32823297137216195,True
1936,1° EM,False,Feminino,16,False,True,True,False,Parda,Urbana,Reprovado,False,89.0,7.1,Baixo,2005.63,3.1,True,False,False,False,False,Alto,Regular,Alta,True,Média,False,True,Alto,Regular,Parcial,Média,Ruim,0.36196117143797313,False
1937,4° EF,False,Masculino,19,False,True,True,False,Preta,Urbana,Reprovado,False,86.2,9.7,Baixo,4910.31,3.0,True,False,False,False,False,Alto,Ruim,Baixa,False,Média,False,True,Moderado,Boa,Parcial,Média,Regular,0.24744981901941437,True
1938,1° EM,False,Masculino,10,True,True,False,False,Parda,Rural,Aprovado,False,79.0,6.1,Alto,6540.03,3.2,False,False,False,False,False,Alto,Bom,Alta,False,Alta,False,False,Alto,Regular,Insuficiente,Média,Regular,0.2961500493583416,False
1939,6° EF,False,Masculino,17,True,True,True,True,Branca,Urbana,Em andamento,True,79.4,8.2,Baixo,8114.28,1.0,False,False,False,False,True,Médio,Bom,Alta,True,Média,False,False,Moderado,Boa,Insuficiente,Média,Boa,0.3550510036196118,True
1940,1° EF,False,Feminino,7,False,True,True,False,Branca,Urbana,Reprovado,False,86.2,7.1,Baixo,7115.01,0.8,False,False,False,False,False,Baixo,Regular,Média,False,Média,False,True,Alto,Regular,Completa,Alta,Boa,0.21125370187561704,False
1941,1° EF,False,Masculino,12,False,True,False,False,Parda,Urbana,Aprovado,False,93.5,2.3,Muito baixo,8625.37,0.9,False,False,False,False,False,Médio,Bom,Média,True,Alta,False,False,Baixo,Regular,Completa,Baixa,Boa,0.4121421520236921,True
1942,4° EF,False,Masculino,6,False,True,False,False,Branca,Rural,Reprovado,False,96.9,6.8,Baixo,1569.28,3.3,False,True,False,False,False,Alto,Bom,Alta,False,Média,False,False,Baixo,Ruim,Parcial,Alta,Regular,0.17324777887462983,False
1943,1° EM,False,Masculino,8,False,True,True,False,Parda,Urbana,Aprovado,False,75.3,4.1,Médio,1236.54,1.5,False,False,False,False,False,Alto,Bom,Média,False,Alta,False,False,Alto,Boa,Completa,Alta,Boa,0.4131293188548865,False
1944,9° EF,False,Feminino,11,False,True,True,False,Branca,Urbana,Aprovado,False,85.6,5.8,Médio,6414.1,0.7,False,False,False,False,False,Médio,Ruim,Alta,False,Média,False,True,Alto,Boa,Insuficiente,Alta,Regular,0.27838104639684114,False
1945,1° EM,False,Masculino,17,True,True,False,False,Parda,Urbana,Aprovado,False,76.2,5.8,Médio,3447.22,1.6,False,False,False,False,False,Médio,Regular,Alta,False,Média,False,False,Moderado,Regular,Completa,Alta,Ruim,0.3247778874629813,True
1946,7° EF,False,Masculino,19,False,True,True,False,Branca,Urbana,Aprovado,False,68.0,2.5,Alto,3161.27,1.8,False,False,True,False,False,Baixo,Ruim,Alta,True,Média,False,False,Baixo,Boa,Insuficiente,Alta,Boa,0.5281342546890425,True
1947,6° EF,False,Feminino,6,False,True,False,False,Parda,Urbana,Aprovado,False,91.4,8.3,Baixo,3778.49,2.3,False,False,False,True,False,Médio,Regular,Alta,False,Média,False,False,Baixo,Ruim,Completa,Média,Ruim,0.45541296479104965,False
1948,2° EF,False,Feminino,19,True,True,True,False,Parda,Urbana,Aprovado,False,90.2,6.7,Alto,3291.24,2.3,True,True,True,False,False,Alto,Ruim,Baixa,True,Alta,False,False,Moderado,Regular,Completa,Média,Boa,0.37578150707469565,False
1949,4° EF,False,Feminino,15,False,True,True,False,Preta,Urbana,Aprovado,False,79.1,8.5,Baixo,5218.51,1.2,False,False,False,False,False,Médio,Bom,Alta,True,Alta,False,False,Alto,Boa,Parcial,Média,Boa,0.17719644619940775,False
1950,6° EF,False,Masculino,6,False,True,True,False,Preta,Rural,Reprovado,False,81.5,6.8,Médio,4649.94,2.7,False,True,False,False,False,Baixo,Regular,Média,True,Alta,False,False,Moderado,Boa,Completa,Média,Ruim,0.2492596248766042,False
1951,2° EF,False,Masculino,10,False,True,False,False,Preta,Rural,Reprovado,False,69.5,7.7,Baixo,5226.43,1.4,False,False,False,False,False,Alto,Regular,Alta,False,Alta,False,False,Moderado,Boa,Completa,Média,Boa,0.26406712734452126,False
1952,3° EF,False,Masculino,18,True,True,True,False,Branca,Urbana,Aprovado,False,95.3,6.6,Baixo,6504.83,1.8,True,False,False,False,False,Alto,Ruim,Média,True,Baixa,False,False,Alto,Regular,Completa,Alta,Regular,0.355544587035209,False
1953,8° EF,False,Feminino,10,False,True,False,False,Branca,Urbana,Aprovado,False,99.2,5.0,Baixo,4227.08,2.7,False,True,False,False,False,Alto,Regular,Alta,False,Alta,False,False,Moderado,Boa,Insuficiente,Baixa,Regular,0.25074037512339586,False
1954,9° EF,False,Masculino,12,False,True,False,False,Branca,Urbana,Aprovado,False,77.9,4.0,Médio,3143.78,1.4,False,False,False,False,False,Médio,Regular,Média,True,Alta,True,False,Moderado,Regular,Parcial,Alta,Boa,0.4052319842053307,False
1955,3° EM,False,Masculino,14,False,True,True,False,Branca,Urbana,Aprovado,False,81.4,6.0,Baixo,2464.98,1.4,False,False,False,False,False,Alto,Regular,Alta,False,Alta,False,False,Alto,Ruim,Completa,Alta,Boa,0.28923988153998026,True
1956,3° EM,False,Feminino,15,False,True,True,False,Branca,Urbana,Aprovado,False,96.1,8.2,Alto,3926.74,2.6,False,False,False,False,False,Médio,Regular,Alta,True,Alta,False,False,Moderado,Ruim,Completa,Alta,Boa,0.10809476801579475,False
1957,8° EF,False,Masculino,7,False,True,False,False,Parda,Rural,Aprovado,False,97.7,5.1,Baixo,7055.9,1.1,False,False,True,False,False,Médio,Regular,Baixa,True,Alta,False,True,Moderado,Regular,Completa,Média,Ruim,0.2532082922013821,True
1958,6° EF,False,Feminino,7,False,True,True,False,Parda,Rural,Aprovado,False,86.2,1.2,Médio,7174.73,1.6,True,False,False,True,False,Médio,Bom,Média,False,Alta,False,True,Baixo,Boa,Completa,Média,Boa,0.9960513326752222,True
1959,8° EF,False,Masculino,10,False,True,True,False,Branca,Urbana,Reprovado,False,72.8,7.4,Médio,6458.5,2.6,False,False,False,False,False,Médio,Regular,Baixa,False,Média,False,False,Moderado,Boa,Parcial,Alta,Boa,0.26258637709772953,False
1960,1° EM,False,Feminino,12,True,True,True,False,Preta,Urbana,Aprovado,False,71.6,2.1,Baixo,3005.96,4.1,False,False,False,False,False,Médio,Bom,Média,False,Alta,True,False,Alto,Boa,Completa,Alta,Boa,0.5301085883514315,True
1961,2° EF,False,Masculino,6,False,True,False,False,Parda,Rural,Aprovado,False,89.6,9.1,Médio,5829.86,2.6,False,False,True,False,False,Alto,Bom,Alta,False,Média,False,False,Baixo,Regular,Completa,Baixa,Boa,0.09575518262586383,False
1962,5° EF,False,Masculino,16,False,True,True,False,Amarela,Rural,Em andamento,False,85.6,0.4,Médio,5691.11,2.5,True,False,False,False,True,Alto,Ruim,Média,True,Alta,False,False,Moderado,Regular,Completa,Média,Boa,0.7094438960184273,True
1963,1° EM,True,Masculino,18,True,True,False,True,Parda,Urbana,Evadido,True,56.0,7.8,Baixo,1655.32,3.5,False,False,True,False,False,Alto,Ruim,Média,True,Média,False,True,Moderado,Boa,Completa,Baixa,Ruim,0.4902928594932545,False
1964,5° EF,False,Feminino,9,False,True,False,False,Branca,Rural,Evadido,False,89.8,9.6,Baixo,5525.92,0.9,True,False,False,False,False,Baixo,Bom,Média,True,Média,False,True,Baixo,Regular,Completa,Média,Ruim,0.23461665021388625,False
1965,7° EF,False,Feminino,12,False,True,True,False,Preta,Urbana,Aprovado,False,66.5,7.5,Baixo,5061.82,2.1,True,False,False,False,False,Médio,Regular,Alta,True,Alta,False,True,Moderado,Boa,Parcial,Alta,Ruim,0.4532741033234617,True
1966,7° EF,False,Feminino,11,False,True,True,False,Preta,Urbana,Aprovado,False,94.2,9.3,Baixo,5649.37,2.0,True,True,False,False,False,Baixo,Regular,Média,False,Baixa,False,False,Baixo,Boa,Completa,Baixa,Regular,0.22770648239552482,False
1967,3° EF,False,Masculino,6,False,True,False,False,Parda,Urbana,Aprovado,False,83.5,8.0,Baixo,6846.13,2.3,False,False,False,False,False,Médio,Ruim,Baixa,False,Alta,False,False,Moderado,Regular,Completa,Média,Boa,0.18015794669299115,False
1968,5° EF,False,Feminino,6,False,True,True,False,Branca,Urbana,Aprovado,False,71.7,5.2,Alto,2013.77,2.1,False,False,False,False,False,Médio,Bom,Baixa,False,Média,True,False,Moderado,Regular,Completa,Alta,Regular,0.3766041461006911,True
1969,4° EF,False,Feminino,8,False,True,False,False,Parda,Urbana,Aprovado,False,89.9,6.2,Alto,7118.27,2.4,False,False,False,True,False,Alto,Ruim,Média,False,Baixa,False,True,Baixo,Ruim,Parcial,Alta,Boa,0.5664692333004279,True
1970,1° EF,False,Masculino,19,False,True,True,False,Parda,Urbana,Aprovado,False,85.7,6.0,Médio,2223.2,1.7,False,False,False,False,False,Baixo,Bom,Alta,True,Baixa,False,False,Alto,Ruim,Completa,Alta,Ruim,0.26801579466929915,False
1971,1° EF,False,Masculino,16,False,True,True,False,Parda,Urbana,Aprovado,False,99.1,6.3,Médio,1670.81,2.1,True,False,False,False,False,Alto,Bom,Média,False,Alta,False,False,Moderado,Regular,Completa,Alta,Regular,0.3515959197104312,False
1972,1° EM,False,Masculino,11,True,True,True,False,Parda,Urbana,Aprovado,False,88.9,7.5,Muito baixo,8924.42,0.8,True,False,False,False,False,Baixo,Bom,Baixa,False,Alta,False,False,Alto,Boa,Completa,Alta,Regular,0.3427114182296809,False
1973,4° EF,False,Outro,13,False,True,True,False,Parda,Urbana,Aprovado,False,82.7,5.3,Médio,8772.17,1.7,False,False,False,False,False,Alto,Bom,Alta,True,Baixa,False,False,Alto,Boa,Completa,Alta,Ruim,0.3173741362290228,False
1974,7° EF,False,Feminino,17,False,True,False,False,Branca,Urbana,Aprovado,False,92.5,9.2,Médio,1621.43,3.4,False,False,True,False,False,Alto,Bom,Baixa,True,Média,True,False,Moderado,Boa,Parcial,Média,Ruim,0.07650542941757162,False
1975,4° EF,False,Masculino,10,False,False,False,False,Não declarada,Rural,Aprovado,False,82.6,7.8,Baixo,4674.7,2.3,False,False,False,False,False,Alto,Bom,Média,False,Alta,False,True,Alto,Boa,Parcial,Alta,Boa,0.194471865745311,False
1976,3° EM,False,Feminino,11,True,True,True,False,Preta,Urbana,Aprovado,False,97.1,7.2,Médio,2624.85,2.0,False,False,False,False,True,Alto,Bom,Alta,False,Alta,True,False,Moderado,Regular,Completa,Média,Boa,0.15251727541954593,False
1977,4° EF,False,Feminino,14,False,True,True,True,Preta,Urbana,Reprovado,False,85.2,7.2,Médio,5010.41,3.9,False,False,False,False,False,Alto,Regular,Alta,False,Alta,False,False,Alto,Regular,Completa,Alta,Boa,0.21125370187561698,False
1978,6° EF,False,Feminino,8,False,True,False,False,Branca,Rural,Aprovado,False,89.1,8.6,Médio,7760.73,0.6,False,False,False,False,False,Baixo,Ruim,Média,False,Alta,False,False,Baixo,Ruim,Parcial,Alta,Boa,0.1229022704837118,False
1979,2° EM,True,Feminino,9,True,False,True,False,Preta,Urbana,Evadido,False,58.6,6.7,Baixo,3249.38,1.9,False,False,False,False,False,Baixo,Regular,Alta,False,Alta,False,False,Moderado,Regular,Completa,Baixa,Ruim,0.3672260612043436,False
1980,1° EM,False,Masculino,9,False,True,True,False,Parda,Urbana,Aprovado,False,86.4,0.2,Baixo,6198.07,3.7,False,False,False,False,False,Médio,Bom,Média,True,Baixa,True,False,Baixo,Ruim,Parcial,Baixa,Boa,0.5508390918065155,True
1981,3° EF,False,Feminino,19,False,True,True,True,Parda,Urbana,Reprovado,False,95.3,7.9,Alto,3962.08,2.0,False,False,True,False,False,Baixo,Regular,Baixa,True,Média,False,False,Alto,Regular,Parcial,Alta,Boa,0.12685093780848966,False
1982,1° EM,True,Masculino,7,False,True,False,False,Parda,Rural,Evadido,False,83.4,2.3,Muito baixo,2062.29,2.8,False,False,False,False,False,Médio,Regular,Alta,True,Alta,False,True,Baixo,Regular,Completa,Média,Regular,0.4619940769990128,True
1983,6° EF,False,Feminino,15,True,True,True,False,Branca,Urbana,Em andamento,False,81.2,7.1,Baixo,3627.86,0.8,True,False,False,False,False,Alto,Bom,Alta,False,Alta,False,False,Alto,Boa,Completa,Baixa,Ruim,0.4004606778545575,False
1984,6° EF,False,Masculino,12,True,True,False,False,Parda,Urbana,Aprovado,False,81.2,5.1,Muito alto,8395.97,2.4,False,False,False,False,False,Alto,Regular,Baixa,True,Alta,False,False,Alto,Boa,Completa,Baixa,Boa,0.33464955577492606,False
1985,2° EF,False,Masculino,12,False,True,False,False,Parda,Urbana,Aprovado,False,94.9,6.8,Médio,8081.54,2.5,False,False,False,False,False,Alto,Regular,Média,True,Alta,False,False,Baixo,Regular,Completa,Alta,Ruim,0.18311944718657452,True
1986,2° EF,False,Feminino,17,False,True,True,False,Branca,Urbana,Aprovado,False,97.8,8.9,Médio,5591.74,0.9,False,False,False,False,False,Médio,Ruim,Baixa,False,Baixa,False,True,Moderado,Boa,Completa,Baixa,Regular,0.06515301085883515,False
1987,9° EF,False,Masculino,13,False,True,False,False,Branca,Urbana,Aprovado,False,76.0,4.5,Baixo,3729.93,1.9,False,True,False,False,False,Alto,Bom,Alta,False,Média,True,False,Alto,Boa,Completa,Alta,Boa,0.38993089832181643,False
1988,6° EF,False,Masculino,11,False,True,True,False,Branca,Urbana,Aprovado,False,86.9,5.3,Médio,3479.42,1.7,True,False,False,False,False,Alto,Bom,Média,False,Média,False,False,Moderado,Boa,Completa,Baixa,Boa,0.4611714379730175,True
1989,6° EF,False,Masculino,14,True,True,True,False,Parda,Urbana,Aprovado,False,84.3,9.3,Baixo,1405.94,2.3,False,False,False,True,False,Alto,Regular,Alta,False,Média,False,False,Alto,Regular,Parcial,Alta,Boa,0.44109904573872993,False
1990,9° EF,False,Masculino,7,False,True,False,False,Parda,Urbana,Reprovado,False,96.2,9.1,Médio,7646.22,0.9,False,False,False,False,False,Médio,Bom,Baixa,False,Alta,False,True,Moderado,Boa,Completa,Baixa,Boa,0.06317867719644622,False
1991,1° EM,False,Feminino,11,False,True,True,False,Parda,Urbana,Reprovado,True,75.3,5.4,Médio,4731.57,3.3,False,False,False,False,False,Médio,Regular,Alta,True,Alta,False,False,Baixo,Regular,Completa,Média,Regular,0.5134912800263245,False
1992,2° EF,False,Feminino,12,True,True,True,False,Amarela,Urbana,Aprovado,False,80.8,7.7,Baixo,3732.6,2.9,False,False,False,False,False,Baixo,Bom,Média,False,Baixa,False,True,Baixo,Boa,Parcial,Média,Boa,0.20829220138203358,False
1993,8° EF,False,Masculino,16,True,True,True,False,Branca,Urbana,Aprovado,False,93.4,6.6,Muito baixo,4896.88,1.6,False,False,False,False,False,Alto,Bom,Alta,False,Média,False,False,Alto,Boa,Completa,Baixa,Ruim,0.2003948667324778,False
1994,2° EF,False,Masculino,7,False,True,False,False,Parda,Rural,Aprovado,False,72.8,8.4,Muito alto,7669.49,1.8,False,False,False,True,False,Baixo,Regular,Baixa,False,Baixa,False,False,Alto,Boa,Completa,Média,Boa,0.5422836459361633,False
1995,9° EF,False,Masculino,6,False,True,False,False,Parda,Urbana,Aprovado,False,87.8,9.5,Muito baixo,2133.3,1.9,False,False,False,False,False,Alto,Bom,Alta,True,Alta,False,False,Baixo,Ruim,Completa,Média,Boa,0.08489634748272461,False
1996,8° EF,False,Masculino,9,False,True,True,False,Parda,Rural,Aprovado,False,86.7,7.7,Baixo,7979.89,1.2,False,False,True,False,False,Baixo,Bom,Alta,True,Alta,False,True,Moderado,Regular,Completa,Média,Ruim,0.17917077986179664,False
1997,3° EM,False,Feminino,17,True,True,True,False,Parda,Rural,Evadido,False,84.2,5.6,Baixo,8297.75,1.6,True,False,False,False,False,Alto,Bom,Baixa,False,Média,False,True,Alto,Boa,Completa,Alta,Boa,0.4596906877262258,True
1998,1° EF,False,Masculino,7,True,True,False,True,Branca,Urbana,Aprovado,False,85.7,1.4,Médio,8690.15,1.7,False,False,False,False,False,Alto,Ruim,Média,True,Alta,False,False,Alto,Boa,Parcial,Média,Regular,0.49506416584402774,True
1999,1° EF,False,Feminino,7,True,True,True,False,Branca,Urbana,Aprovado,False,88.6,5.9,Médio,4309.68,3.6,False,False,True,False,False,Médio,Bom,Baixa,False,Alta,False,False,Moderado,Boa,Completa,Alta,Regular,0.2586377097729517,False
2000,4° EF,False,Feminino,8,False,True,True,False,Branca,Rural,Aprovado,False,79.0,7.3,Muito baixo,2871.27,2.9,False,False,False,False,False,Médio,Ruim,Média,True,Alta,False,False,Baixo,Regular,Completa,Alta,Boa,0.2369200394866733,False
